"","X","logFC","logCPM","PValue","symbol","name","entrez"
"ENSMUSG00000000120","ENSMUSG00000000120",1.70294465432268,2.09414152954525,6.30100253880292e-10,"Ngfr","nerve growth factor receptor (TNFR superfamily, member 16)",18053
"ENSMUSG00000000125","ENSMUSG00000000125",1.06790389362692,4.18589123480873,1.31250401217819e-09,"Wnt3","wingless-type MMTV integration site family, member 3",22415
"ENSMUSG00000000154","ENSMUSG00000000154",1.48581516070402,0.803104898508275,1.54594117416486e-13,"Slc22a18","solute carrier family 22 (organic cation transporter), member 18",18400
"ENSMUSG00000000567","ENSMUSG00000000567",1.33496924483867,4.99686374042712,4.81485057783111e-16,"Sox9","SRY (sex determining region Y)-box 9",20682
"ENSMUSG00000000791","ENSMUSG00000000791",1.66255772866284,3.43266896099723,2.46697896491916e-08,"Il12rb1","interleukin 12 receptor, beta 1",16161
"ENSMUSG00000000938","ENSMUSG00000000938",3.47553164121013,3.00842423835217,2.71588620117058e-05,"Hoxa10","homeobox A10",15395
"ENSMUSG00000001025","ENSMUSG00000001025",2.37252410876339,6.74882144461999,1.42644884818449e-122,"S100a6","S100 calcium binding protein A6 (calcyclin)",20200
"ENSMUSG00000001131","ENSMUSG00000001131",4.13266260731425,3.21068073417968,2.63265146518231e-83,"Timp1","tissue inhibitor of metalloproteinase 1",21857
"ENSMUSG00000001506","ENSMUSG00000001506",-1.12831374101309,4.65720140419752,0.00932277308882901,"Col1a1","collagen, type I, alpha 1",12842
"ENSMUSG00000001555","ENSMUSG00000001555",1.21140222883132,2.44819791573685,1.82595642487072e-11,"Fkbp10","FK506 binding protein 10",14230
"ENSMUSG00000001566","ENSMUSG00000001566",-1.72141935627104,1.00684384302471,2.90049015031376e-12,"Mnx1","motor neuron and pancreas homeobox 1",15285
"ENSMUSG00000001864","ENSMUSG00000001864",-1.17686696051865,4.24358176031415,2.44029475133721e-09,"Aif1l","allograft inflammatory factor 1-like",108897
"ENSMUSG00000002289","ENSMUSG00000002289",1.70681649810835,2.02567958078677,3.34505333059812e-18,"Angptl4","angiopoietin-like 4",57875
"ENSMUSG00000002831","ENSMUSG00000002831",5.08580251615799,6.54947159351295,1.33814587019504e-23,"Plin4","perilipin 4",57435
"ENSMUSG00000002847","ENSMUSG00000002847",1.47569621826397,0.922454599488022,5.40274308701425e-06,"Pla1a","phospholipase A1 member A",85031
"ENSMUSG00000002910","ENSMUSG00000002910",1.6083632875903,5.40318252780285,5.5163870777779e-09,"Arrdc2","arrestin domain containing 2",70807
"ENSMUSG00000003341","ENSMUSG00000003341",-1.06625759982071,1.02481307293577,5.98195430642934e-08,"Atp8b3","ATPase, class I, type 8B, member 3",67331
"ENSMUSG00000003500","ENSMUSG00000003500",-1.22333953277597,5.21512273854298,1.7876327772815e-30,"Impdh1","inosine 5'-phosphate dehydrogenase 1",23917
"ENSMUSG00000003526","ENSMUSG00000003526",1.67594364862709,5.16295385355983,1.46863786594193e-18,"Prodh","proline dehydrogenase",19125
"ENSMUSG00000003849","ENSMUSG00000003849",1.12327669199984,3.8235519963033,7.83616127671266e-18,"Nqo1","NAD(P)H dehydrogenase, quinone 1",18104
"ENSMUSG00000004098","ENSMUSG00000004098",2.60615853435782,4.40505657699279,3.40473964128338e-27,"Col5a3","collagen, type V, alpha 3",53867
"ENSMUSG00000005397","ENSMUSG00000005397",-1.31183157505862,5.29425034545011,5.37765414721566e-07,"Nid1","nidogen 1",18073
"ENSMUSG00000005611","ENSMUSG00000005611",-1.18787213725207,3.35295630689858,9.63542634890088e-12,"Mrvi1","MRV integration site 1",17540
"ENSMUSG00000006143","ENSMUSG00000006143",2.16040308416125,0.658337284430687,1.16803390136602e-08,"Upk3bl","uroplakin 3B-like",69665
"ENSMUSG00000006205","ENSMUSG00000006205",1.07394110231634,8.65649056083662,1.0547102351459e-15,"Htra1","HtrA serine peptidase 1",56213
"ENSMUSG00000006221","ENSMUSG00000006221",2.74797136331076,1.15109656065373,2.77693443608477e-09,"Hspb7","heat shock protein family, member 7 (cardiovascular)",29818
"ENSMUSG00000006342","ENSMUSG00000006342",-1.416621181272,5.49248559580608,5.91399814607431e-31,"Susd2","sushi domain containing 2",71733
"ENSMUSG00000006457","ENSMUSG00000006457",1.95815154476071,2.05744753290322,0.00319094060092556,"Actn3","actinin alpha 3",11474
"ENSMUSG00000006469","ENSMUSG00000006469",-1.29743205630447,1.3866443281998,4.07558498195687e-06,"Slc34a3","solute carrier family 34 (sodium phosphate), member 3",142681
"ENSMUSG00000007030","ENSMUSG00000007030",-1.62246140819253,3.11728039319378,2.36139169416172e-21,"Vwa7","von Willebrand factor A domain containing 7",27762
"ENSMUSG00000007877","ENSMUSG00000007877",2.53145537902097,0.861061845078852,0.00591499155137865,"Tcap","titin-cap",21393
"ENSMUSG00000007888","ENSMUSG00000007888",2.54248132083563,1.97780061388991,8.46119197788793e-36,"Crlf1","cytokine receptor-like factor 1",12931
"ENSMUSG00000008540","ENSMUSG00000008540",1.41130031833331,5.18463601400071,7.74580411531211e-29,"Mgst1","microsomal glutathione S-transferase 1",56615
"ENSMUSG00000009092","ENSMUSG00000009092",-1.23467030931025,0.784295902685596,2.21476605138781e-06,"Derl3","Der1-like domain family, member 3",70377
"ENSMUSG00000009281","ENSMUSG00000009281",1.13690733343075,2.71886887505825,6.17820306382437e-13,"Rarres2","retinoic acid receptor responder (tazarotene induced) 2",71660
"ENSMUSG00000009376","ENSMUSG00000009376",1.57198131201075,2.76595716554032,3.34439336458212e-25,"Met","met proto-oncogene",17295
"ENSMUSG00000009670","ENSMUSG00000009670",1.10984433699923,0.581907333475461,2.42554801069639e-05,"Tex11","testis expressed gene 11",83558
"ENSMUSG00000010021","ENSMUSG00000010021",-1.16903769605114,3.37898995709979,2.98338089685091e-07,"Kif19a","kinesin family member 19A",286942
"ENSMUSG00000010358","ENSMUSG00000010358",1.14725876130547,2.4548326696319,5.92856599122916e-11,"Ifi35","interferon-induced protein 35",70110
"ENSMUSG00000010825","ENSMUSG00000010825",-1.70299016631714,2.06984756022528,1.26994354969792e-18,"Grid2ip","glutamate receptor, ionotropic, delta 2 (Grid2) interacting protein 1",170935
"ENSMUSG00000011171","ENSMUSG00000011171",-1.76337040118829,2.19302000241216,2.13168409805048e-10,"Vipr2","vasoactive intestinal peptide receptor 2",22355
"ENSMUSG00000011256","ENSMUSG00000011256",-1.56251141305272,4.90409169115981,7.53686126325218e-17,"Adam19","a disintegrin and metallopeptidase domain 19 (meltrin beta)",11492
"ENSMUSG00000012428","ENSMUSG00000012428",2.29987719426351,1.10818836429404,4.09254539635882e-07,"Steap4","STEAP family member 4",117167
"ENSMUSG00000015224","ENSMUSG00000015224",1.02251911519141,5.87316279215147,6.88427664205085e-17,"Cyp2j9","cytochrome P450, family 2, subfamily j, polypeptide 9",74519
"ENSMUSG00000017002","ENSMUSG00000017002",-1.02654103938527,1.6982533892222,6.04585138253449e-05,"Slpi","secretory leukocyte peptidase inhibitor",20568
"ENSMUSG00000017734","ENSMUSG00000017734",1.00835430555804,7.58307528806727,9.07583759079357e-08,"Dbndd2","dysbindin (dystrobrevin binding protein 1) domain containing 2",52840
"ENSMUSG00000017737","ENSMUSG00000017737",-1.50120906950794,2.64872964917304,1.44384230205106e-12,"Mmp9","matrix metallopeptidase 9",17395
"ENSMUSG00000018339","ENSMUSG00000018339",1.78157500052196,5.81127385876133,2.39950881402224e-17,"Gpx3","glutathione peroxidase 3",14778
"ENSMUSG00000018566","ENSMUSG00000018566",2.70190394711837,3.83139365481356,3.14540394855016e-27,"Slc2a4","solute carrier family 2 (facilitated glucose transporter), member 4",20528
"ENSMUSG00000018822","ENSMUSG00000018822",1.31278795187278,3.46565181869809,9.41511194179638e-17,"Sfrp5","secreted frizzled-related sequence protein 5",54612
"ENSMUSG00000018893","ENSMUSG00000018893",2.10459758974874,2.00835985401242,0.0208060876611567,"Mb","myoglobin",17189
"ENSMUSG00000019232","ENSMUSG00000019232",2.92324870924543,6.74054500322206,3.18946173425198e-22,"Etnppl","ethanolamine phosphate phospholyase",71760
"ENSMUSG00000019577","ENSMUSG00000019577",1.77926598938116,6.1871945861598,1.69537571906581e-13,"Pdk4","pyruvate dehydrogenase kinase, isoenzyme 4",27273
"ENSMUSG00000019848","ENSMUSG00000019848",-1.58128810706337,1.59208339768467,2.35630512475559e-21,"Popdc3","popeye domain containing 3",78977
"ENSMUSG00000019989","ENSMUSG00000019989",-1.13293882494066,1.2560305318918,3.12929046599208e-06,"Enpp3","ectonucleotide pyrophosphatase/phosphodiesterase 3",209558
"ENSMUSG00000020017","ENSMUSG00000020017",2.97284422178867,0.512226361489396,1.51314374121051e-30,"Hal","histidine ammonia lyase",15109
"ENSMUSG00000020061","ENSMUSG00000020061",1.33188099350556,2.79147280819764,4.63140542243628e-08,"Mybpc1","myosin binding protein C, slow-type",109272
"ENSMUSG00000020099","ENSMUSG00000020099",-1.12804218123635,6.28269922016618,6.44699718239782e-11,"Unc5b","unc-5 netrin receptor B",107449
"ENSMUSG00000020150","ENSMUSG00000020150",-1.16478099811216,4.50355615922314,3.91411956567559e-06,"Gamt","guanidinoacetate methyltransferase",14431
"ENSMUSG00000020182","ENSMUSG00000020182",1.87764709258737,5.35207498802854,3.08993804692484e-11,"Ddc","dopa decarboxylase",13195
"ENSMUSG00000020282","ENSMUSG00000020282",1.04499563781328,4.25946532392332,3.86419614283808e-17,"Rhbdf1","rhomboid 5 homolog 1",13650
"ENSMUSG00000020334","ENSMUSG00000020334",1.30443438569915,5.39702795660793,1.12136713692368e-28,"Slc22a4","solute carrier family 22 (organic cation transporter), member 4",30805
"ENSMUSG00000020363","ENSMUSG00000020363",1.55528925919735,3.09985431109854,6.79343577558801e-17,"Gfpt2","glutamine fructose-6-phosphate transaminase 2",14584
"ENSMUSG00000020411","ENSMUSG00000020411",-1.01842252149132,4.70454530471579,1.20564628436641e-06,"Nipal4","NIPA-like domain containing 4",214112
"ENSMUSG00000020424","ENSMUSG00000020424",1.05773487590953,3.64302426075126,4.45870249910917e-10,"Gatsl3","GATS protein-like 3",71962
"ENSMUSG00000020641","ENSMUSG00000020641",2.32079867409268,2.25115372696967,2.11041638819689e-08,"Rsad2","radical S-adenosyl methionine domain containing 2",58185
"ENSMUSG00000020672","ENSMUSG00000020672",1.1555749082248,0.735894180697008,1.41853810362003e-08,"Sntg2","syntrophin, gamma 2",268534
"ENSMUSG00000021070","ENSMUSG00000021070",1.36759987571816,3.23697422273715,3.93195732466205e-05,"Bdkrb2","bradykinin receptor, beta 2",12062
"ENSMUSG00000021091","ENSMUSG00000021091",3.57496970119799,8.81769324207272,1.11425615079487e-207,"Serpina3n","serine (or cysteine) peptidase inhibitor, clade A, member 3N",20716
"ENSMUSG00000021186","ENSMUSG00000021186",1.1499744255637,3.9021692252256,4.77018771083153e-06,"Fbln5","fibulin 5",23876
"ENSMUSG00000021213","ENSMUSG00000021213",1.02574886360686,0.551591122988711,4.02020313491398e-06,"Akr1c13","aldo-keto reductase family 1, member C13",27384
"ENSMUSG00000021281","ENSMUSG00000021281",1.00289283414805,1.78309133727679,5.7698593463672e-06,"Tnfaip2","tumor necrosis factor, alpha-induced protein 2",21928
"ENSMUSG00000021367","ENSMUSG00000021367",1.23330801794214,2.28407473091364,2.04709478371319e-08,"Edn1","endothelin 1",13614
"ENSMUSG00000021594","ENSMUSG00000021594",-1.27964325259706,4.42034090158546,1.28386159157433e-10,"Srd5a1","steroid 5 alpha-reductase 1",78925
"ENSMUSG00000021647","ENSMUSG00000021647",1.08371321266416,3.75635790935818,7.68665617167946e-06,"Cartpt","CART prepropeptide",27220
"ENSMUSG00000021697","ENSMUSG00000021697",-1.98755081281886,1.78116965258307,7.20805119264346e-11,"Depdc1b","DEP domain containing 1B",218581
"ENSMUSG00000021763","ENSMUSG00000021763",1.17447039167371,1.32874090956328,3.65014505884492e-09,"BC067074","cDNA sequence BC067074",408066
"ENSMUSG00000021903","ENSMUSG00000021903",2.36239775660433,5.6903390309623,1.90135378713846e-21,"Galnt15","UDP-N-acetyl-alpha-D-galactosamine:polypeptide N-acetylgalactosaminyltransferase 15",78754
"ENSMUSG00000021919","ENSMUSG00000021919",-1.29641360193595,4.64745284185567,3.93997402499412e-14,"Chat","choline acetyltransferase",12647
"ENSMUSG00000021974","ENSMUSG00000021974",-1.00401667029675,4.75263740302132,4.23917391004881e-16,"Fgf9","fibroblast growth factor 9",14180
"ENSMUSG00000022015","ENSMUSG00000022015",5.70190976315013,1.06334489003761,3.23700649547658e-14,"Tnfsf11","tumor necrosis factor (ligand) superfamily, member 11",21943
"ENSMUSG00000022033","ENSMUSG00000022033",1.40943189348098,0.755840843308351,0.0338441685414458,"Pbk","PDZ binding kinase",52033
"ENSMUSG00000022037","ENSMUSG00000022037",1.27111463049268,10.1166321198663,3.37356302173847e-33,"Clu","clusterin",12759
"ENSMUSG00000022146","ENSMUSG00000022146",2.61419873048052,4.29154595865954,1.09015471345501e-42,"Osmr","oncostatin M receptor",18414
"ENSMUSG00000022309","ENSMUSG00000022309",1.66071665402261,3.97641178316247,4.90133663068203e-20,"Angpt1","angiopoietin 1",11600
"ENSMUSG00000022468","ENSMUSG00000022468",2.4802965676035,3.00973898698524,1.30619138106412e-26,"Endou","endonuclease, polyU-specific",19011
"ENSMUSG00000022469","ENSMUSG00000022469",1.10518307454246,5.54387937954762,6.80696282635257e-14,"Rapgef3","Rap guanine nucleotide exchange factor (GEF) 3",223864
"ENSMUSG00000022479","ENSMUSG00000022479",-1.19724352072968,1.67125705285777,3.22186921790788e-07,"Vdr","vitamin D receptor",22337
"ENSMUSG00000022483","ENSMUSG00000022483",-2.46918059925149,1.4217547342113,0.0012326873554359,"Col2a1","collagen, type II, alpha 1",12824
"ENSMUSG00000022485","ENSMUSG00000022485",-1.20638137946719,4.09103723757168,0.00236086416345586,"Hoxc5","homeobox C5",15424
"ENSMUSG00000022602","ENSMUSG00000022602",-1.55489956234625,4.51329501517,2.35262799787932e-13,"Arc","activity regulated cytoskeletal-associated protein",11838
"ENSMUSG00000022758","ENSMUSG00000022758",-1.16576155943883,3.43664192718494,6.65998198789936e-19,"P2rx6","purinergic receptor P2X, ligand-gated ion channel, 6",18440
"ENSMUSG00000022860","ENSMUSG00000022860",-4.59147997558126,4.72662245782694,4.37700782077646e-130,"Chodl","chondrolectin",246048
"ENSMUSG00000022900","ENSMUSG00000022900",-1.66194715889666,0.600842047736015,4.46144229659967e-07,"Ildr1","immunoglobulin-like domain containing receptor 1",106347
"ENSMUSG00000023031","ENSMUSG00000023031",1.18448656937516,4.00387705167421,1.47915022982831e-13,"Cela1","chymotrypsin-like elastase family, member 1",109901
"ENSMUSG00000023047","ENSMUSG00000023047",-1.23898650402023,0.812457265141121,5.96523003595129e-09,"Amhr2","anti-Mullerian hormone type 2 receptor",110542
"ENSMUSG00000023153","ENSMUSG00000023153",2.04793415904126,1.65523666341569,1.26998223398191e-12,"Tmem52","transmembrane protein 52",69671
"ENSMUSG00000023224","ENSMUSG00000023224",1.54555072809853,5.0659057024044,5.42067137152701e-09,"Serping1","serine (or cysteine) peptidase inhibitor, clade G, member 1",12258
"ENSMUSG00000023267","ENSMUSG00000023267",2.6909048911457,1.76250669854626,1.2715134890106e-16,"Gabrr2","gamma-aminobutyric acid (GABA) C receptor, subunit rho 2",14409
"ENSMUSG00000023945","ENSMUSG00000023945",-1.35516586690892,6.32217058910434,2.07759192541654e-16,"Slc5a7","solute carrier family 5 (choline transporter), member 7",63993
"ENSMUSG00000024175","ENSMUSG00000024175",2.0729314863977,2.03268359853254,7.7164155642963e-09,"Tekt4","tektin 4",71840
"ENSMUSG00000024292","ENSMUSG00000024292",1.61651471315259,3.50819107380733,1.24008509931501e-35,"Cyp4f14","cytochrome P450, family 4, subfamily f, polypeptide 14",64385
"ENSMUSG00000024558","ENSMUSG00000024558",1.16785418995627,5.98694975272871,2.57555219960813e-13,"Mapk4","mitogen-activated protein kinase 4",225724
"ENSMUSG00000024672","ENSMUSG00000024672",2.57349729120738,0.656983139899287,1.86826645203527e-10,"Ms4a7","membrane-spanning 4-domains, subfamily A, member 7",109225
"ENSMUSG00000024778","ENSMUSG00000024778",1.59430894791815,2.68006409526273,1.15684734133995e-16,"Fas","Fas (TNF receptor superfamily member 6)",14102
"ENSMUSG00000024909","ENSMUSG00000024909",1.0571549616157,4.27717138429916,8.96053331661824e-17,"Efemp2","epidermal growth factor-containing fibulin-like extracellular matrix protein 2",58859
"ENSMUSG00000025176","ENSMUSG00000025176",1.28314249159856,0.93757846488688,3.13299170772826e-09,"Hoga1","4-hydroxy-2-oxoglutarate aldolase 1",67432
"ENSMUSG00000025270","ENSMUSG00000025270",-1.90620581307247,2.5905781578236,0.00079153711333413,"Alas2","aminolevulinic acid synthase 2, erythroid",11656
"ENSMUSG00000025330","ENSMUSG00000025330",-5.7108182980159,0.821463412398834,4.31048688954332e-12,"Padi4","peptidyl arginine deiminase, type IV",18602
"ENSMUSG00000025666","ENSMUSG00000025666",1.02894797401512,6.62153682883463,1.73291526088178e-10,"Tmem47","transmembrane protein 47",192216
"ENSMUSG00000025780","ENSMUSG00000025780",1.11185737836411,6.64316081711276,5.01657706414737e-05,"Itih5","inter-alpha (globulin) inhibitor H5",209378
"ENSMUSG00000025784","ENSMUSG00000025784",-1.16790909502602,2.84500092703067,0.00579311575422811,"Clec3b","C-type lectin domain family 3, member b",21922
"ENSMUSG00000025887","ENSMUSG00000025887",2.07681004263149,3.07027067704473,2.18894133055517e-36,"Casp12","caspase 12",12364
"ENSMUSG00000026043","ENSMUSG00000026043",-1.12618685825843,4.19603420951838,0.00399140577922756,"Col3a1","collagen, type III, alpha 1",12825
"ENSMUSG00000026208","ENSMUSG00000026208",1.49177893433834,2.28080196655918,0.0084822856331277,"Des","desmin",13346
"ENSMUSG00000026285","ENSMUSG00000026285",4.17247990418386,0.908882816640113,2.42158768712114e-09,"Pdcd1","programmed cell death 1",18566
"ENSMUSG00000026315","ENSMUSG00000026315",1.91524679791202,0.542609626903727,8.40715259214664e-09,"Serpinb8","serine (or cysteine) peptidase inhibitor, clade B, member 8",20725
"ENSMUSG00000026433","ENSMUSG00000026433",1.05705667583849,3.75585338404663,1.45804310994847e-12,"Rab29","RAB29, member RAS oncogene family",226422
"ENSMUSG00000026435","ENSMUSG00000026435",-1.05791876324319,3.69094300345225,4.17526994531898e-07,"Slc45a3","solute carrier family 45, member 3",212980
"ENSMUSG00000026468","ENSMUSG00000026468",-2.00711180449339,2.14520307249468,2.78691077203346e-36,"Lhx4","LIM homeobox protein 4",16872
"ENSMUSG00000026479","ENSMUSG00000026479",1.194952698027,1.07182221302713,1.97671121361803e-05,"Lamc2","laminin, gamma 2",16782
"ENSMUSG00000026535","ENSMUSG00000026535",4.79424102977391,2.57987411314909,4.8037927732564e-43,"Ifi202b","interferon activated gene 202B",26388
"ENSMUSG00000026630","ENSMUSG00000026630",1.77561972649071,1.66797015457508,2.90032781045612e-22,"Batf3","basic leucine zipper transcription factor, ATF-like 3",381319
"ENSMUSG00000026668","ENSMUSG00000026668",2.6009318349,2.06276013752995,3.80515658511778e-31,"Ucma","upper zone of growth plate and cartilage matrix associated",68527
"ENSMUSG00000026676","ENSMUSG00000026676",1.57548043691694,3.71290184642251,6.7979767058846e-16,"Ccdc3","coiled-coil domain containing 3",74186
"ENSMUSG00000026697","ENSMUSG00000026697",-3.32254150417431,2.01059093307873,2.03586588753197e-20,"Myoc","myocilin",17926
"ENSMUSG00000026822","ENSMUSG00000026822",2.62279349341616,3.45846917404606,0.000246104080039199,"Lcn2","lipocalin 2",16819
"ENSMUSG00000026922","ENSMUSG00000026922",1.35984789404215,1.40247260512749,8.01658936089043e-11,"Agpat2","1-acylglycerol-3-phosphate O-acyltransferase 2 (lysophosphatidic acid acyltransferase, beta)",67512
"ENSMUSG00000027078","ENSMUSG00000027078",1.32103511651921,2.93817084348794,1.41058655966991e-11,"Ube2l6","ubiquitin-conjugating enzyme E2L 6",56791
"ENSMUSG00000027186","ENSMUSG00000027186",-1.4525593136948,0.801711227326258,1.25003477850538e-09,"Elf5","E74-like factor 5",13711
"ENSMUSG00000027322","ENSMUSG00000027322",3.92391204434401,2.01686060496375,1.63390786940004e-25,"Siglec1","sialic acid binding Ig-like lectin 1, sialoadhesin",20612
"ENSMUSG00000027360","ENSMUSG00000027360",2.41887555865846,2.32904405843189,1.83801652808479e-18,"Hdc","histidine decarboxylase",15186
"ENSMUSG00000027386","ENSMUSG00000027386",-1.23509593229746,2.11496421533518,5.62866967372809e-06,"Fbln7","fibulin 7",70370
"ENSMUSG00000027412","ENSMUSG00000027412",1.94856472958654,1.58003883256375,4.4838665657744e-20,"Lpin3","lipin 3",64899
"ENSMUSG00000027525","ENSMUSG00000027525",1.28602863310479,7.09568330339783,3.25094861014461e-09,"Phactr3","phosphatase and actin regulator 3",74189
"ENSMUSG00000027656","ENSMUSG00000027656",2.53562137941905,0.952886849451073,5.4085435245299e-10,"Wisp2","WNT1 inducible signaling pathway protein 2",22403
"ENSMUSG00000027661","ENSMUSG00000027661",1.51953161607703,1.89358056073863,1.21950724617199e-13,"Slc2a10","solute carrier family 2 (facilitated glucose transporter), member 10",170441
"ENSMUSG00000027800","ENSMUSG00000027800",1.5004962943431,4.8001761905301,1.674299543874e-19,"Tm4sf1","transmembrane 4 superfamily member 1",17112
"ENSMUSG00000027832","ENSMUSG00000027832",2.58689990974392,1.45114856331602,6.51676672178718e-21,"Ptx3","pentraxin related gene",19288
"ENSMUSG00000028037","ENSMUSG00000028037",3.6193317018212,2.40309263693251,2.97098278746002e-10,"Ifi44","interferon-induced protein 44",99899
"ENSMUSG00000028047","ENSMUSG00000028047",1.09239439811291,3.38765907644013,1.93701667501602e-12,"Thbs3","thrombospondin 3",21827
"ENSMUSG00000028111","ENSMUSG00000028111",-1.08422825311087,3.23347796244737,6.1595421148286e-05,"Ctsk","cathepsin K",13038
"ENSMUSG00000028197","ENSMUSG00000028197",-1.11793610611171,0.600567198507412,0.0134034915404113,"Col24a1","collagen, type XXIV, alpha 1",71355
"ENSMUSG00000028480","ENSMUSG00000028480",2.15454441184588,4.91619068404982,6.62716272986286e-57,"Glipr2","GLI pathogenesis-related 2",384009
"ENSMUSG00000028551","ENSMUSG00000028551",1.04461809196647,1.36180431246968,3.44853644227803e-05,"Cdkn2c","cyclin-dependent kinase inhibitor 2C (p18, inhibits CDK4)",12580
"ENSMUSG00000028583","ENSMUSG00000028583",1.40030966264934,3.93374029375576,2.36415336350985e-17,"Pdpn","podoplanin",14726
"ENSMUSG00000028836","ENSMUSG00000028836",1.27011780690778,0.986844560022099,0.000637863027839792,"Slc30a2","solute carrier family 30 (zinc transporter), member 2",230810
"ENSMUSG00000028876","ENSMUSG00000028876",-1.11673471554656,5.33043504180546,2.03739646371617e-20,"Epha10","Eph receptor A10",230735
"ENSMUSG00000028963","ENSMUSG00000028963",2.50029890648508,3.50138572344464,3.07802915483685e-20,"Uts2","urotensin 2",24111
"ENSMUSG00000029219","ENSMUSG00000029219",-2.00733065842236,3.96782295640835,6.11640289452769e-26,"Slc10a4","solute carrier family 10 (sodium/bile acid cotransporter family), member 4",231290
"ENSMUSG00000029359","ENSMUSG00000029359",-1.56372883697,4.22118321982637,5.78833939296786e-34,"Tesc","tescalcin",57816
"ENSMUSG00000029499","ENSMUSG00000029499",1.57863587050804,2.65640764009438,3.33993200283696e-13,"Pxmp2","peroxisomal membrane protein 2",19301
"ENSMUSG00000029641","ENSMUSG00000029641",3.64417076740616,2.87488591950874,2.15481231236754e-69,"Rasl11a","RAS-like, family 11, member A",68895
"ENSMUSG00000029762","ENSMUSG00000029762",1.72200215213873,1.9053382814093,4.80884654712538e-19,"Akr1b8","aldo-keto reductase family 1, member B8",14187
"ENSMUSG00000029816","ENSMUSG00000029816",5.00287223469547,5.15360445319641,7.38246679673552e-72,"Gpnmb","glycoprotein (transmembrane) nmb",93695
"ENSMUSG00000029851","ENSMUSG00000029851",1.07213995172441,1.81885623121537,7.96633542462838e-09,"Tcaf2","TRPM8 channel-associated factor 2",232748
"ENSMUSG00000030074","ENSMUSG00000030074",-1.34461008189885,0.769616087850525,0.00629510410759168,"Gxylt2","glucoside xylosyltransferase 2",232313
"ENSMUSG00000030087","ENSMUSG00000030087",1.51187010796895,5.73198725741414,8.95314030331965e-11,"Klf15","Kruppel-like factor 15",66277
"ENSMUSG00000030088","ENSMUSG00000030088",1.39430621688538,6.61004627301264,8.86804215534164e-37,"Aldh1l1","aldehyde dehydrogenase 1 family, member L1",107747
"ENSMUSG00000030107","ENSMUSG00000030107",3.2724444809845,2.94502602783786,1.08619045749043e-17,"Usp18","ubiquitin specific peptidase 18",24110
"ENSMUSG00000030111","ENSMUSG00000030111",1.493130728215,6.86097242508322,1.24551077067507e-45,"A2m","alpha-2-macroglobulin",232345
"ENSMUSG00000030208","ENSMUSG00000030208",2.07218468714901,4.12826593775086,7.1481262187025e-36,"Emp1","epithelial membrane protein 1",13730
"ENSMUSG00000030317","ENSMUSG00000030317",1.54615402996529,7.33917599513319,4.16411269975629e-20,"Timp4","tissue inhibitor of metalloproteinase 4",110595
"ENSMUSG00000030340","ENSMUSG00000030340",1.03648321993955,1.11660426366309,9.58536219542608e-07,"Scnn1a","sodium channel, nonvoltage-gated 1 alpha",20276
"ENSMUSG00000030406","ENSMUSG00000030406",1.15826992928598,0.842699233006769,4.32663932549347e-06,"Gipr","gastric inhibitory polypeptide receptor",381853
"ENSMUSG00000030409","ENSMUSG00000030409",1.14288195183751,4.64425235913734,1.41890934478856e-10,"Dmpk","dystrophia myotonica-protein kinase",13400
"ENSMUSG00000030607","ENSMUSG00000030607",-1.4648614833742,3.73511344897169,2.67588533153437e-26,"Acan","aggrecan",11595
"ENSMUSG00000030666","ENSMUSG00000030666",-1.05513505851009,3.09725679761694,5.02618691030508e-07,"Calcb","calcitonin-related polypeptide, beta",116903
"ENSMUSG00000030769","ENSMUSG00000030769",-1.31754375563915,2.91712681463825,3.05966547821554e-14,"Slc5a11","solute carrier family 5 (sodium/glucose cotransporter), member 11",233836
"ENSMUSG00000030785","ENSMUSG00000030785",2.65613127146751,0.854785895745619,2.18730839859771e-11,"Cox6a2","cytochrome c oxidase subunit VIa polypeptide 2",12862
"ENSMUSG00000030905","ENSMUSG00000030905",3.91564269870384,1.99249338105686,1.10581816158559e-30,"Crym","crystallin, mu",12971
"ENSMUSG00000030972","ENSMUSG00000030972",1.16824663474272,1.59699747859086,7.77564653542422e-11,"Acsm5","acyl-CoA synthetase medium-chain family member 5",272428
"ENSMUSG00000031070","ENSMUSG00000031070",1.37435858272123,1.74905677059731,5.36563531004052e-09,"Mrgprf","MAS-related GPR, member F",211577
"ENSMUSG00000031097","ENSMUSG00000031097",1.77519672617539,2.4927072780871,0.0163956528610058,"Tnni2","troponin I, skeletal, fast 2",21953
"ENSMUSG00000031139","ENSMUSG00000031139",-1.0655114282285,4.70994419599908,1.62207498490378e-22,"Mcf2","mcf.2 transforming sequence",109904
"ENSMUSG00000031146","ENSMUSG00000031146",1.44990709171729,1.06349218542725,2.68194526800105e-09,"Plp2","proteolipid protein 2",18824
"ENSMUSG00000031170","ENSMUSG00000031170",-1.39268855009113,2.15416660433854,2.01294858755937e-05,"Slc38a5","solute carrier family 38, member 5",209837
"ENSMUSG00000031239","ENSMUSG00000031239",-1.0570478589627,5.95691685906521,5.16728286769107e-09,"Itm2a","integral membrane protein 2A",16431
"ENSMUSG00000031373","ENSMUSG00000031373",1.14991067212832,3.94685995578731,3.31362505457649e-14,"Car5b","carbonic anhydrase 5b, mitochondrial",56078
"ENSMUSG00000031610","ENSMUSG00000031610",1.10493397654331,6.22339367323315,1.22106663175583e-18,"Scrg1","scrapie responsive gene 1",20284
"ENSMUSG00000031636","ENSMUSG00000031636",1.86426593249875,1.01454628747322,0.000757031126535083,"Pdlim3","PDZ and LIM domain 3",53318
"ENSMUSG00000031760","ENSMUSG00000031760",1.55415574137522,8.46491774719433,9.99764164664857e-19,"Mt3","metallothionein 3",17751
"ENSMUSG00000031762","ENSMUSG00000031762",3.14518135706419,6.56836551132549,3.7603759104689e-99,"Mt2","metallothionein 2",17750
"ENSMUSG00000031790","ENSMUSG00000031790",-1.10549057615303,5.95172351609048,2.656142816251e-11,"Mmp15","matrix metallopeptidase 15",17388
"ENSMUSG00000031880","ENSMUSG00000031880",1.07512568324207,0.566614936979067,2.52566080019919e-06,"Rrad","Ras-related associated with diabetes",56437
"ENSMUSG00000031883","ENSMUSG00000031883",-1.34103969318063,2.9748953193898,7.83056904122223e-15,"Car7","carbonic anhydrase 7",12354
"ENSMUSG00000031910","ENSMUSG00000031910",-1.72903820473764,2.04651985541319,3.23365021762569e-18,"Has3","hyaluronan synthase 3",15118
"ENSMUSG00000031980","ENSMUSG00000031980",1.99968668348555,8.88104403790737,1.03109493993471e-23,"Agt","angiotensinogen (serpin peptidase inhibitor, clade A, member 8)",11606
"ENSMUSG00000032023","ENSMUSG00000032023",1.95868773290903,1.09141361499656,3.47477212381418e-08,"Jhy","juvenile hydrocephalus",70989
"ENSMUSG00000032318","ENSMUSG00000032318",-2.14430625052658,0.937353442451991,1.20143145548667e-17,"Isl2","insulin related protein 2 (islet 2)",104360
"ENSMUSG00000032372","ENSMUSG00000032372",1.66022418147645,3.85992445744357,4.3177003993665e-29,"Plscr2","phospholipid scramblase 2",18828
"ENSMUSG00000032556","ENSMUSG00000032556",-1.06179161758693,3.27390111335377,0.000224487413354193,"Bfsp2","beaded filament structural protein 2, phakinin",107993
"ENSMUSG00000032715","ENSMUSG00000032715",2.27421954091348,0.509801793009662,1.14225696225338e-07,"Trib3","tribbles pseudokinase 3",228775
"ENSMUSG00000032773","ENSMUSG00000032773",1.2323440428432,0.628139201369282,1.68096116492078e-06,"Chrm1","cholinergic receptor, muscarinic 1, CNS",12669
"ENSMUSG00000032854","ENSMUSG00000032854",-2.24500454892217,8.49385604485209,7.21807633879585e-11,"Ugt8a","UDP galactosyltransferase 8A",22239
"ENSMUSG00000032860","ENSMUSG00000032860",1.56621425639852,0.9783255818661,1.10205368070887e-12,"P2ry2","purinergic receptor P2Y, G-protein coupled 2",18442
"ENSMUSG00000033107","ENSMUSG00000033107",1.04731726133437,1.23749890787852,2.70905952271861e-05,"Rnf125","ring finger protein 125",67664
"ENSMUSG00000033196","ENSMUSG00000033196",1.83808863866807,0.691017074489946,0.0491474163667169,"Myh2","myosin, heavy polypeptide 2, skeletal muscle, adult",17882
"ENSMUSG00000033207","ENSMUSG00000033207",1.0648624704185,2.4681348104801,9.93381109115758e-06,"Mamdc2","MAM domain containing 2",71738
"ENSMUSG00000033579","ENSMUSG00000033579",-1.30001142297917,7.86034684957764,1.91410033124526e-12,"Fa2h","fatty acid 2-hydroxylase",338521
"ENSMUSG00000034205","ENSMUSG00000034205",1.50723345345511,2.63962608785805,3.20395916918227e-16,"Loxl2","lysyl oxidase-like 2",94352
"ENSMUSG00000034209","ENSMUSG00000034209",-1.01904312690576,0.820063355827602,5.80712763684007e-08,"Rasl10a","RAS-like, family 10, member A",75668
"ENSMUSG00000034394","ENSMUSG00000034394",1.68099583291679,0.85229383116106,3.86420217763531e-09,"Lif","leukemia inhibitory factor",16878
"ENSMUSG00000034459","ENSMUSG00000034459",3.04431983552975,3.56729992691399,1.31342706745811e-12,"Ifit1","interferon-induced protein with tetratricopeptide repeats 1",15957
"ENSMUSG00000034460","ENSMUSG00000034460",-1.07427266703425,2.35996088220462,9.27821788576409e-11,"Six4","sine oculis-related homeobox 4",20474
"ENSMUSG00000034579","ENSMUSG00000034579",1.41442598073525,4.52135970678454,3.12745126769406e-07,"Pla2g3","phospholipase A2, group III",237625
"ENSMUSG00000034765","ENSMUSG00000034765",1.13375045289027,2.18230987759361,3.7829356156056e-12,"Dusp5","dual specificity phosphatase 5",240672
"ENSMUSG00000034842","ENSMUSG00000034842",1.33522121130869,3.92710601528012,7.4006417307103e-12,"Art3","ADP-ribosyltransferase 3",109979
"ENSMUSG00000034923","ENSMUSG00000034923",-1.28318164625618,1.33701423138064,0.00110590004524541,"Ly6g6f","lymphocyte antigen 6 complex, locus G6F",433099
"ENSMUSG00000034936","ENSMUSG00000034936",2.29107162473144,5.01654519469398,2.7288353987091e-14,"Arl4d","ADP-ribosylation factor-like 4D",80981
"ENSMUSG00000035095","ENSMUSG00000035095",1.21928098985113,2.85532873280953,4.69827245270965e-11,"Fam167a","family with sequence similarity 167, member A",219148
"ENSMUSG00000035187","ENSMUSG00000035187",1.11830805593415,2.82338572071576,2.67956087649537e-12,"Nkx6-1","NK6 homeobox 1",18096
"ENSMUSG00000035504","ENSMUSG00000035504",-1.11539289586794,1.61758276217722,5.00930399380557e-10,"Reep6","receptor accessory protein 6",70335
"ENSMUSG00000035551","ENSMUSG00000035551",3.44785973933563,1.14905520497989,1.83302513737801e-22,"Igfbpl1","insulin-like growth factor binding protein-like 1",75426
"ENSMUSG00000035606","ENSMUSG00000035606",-1.07087030354319,1.63912784487812,3.61437571058639e-06,"Ky","kyphoscoliosis peptidase",16716
"ENSMUSG00000035615","ENSMUSG00000035615",1.08611813484176,5.37921862287305,7.73273552614829e-10,"Frmpd1","FERM and PDZ domain containing 1",666060
"ENSMUSG00000035692","ENSMUSG00000035692",2.32234875150319,2.47816373961096,1.48870514374085e-11,"Isg15","ISG15 ubiquitin-like modifier",100038882
"ENSMUSG00000035745","ENSMUSG00000035745",-1.89033604089948,1.73783807826191,8.1940808572988e-30,"Grin3b","glutamate receptor, ionotropic, NMDA3B",170483
"ENSMUSG00000035805","ENSMUSG00000035805",1.0853163484828,8.55835064661372,1.38633973952257e-27,"Mlc1","megalencephalic leukoencephalopathy with subcortical cysts 1 homolog (human)",170790
"ENSMUSG00000035948","ENSMUSG00000035948",1.85376981824426,2.05444801896257,2.96264477967137e-12,"Acss3","acyl-CoA synthetase short-chain family member 3",380660
"ENSMUSG00000036198","ENSMUSG00000036198",-1.09312988168277,5.37581277790266,2.78379198747844e-19,"Arhgap36","Rho GTPase activating protein 36",75404
"ENSMUSG00000036395","ENSMUSG00000036395",1.05413688397011,0.742496810753926,3.65927954881556e-07,"Glb1l2","galactosidase, beta 1-like 2",244757
"ENSMUSG00000036760","ENSMUSG00000036760",-1.15525067618901,4.17971608443551,3.41362343195205e-11,"Kcnk9","potassium channel, subfamily K, member 9",223604
"ENSMUSG00000036832","ENSMUSG00000036832",1.23939853579459,0.791603111250492,1.5747661908541e-05,"Lpar3","lysophosphatidic acid receptor 3",65086
"ENSMUSG00000037010","ENSMUSG00000037010",-1.27309671715707,5.60111218177241,3.56901356823532e-19,"Apln","apelin",30878
"ENSMUSG00000037621","ENSMUSG00000037621",1.50618284466656,2.24477983259331,3.09444403338472e-15,"Atoh8","atonal bHLH transcription factor 8",71093
"ENSMUSG00000037638","ENSMUSG00000037638",1.01541963088581,1.14569334287443,4.36150624482564e-07,"Zbtb42","zinc finger and BTB domain containing 42",382639
"ENSMUSG00000037664","ENSMUSG00000037664",-1.31540188295079,4.47826503778585,4.56633305437919e-08,"Cdkn1c","cyclin-dependent kinase inhibitor 1C (P57)",12577
"ENSMUSG00000037686","ENSMUSG00000037686",2.01394729242664,4.32620236287281,4.15547978265874e-29,"Aspg","asparaginase",104816
"ENSMUSG00000037725","ENSMUSG00000037725",1.3131459606469,1.71182154670505,1.6581248970269e-05,"Ckap2","cytoskeleton associated protein 2",80986
"ENSMUSG00000037962","ENSMUSG00000037962",2.52859968431569,0.861143435636695,2.33586088801743e-12,"Rflna","refilin A",73121
"ENSMUSG00000038227","ENSMUSG00000038227",1.6221617636552,3.89546956373955,0.00105733563275159,"Hoxa9","homeobox A9",15405
"ENSMUSG00000038357","ENSMUSG00000038357",-1.81153661229239,0.899436792885402,0.0440578794653546,"Camp","cathelicidin antimicrobial peptide",12796
"ENSMUSG00000038521","ENSMUSG00000038521",1.94930050203761,0.681966802508348,2.27695808716512e-12,"C1s1","complement component 1, s subcomponent 1",50908
"ENSMUSG00000038530","ENSMUSG00000038530",-1.10952271658922,6.77058626792417,1.15611640429561e-33,"Rgs4","regulator of G-protein signaling 4",19736
"ENSMUSG00000039323","ENSMUSG00000039323",1.36953822993137,7.00213748777041,1.69093514018091e-18,"Igfbp2","insulin-like growth factor binding protein 2",16008
"ENSMUSG00000039385","ENSMUSG00000039385",-1.01895166335562,3.07953316028548,1.54207075533072e-06,"Cdh6","cadherin 6",12563
"ENSMUSG00000039405","ENSMUSG00000039405",1.74990580116737,2.74234411870562,8.33055136264811e-13,"Prss23","protease, serine 23",76453
"ENSMUSG00000039481","ENSMUSG00000039481",1.22619657309431,2.86324415700874,2.11102054418741e-11,"Nrtn","neurturin",18188
"ENSMUSG00000039519","ENSMUSG00000039519",1.01398858925861,3.70253091417259,5.72609684622889e-07,"Cyp7b1","cytochrome P450, family 7, subfamily b, polypeptide 1",13123
"ENSMUSG00000039616","ENSMUSG00000039616",1.23135140512486,1.33532807444797,9.45633471252513e-11,"Mocos","molybdenum cofactor sulfurase",68591
"ENSMUSG00000039851","ENSMUSG00000039851",1.08719666936103,1.24622558948181,9.1279139271786e-09,"4932438H23Rik","RIKEN cDNA 4932438H23 gene",74387
"ENSMUSG00000039903","ENSMUSG00000039903",1.226346058963,1.27580027635163,6.66658171458482e-06,"Eva1c","eva-1 homolog C (C. elegans)",70967
"ENSMUSG00000040170","ENSMUSG00000040170",1.21945797038112,1.51987840757075,0.00295443360643845,"Fmo2","flavin containing monooxygenase 2",55990
"ENSMUSG00000040187","ENSMUSG00000040187",-1.15908917567934,0.719524011600237,0.000118477384808484,"Arntl2","aryl hydrocarbon receptor nuclear translocator-like 2",272322
"ENSMUSG00000040424","ENSMUSG00000040424",-1.04993182271672,5.34415464693272,5.39943813419893e-16,"Hipk4","homeodomain interacting protein kinase 4",233020
"ENSMUSG00000040564","ENSMUSG00000040564",2.9675045123014,3.94665595309543,2.06872351038083e-26,"Apoc1","apolipoprotein C-I",11812
"ENSMUSG00000040666","ENSMUSG00000040666",-1.3399858164619,4.54073997690091,8.95464422011242e-22,"Sh3bgr","SH3-binding domain glutamic acid-rich protein",50795
"ENSMUSG00000040680","ENSMUSG00000040680",-1.05760450080007,0.733528652889379,3.75818975112794e-07,"Kremen2","kringle containing transmembrane protein 2",73016
"ENSMUSG00000040690","ENSMUSG00000040690",1.41691649358398,5.46225222126217,4.59938181118295e-13,"Col16a1","collagen, type XVI, alpha 1",107581
"ENSMUSG00000040714","ENSMUSG00000040714",1.41702836529271,1.82231125966947,1.8489182428129e-08,"Klc3","kinesin light chain 3",232943
"ENSMUSG00000040740","ENSMUSG00000040740",2.45711900125981,4.30010844097787,1.56212191690671e-25,"Slc25a34","solute carrier family 25, member 34",384071
"ENSMUSG00000041120","ENSMUSG00000041120",1.32971052558962,6.70213020751112,1.27385223563908e-15,"Nbl1","neuroblastoma, suppression of tumorigenicity 1",17965
"ENSMUSG00000041205","ENSMUSG00000041205",-1.21089396053044,6.06926291534734,3.89204376032071e-09,"Map6d1","MAP6 domain containing 1",208158
"ENSMUSG00000041220","ENSMUSG00000041220",-1.43622319085655,6.23491992599252,1.16112491449592e-20,"Elovl6","ELOVL family member 6, elongation of long chain fatty acids (yeast)",170439
"ENSMUSG00000041559","ENSMUSG00000041559",1.218438131108,5.9877467168838,2.63976517306602e-05,"Fmod","fibromodulin",14264
"ENSMUSG00000041679","ENSMUSG00000041679",1.17433202604215,0.605234181234938,0.00152410786071698,"Lrrc29","leucine rich repeat containing 29",234684
"ENSMUSG00000041736","ENSMUSG00000041736",1.84843705140968,3.63242736812472,4.36303163475217e-32,"Tspo","translocator protein",12257
"ENSMUSG00000041771","ENSMUSG00000041771",1.95274008560754,4.22313337689997,8.79899381627017e-20,"Slc24a4","solute carrier family 24 (sodium/potassium/calcium exchanger), member 4",238384
"ENSMUSG00000042312","ENSMUSG00000042312",1.07444325702677,5.42542739209456,1.2370576272388e-16,"S100a13","S100 calcium binding protein A13",20196
"ENSMUSG00000042379","ENSMUSG00000042379",1.620416880699,0.724502258873261,1.06490920647926e-05,"Esm1","endothelial cell-specific molecule 1",71690
"ENSMUSG00000042436","ENSMUSG00000042436",-1.72017760723203,2.08146410811226,2.38208793393274e-05,"Mfap4","microfibrillar-associated protein 4",76293
"ENSMUSG00000042529","ENSMUSG00000042529",-1.06182385450161,3.01599797673236,5.71627457214707e-14,"Kcnj12","potassium inwardly-rectifying channel, subfamily J, member 12",16515
"ENSMUSG00000042784","ENSMUSG00000042784",1.65679305389561,0.736056426401949,4.13282659219867e-12,"Muc1","mucin 1, transmembrane",17829
"ENSMUSG00000042793","ENSMUSG00000042793",-1.35799986348511,2.92144070421304,1.03127105186191e-13,"Lgr6","leucine-rich repeat-containing G protein-coupled receptor 6",329252
"ENSMUSG00000042812","ENSMUSG00000042812",1.18838377134007,0.911644426234418,0.000291869812863065,"Foxf1","forkhead box F1",15227
"ENSMUSG00000042918","ENSMUSG00000042918",1.26378354091857,1.15654598733448,2.08346925940248e-09,"Mamstr","MEF2 activating motif and SAP domain containing transcriptional regulator",74490
"ENSMUSG00000043144","ENSMUSG00000043144",-2.47069803282323,1.33107366180685,5.48489441520438e-34,"Aqp6","aquaporin 6",11831
"ENSMUSG00000043342","ENSMUSG00000043342",1.56793648532064,3.20639179487879,0.00480127511287807,"Hoxd9","homeobox D9",15438
"ENSMUSG00000043448","ENSMUSG00000043448",-1.51438932765706,6.20250496615176,3.36658449682101e-07,"Gjc2","gap junction protein, gamma 2",118454
"ENSMUSG00000043461","ENSMUSG00000043461",-1.03806780405265,3.06995562967019,9.85252803569249e-13,"Sptssb","serine palmitoyltransferase, small subunit B",66183
"ENSMUSG00000043587","ENSMUSG00000043587",1.24477243715324,3.67882599373311,2.79682894973692e-16,"Pxylp1","2-phosphoxylose phosphatase 1",235534
"ENSMUSG00000044034","ENSMUSG00000044034",-1.03980454919516,2.5887194387313,2.25848314677594e-07,"Npb","neuropeptide B",208990
"ENSMUSG00000044080","ENSMUSG00000044080",1.22060791692212,7.20309846540928,5.14049695597258e-28,"S100a1","S100 calcium binding protein A1",20193
"ENSMUSG00000044258","ENSMUSG00000044258",1.44910757114,2.93080591881772,1.58014984549575e-08,"Ctla2a","cytotoxic T lymphocyte-associated protein 2 alpha",13024
"ENSMUSG00000044338","ENSMUSG00000044338",-1.11169141666791,4.65355685945622,0.00052113359924704,"Aplnr","apelin receptor",23796
"ENSMUSG00000044361","ENSMUSG00000044361",1.03482518713032,1.68691055693803,0.000697150226723035,"BC024139","cDNA sequence BC024139",271278
"ENSMUSG00000044505","ENSMUSG00000044505",-1.74541184201084,3.97230082209222,2.5175022511154e-12,"Lingo4","leucine rich repeat and Ig domain containing 4",320747
"ENSMUSG00000044734","ENSMUSG00000044734",-1.34523612003224,5.73141110104832,1.66691721671595e-10,"Serpinb1a","serine (or cysteine) peptidase inhibitor, clade B, member 1a",66222
"ENSMUSG00000045031","ENSMUSG00000045031",1.1120868572171,2.00589048489883,3.18152566251426e-08,"Cetn4","centrin 4",207175
"ENSMUSG00000045094","ENSMUSG00000045094",1.25978273492235,3.88541888461589,1.3864908778871e-11,"Arhgef37","Rho guanine nucleotide exchange factor (GEF) 37",328967
"ENSMUSG00000045246","ENSMUSG00000045246",-1.34806291074949,6.19709734934372,1.46741140544129e-27,"Kcng4","potassium voltage-gated channel, subfamily G, member 4",66733
"ENSMUSG00000045259","ENSMUSG00000045259",1.09069478458831,1.19014773636689,1.43995613203899e-05,"Klhdc9","kelch domain containing 9",68874
"ENSMUSG00000045667","ENSMUSG00000045667",-1.80174754763313,2.17424749351227,1.67650951768638e-13,"Smtnl2","smoothelin-like 2",276829
"ENSMUSG00000046337","ENSMUSG00000046337",-1.47644452497443,0.745616334799515,0.000219429416976645,"Fam178b","family with sequence similarity 178, member B",381337
"ENSMUSG00000046402","ENSMUSG00000046402",1.7933025525211,4.39023472157595,4.13756818368019e-08,"Rbp1","retinol binding protein 1, cellular",19659
"ENSMUSG00000046718","ENSMUSG00000046718",2.90949041590837,3.68356177886721,4.00495253834439e-19,"Bst2","bone marrow stromal cell antigen 2",69550
"ENSMUSG00000046768","ENSMUSG00000046768",2.76222064068095,5.07775677207284,2.01277899168858e-59,"Rhoj","ras homolog family member J",80837
"ENSMUSG00000046854","ENSMUSG00000046854",-1.0516096455458,2.28723990695509,1.51695667897196e-08,"Pip5kl1","phosphatidylinositol-4-phosphate 5-kinase-like 1",227733
"ENSMUSG00000047293","ENSMUSG00000047293",-1.3160375694802,2.62290869365406,2.67417011479474e-05,"Gpr15","G protein-coupled receptor 15",71223
"ENSMUSG00000047420","ENSMUSG00000047420",-1.46113999685627,1.46453683941621,0.000814504112709456,"Fam180a","family with sequence similarity 180, member A",208164
"ENSMUSG00000047606","ENSMUSG00000047606",-1.07187970159356,3.38124833695753,2.87284745456706e-12,"Ankrd34c","ankyrin repeat domain 34C",330998
"ENSMUSG00000047935","ENSMUSG00000047935",-1.26326073692327,0.886632723530089,3.19045660743633e-07,"Gm5607","predicted gene 5607",434280
"ENSMUSG00000047986","ENSMUSG00000047986",-1.83187409767618,3.14792968026658,1.31462543959193e-18,"Palm3","paralemmin 3",74337
"ENSMUSG00000048087","ENSMUSG00000048087",1.81491310151864,1.46926609818616,0.00394995691882476,"Gm4737","predicted gene 4737",11615
"ENSMUSG00000048332","ENSMUSG00000048332",1.62954454349203,5.43093240537127,2.90553906705638e-23,"Lhfp","lipoma HMGIC fusion partner",108927
"ENSMUSG00000048368","ENSMUSG00000048368",1.06915774309919,1.15594059268269,0.0077157692630518,"Omd","osteomodulin",27047
"ENSMUSG00000048534","ENSMUSG00000048534",3.05756067673157,0.937698304432271,4.05793893480154e-12,"Jaml","junction adhesion molecule like",270152
"ENSMUSG00000048572","ENSMUSG00000048572",1.04241287451014,2.90717035209842,9.47575397282692e-06,"Tmem252","transmembrane protein 252",226040
"ENSMUSG00000048636","ENSMUSG00000048636",4.83508203748192,1.360374900692,4.43856430852664e-15,"A730049H05Rik","RIKEN cDNA A730049H05 gene",74516
"ENSMUSG00000048782","ENSMUSG00000048782",-1.08477910601058,4.09679999914401,4.77885541394461e-06,"Insc","inscuteable homolog (Drosophila)",233752
"ENSMUSG00000049404","ENSMUSG00000049404",1.48384127878293,2.92073903243056,2.98953252155973e-19,"Rarres1","retinoic acid receptor responder (tazarotene induced) 1",109222
"ENSMUSG00000049721","ENSMUSG00000049721",-1.24765241111633,5.82014886125767,6.59193233761795e-08,"Gal3st1","galactose-3-O-sulfotransferase 1",53897
"ENSMUSG00000049723","ENSMUSG00000049723",5.72967894467716,0.993962140549896,3.93446181942909e-30,"Mmp12","matrix metallopeptidase 12",17381
"ENSMUSG00000049988","ENSMUSG00000049988",1.80652808813937,0.771777201134352,2.14794609020633e-14,"Lrrc25","leucine rich repeat containing 25",211228
"ENSMUSG00000050121","ENSMUSG00000050121",-1.19009808427639,5.18070476685425,0.000231834013527776,"Opalin","oligodendrocytic myelin paranodal and inner loop protein",226115
"ENSMUSG00000050335","ENSMUSG00000050335",4.3041947532692,4.08037683654989,1.62926614486737e-87,"Lgals3","lectin, galactose binding, soluble 3",16854
"ENSMUSG00000050359","ENSMUSG00000050359",4.80726025248564,0.901115176689182,1.07599284331361e-24,"Sprr1a","small proline-rich protein 1A",20753
"ENSMUSG00000050370","ENSMUSG00000050370",3.55452184598978,0.761301047789972,7.21628069771257e-14,"Ch25h","cholesterol 25-hydroxylase",12642
"ENSMUSG00000050511","ENSMUSG00000050511",-1.36913355972056,2.88466085003373,5.36867784355528e-15,"Oprd1","opioid receptor, delta 1",18386
"ENSMUSG00000050777","ENSMUSG00000050777",2.00751854069092,2.46999575333054,2.96410990605033e-29,"Tmem37","transmembrane protein 37",170706
"ENSMUSG00000051920","ENSMUSG00000051920",-1.79964015913288,2.64600868871153,2.4256484936302e-24,"Rspo2","R-spondin 2",239405
"ENSMUSG00000052125","ENSMUSG00000052125",-1.37256618477289,4.1598149584575,4.63696982533073e-20,"F730043M19Rik","RIKEN cDNA F730043M19 gene",320046
"ENSMUSG00000052305","ENSMUSG00000052305",-2.02263236582707,6.42615257281511,0.000458980289730397,"Hbb-b1","hemoglobin, beta adult major chain",15129
"ENSMUSG00000052776","ENSMUSG00000052776",2.64426251350323,1.03667835816068,2.85504617294369e-12,"Oas1a","2'-5' oligoadenylate synthetase 1A",246730
"ENSMUSG00000053025","ENSMUSG00000053025",-1.00213119082015,6.73141751586898,5.68836082682629e-24,"Sv2b","synaptic vesicle glycoprotein 2 b",64176
"ENSMUSG00000053279","ENSMUSG00000053279",1.3018489296795,8.4981839397165,1.01703739290561e-25,"Aldh1a1","aldehyde dehydrogenase family 1, subfamily A1",11668
"ENSMUSG00000053931","ENSMUSG00000053931",1.28190092719811,7.88484716527458,8.22628908740669e-48,"Cnn3","calponin 3, acidic",71994
"ENSMUSG00000054072","ENSMUSG00000054072",2.59303674361643,1.91595981269407,6.16055686356537e-05,"Iigp1","interferon inducible GTPase 1",60440
"ENSMUSG00000055137","ENSMUSG00000055137",1.26427190204102,3.19562594726813,4.29870659669364e-17,"Sugct","succinyl-CoA glutarate-CoA transferase",192136
"ENSMUSG00000055172","ENSMUSG00000055172",1.79842687856238,0.776734069140258,2.29121705689516e-08,"C1ra","complement component 1, r subcomponent A",50909
"ENSMUSG00000056328","ENSMUSG00000056328",2.28729649239964,1.67213094409492,0.0184821549323007,"Myh1","myosin, heavy polypeptide 1, skeletal muscle, adult",17879
"ENSMUSG00000056423","ENSMUSG00000056423",-1.45647504872359,1.97508705898672,1.43630662727021e-06,"Uts2b","urotensin 2B",224065
"ENSMUSG00000056501","ENSMUSG00000056501",1.45887477690459,2.69449807578149,7.1512576851384e-13,"Cebpb","CCAAT/enhancer binding protein (C/EBP), beta",12608
"ENSMUSG00000057003","ENSMUSG00000057003",-1.79451064753985,1.15746633481724,0.0283289781551481,"Myh4","myosin, heavy polypeptide 4, skeletal muscle",17884
"ENSMUSG00000057967","ENSMUSG00000057967",-1.16833861630217,2.38810298160531,4.58572616649411e-15,"Fgf18","fibroblast growth factor 18",14172
"ENSMUSG00000058070","ENSMUSG00000058070",-1.65777959962694,6.89733965556583,1.17025237501552e-16,"Eml1","echinoderm microtubule associated protein like 1",68519
"ENSMUSG00000058258","ENSMUSG00000058258",-1.78632086742051,3.9584777854608,4.86848504866528e-16,"Idi1","isopentenyl-diphosphate delta isomerase",319554
"ENSMUSG00000058669","ENSMUSG00000058669",-1.95937960639582,2.38997797027438,1.07433999429444e-06,"Nkx2-9","NK2 homeobox 9",18094
"ENSMUSG00000058743","ENSMUSG00000058743",-2.22172372148991,3.36785868387903,3.16869328261139e-42,"Kcnj14","potassium inwardly-rectifying channel, subfamily J, member 14",211480
"ENSMUSG00000059108","ENSMUSG00000059108",1.08088265055214,0.506088381348219,8.49512875877627e-05,"Ifitm6","interferon induced transmembrane protein 6",213002
"ENSMUSG00000059327","ENSMUSG00000059327",1.40138254985195,2.64383240477501,6.15282119703421e-11,"Eda","ectodysplasin-A",13607
"ENSMUSG00000059336","ENSMUSG00000059336",1.58803948868252,5.84892387239274,9.27015780511445e-52,"Slc14a1","solute carrier family 14 (urea transporter), member 1",108052
"ENSMUSG00000060257","ENSMUSG00000060257",-1.06616625532473,4.16318007854234,6.24866411875193e-14,"Scrt2","scratch family zinc finger 2",545474
"ENSMUSG00000060284","ENSMUSG00000060284",-1.74914542822319,2.3282740508729,1.6155486183929e-09,"Sp7","Sp7 transcription factor 7",170574
"ENSMUSG00000060371","ENSMUSG00000060371",-1.06996552234535,7.54765534280326,4.65894909454483e-18,"Caln1","calneuron 1",140904
"ENSMUSG00000060591","ENSMUSG00000060591",1.10697539036915,1.91981151122683,2.37792917780775e-10,"Ifitm2","interferon induced transmembrane protein 2",80876
"ENSMUSG00000061718","ENSMUSG00000061718",1.25481720152035,5.69654015707551,6.46080449056555e-09,"Ppp1r1b","protein phosphatase 1, regulatory (inhibitor) subunit 1B",19049
"ENSMUSG00000061740","ENSMUSG00000061740",1.78525274471592,6.99075369800704,6.2609521005249e-12,"Cyp2d22","cytochrome P450, family 2, subfamily d, polypeptide 22",56448
"ENSMUSG00000062480","ENSMUSG00000062480",1.78050485208897,1.74890276168477,2.29165527836064e-23,"Acat3","acetyl-Coenzyme A acetyltransferase 3",224530
"ENSMUSG00000062488","ENSMUSG00000062488",2.20837017702937,3.51493710525667,4.64000798229625e-11,"Ifit3b","interferon-induced protein with tetratricopeptide repeats 3B",667370
"ENSMUSG00000063193","ENSMUSG00000063193",3.68639055040975,0.552859692188988,8.57897058318042e-14,"Cd300lb","CD300 molecule like family member B",217304
"ENSMUSG00000063415","ENSMUSG00000063415",1.45781865811331,2.75652189854463,0.000459915553046121,"Cyp26b1","cytochrome P450, family 26, subfamily b, polypeptide 1",232174
"ENSMUSG00000064023","ENSMUSG00000064023",1.64720044520271,1.18999288379335,2.24004222137636e-05,"Klk8","kallikrein related-peptidase 8",259277
"ENSMUSG00000066361","ENSMUSG00000066361",1.45279060880598,0.828154302707585,3.05372849066651e-06,"Serpina3c","serine (or cysteine) peptidase inhibitor, clade A, member 3C",16625
"ENSMUSG00000066363","ENSMUSG00000066363",3.09452985884763,0.542150942638663,7.02354253774666e-12,"Serpina3f","serine (or cysteine) peptidase inhibitor, clade A, member 3F",238393
"ENSMUSG00000067586","ENSMUSG00000067586",1.19989457485611,3.44742739033503,1.17293278456754e-07,"S1pr3","sphingosine-1-phosphate receptor 3",13610
"ENSMUSG00000068129","ENSMUSG00000068129",5.97955870186072,2.09117745534344,2.12063351778636e-73,"Cst7","cystatin F (leukocystatin)",13011
"ENSMUSG00000068323","ENSMUSG00000068323",1.17991489022532,1.8743415220786,3.70261902944502e-08,"Slc4a5","solute carrier family 4, sodium bicarbonate cotransporter, member 5",232156
"ENSMUSG00000068699","ENSMUSG00000068699",2.0663949109352,5.11045022855822,9.445268549443e-53,"Flnc","filamin C, gamma",68794
"ENSMUSG00000068744","ENSMUSG00000068744",1.99776073526632,0.626462248450214,1.21112899030086e-13,"Psrc1","proline/serine-rich coiled-coil 1",56742
"ENSMUSG00000068758","ENSMUSG00000068758",1.83053302393805,1.45848667379886,5.47187067613834e-17,"Il3ra","interleukin 3 receptor, alpha chain",16188
"ENSMUSG00000068762","ENSMUSG00000068762",1.00150496796872,1.86972214756029,0.00464970468895726,"Gstm6","glutathione S-transferase, mu 6",14867
"ENSMUSG00000068874","ENSMUSG00000068874",1.27120361861268,3.20235639643895,1.86169802311159e-16,"Selenbp1","selenium binding protein 1",20341
"ENSMUSG00000069919","ENSMUSG00000069919",-1.93721228695444,5.89101589464203,0.000700449185805124,"Hba-a1","hemoglobin alpha, adult chain 1",15122
"ENSMUSG00000070337","ENSMUSG00000070337",1.74287733579283,2.89473890324896,4.46455455257462e-14,"Gpr179","G protein-coupled receptor 179",217143
"ENSMUSG00000070532","ENSMUSG00000070532",1.51810444515734,3.96618061273124,1.54748006729213e-23,"Ccdc190","coiled-coil domain containing 190",78465
"ENSMUSG00000070823","ENSMUSG00000070823",-1.29917764482212,2.90202555313281,8.33778197582914e-07,"Gm1043","predicted gene 1043",381634
"ENSMUSG00000071604","ENSMUSG00000071604",1.36755258918265,4.94229349781394,6.44930476996053e-19,"Fam189a2","family with sequence similarity 189, member A2",381217
"ENSMUSG00000072492","ENSMUSG00000072492",-1.00003341751478,0.781786080599959,1.60024224825158e-07,"Gm10364","glyceraldehyde-3-phosphate dehydrogenase pseudogene",100151693
"ENSMUSG00000072647","ENSMUSG00000072647",-1.0644144438474,1.30777861172935,1.91167095160919e-06,"Adam1a","a disintegrin and metallopeptidase domain 1a",280668
"ENSMUSG00000073402","ENSMUSG00000073402",1.6784895303295,3.28629949782278,6.75938436525994e-10,"Gm8909","predicted gene 8909",667977
"ENSMUSG00000073418","ENSMUSG00000073418",3.1409426631575,7.46888419871159,3.23261211808366e-53,"C4b","complement component 4B (Chido blood group)",12268
"ENSMUSG00000073940","ENSMUSG00000073940",-2.25717845125693,4.01533463483339,0.000219108224403538,"Hbb-b2","hemoglobin, beta adult minor chain",15130
"ENSMUSG00000074385","ENSMUSG00000074385",-1.14214109896542,1.18649860518043,7.02679743636433e-08,"Gm10684","predicted gene 10684",100038468
"ENSMUSG00000074466","ENSMUSG00000074466",1.06793132834801,3.15446880515126,2.80966872941958e-07,"Gm15417","predicted gene 15417",545539
"ENSMUSG00000074575","ENSMUSG00000074575",-1.82153654946579,2.62119709244604,1.471035038101e-32,"Kcng1","potassium voltage-gated channel, subfamily G, member 1",241794
"ENSMUSG00000074971","ENSMUSG00000074971",1.78907649427926,5.14348208513981,3.63247720540808e-16,"Fibin","fin bud initiation factor homolog (zebrafish)",67606
"ENSMUSG00000075010","ENSMUSG00000075010",1.8167789480353,1.66207240147938,9.20455973699987e-08,"AW112010","expressed sequence AW112010",107350
"ENSMUSG00000075217","ENSMUSG00000075217",1.0393996226388,4.8053446943102,5.63093645791837e-09,"4833423E24Rik","RIKEN cDNA 4833423E24 gene",228151
"ENSMUSG00000075555","ENSMUSG00000075555",-1.7851990279717,1.95132445394553,8.3199194945779e-07,"Gm10863","predicted gene 10863",100041655
"ENSMUSG00000078247","ENSMUSG00000078247",-1.07595483816623,1.66271239949525,2.43223998570437e-08,"Airn","antisense Igf2r RNA",104103
"ENSMUSG00000078486","ENSMUSG00000078486",-1.18343333366983,1.7557167843504,4.56133581677075e-07,"Perm1","PPARGC1 and ESRR induced regulator, muscle 1",74183
"ENSMUSG00000078607","ENSMUSG00000078607",1.07956509609923,1.40568759210173,8.79113477434547e-08,"1810010H24Rik","RIKEN cDNA 1810010H24 gene",69066
"ENSMUSG00000078920","ENSMUSG00000078920",1.74143609383018,0.913908179794511,0.000324572640629315,"Ifi47","interferon gamma inducible protein 47",15953
"ENSMUSG00000078963","ENSMUSG00000078963",-1.21837464249565,0.833341672324861,2.38732762820504e-08,"Hsbp1l1","heat shock factor binding protein 1-like 1",66255
"ENSMUSG00000079012","ENSMUSG00000079012",4.23116643565976,2.19359929446047,4.15820279086699e-07,"Serpina3m","serine (or cysteine) peptidase inhibitor, clade A, member 3M",20717
"ENSMUSG00000079014","ENSMUSG00000079014",5.51865752523127,1.30535205137078,5.67035472034961e-45,"Serpina3i","serine (or cysteine) peptidase inhibitor, clade A, member 3I",628900
"ENSMUSG00000079017","ENSMUSG00000079017",2.97120575234853,2.16912911724653,8.16478229516997e-23,"Ifi27l2a","interferon, alpha-inducible protein 27 like 2A",76933
"ENSMUSG00000079419","ENSMUSG00000079419",3.98019970324431,2.50294070493007,2.55150683283633e-51,"Ms4a6c","membrane-spanning 4-domains, subfamily A, member 6C",73656
"ENSMUSG00000079491","ENSMUSG00000079491",1.24607844450756,1.74555637205772,0.014627995509311,"H2-T10","histocompatibility 2, T region locus 10",15024
"ENSMUSG00000086363","ENSMUSG00000086363",-1.21764997048829,2.07561285770766,7.9722720428155e-14,"A330102I10Rik","RIKEN cDNA A330102I10 gene",77920
"ENSMUSG00000086496","ENSMUSG00000086496",-1.56692517136193,4.42681276122861,2.63271662521625e-14,"Gm14204","predicted gene 14204",100045469
"ENSMUSG00000090877","ENSMUSG00000090877",-1.45687747214597,2.60182137071188,1.99063216730087e-07,"Hspa1b","heat shock protein 1B",15511
"ENSMUSG00000096847","ENSMUSG00000096847",-1.11194975727808,5.91496689813715,7.34625484074682e-20,"Tmem151b","transmembrane protein 151B",210573
"ENSMUSG00000097462","ENSMUSG00000097462",1.01561771420917,1.89499359532594,6.65311365570795e-06,"9530026P05Rik","RIKEN cDNA 9530026P05 gene",330385
"ENSMUSG00000097515","ENSMUSG00000097515",-1.17707349579518,2.97568797479965,5.37628099012936e-17,"1700040D17Rik","RIKEN cDNA 1700040D17 gene",76602
"ENSMUSG00000099696","ENSMUSG00000099696",1.1973638324537,4.53382100337172,2.94558049064052e-06,"2900052N01Rik","RIKEN cDNA 2900052N01 gene",73040
"ENSMUSG00000100241","ENSMUSG00000100241",-1.03142968208408,5.17646167259209,5.21195564655956e-08,"Slc18a3","solute carrier family 18 (vesicular monoamine), member 3",20508
"ENSMUSG00000101389","ENSMUSG00000101389",3.98579133906923,0.960484064043175,5.25074293613541e-15,"Ms4a4a","membrane-spanning 4-domains, subfamily A, member 4A",666907
"ENSMUSG00000101693","ENSMUSG00000101693",-1.28708492038921,1.8503927886607,1.00617747726778e-13,"Gm19461","predicted gene, 19461",100502933
"ENSMUSG00000102543","ENSMUSG00000102543",1.30908933869576,3.43097073585003,8.03710402220267e-18,"Pcdhgc5","protocadherin gamma subfamily C, 5",93708
"ENSMUSG00000102918","ENSMUSG00000102918",1.02324227015144,4.63380636651458,1.52669731477418e-18,"Pcdhgc3","protocadherin gamma subfamily C, 3",93706
"ENSMUSG00000104093","ENSMUSG00000104093",1.83573996212932,3.44264554655811,8.41791223114023e-14,"A330015K06Rik","RIKEN cDNA A330015K06 gene",102637797
"ENSMUSG00000105891","ENSMUSG00000105891",-1.17692649407855,2.61098230919745,5.25875398538516e-06,"A230001M10Rik","RIKEN cDNA A230001M10 gene",319951
"ENSMUSG00000109572","ENSMUSG00000109572",-1.40634179483242,0.541115881524025,4.09413182549193e-09,"Cfap99","cilia and flagella associated protein 99",100862066
"ENSMUSG00000110332","ENSMUSG00000110332",1.18035900542447,3.92835522865359,2.09297018320629e-14,"Gm19935","predicted gene, 19935",100503868
