<?xml version="1.0"?>
<!DOCTYPE pathway SYSTEM "http://www.kegg.jp/kegg/xml/KGML_v0.7.2_.dtd">
<!-- Creation date: Mar 1, 2013 11:11:03 +0900 (GMT+09:00) -->
<pathway name="path:mmu04520" org="mmu" number="04520"
         title="Adherens junction"
         image="http://www.kegg.jp/kegg/pathway/mmu/mmu04520.png"
         link="http://www.kegg.jp/kegg-bin/show_pathway?mmu04520">
    <entry id="1" name="mmu:17128" type="gene"
        link="http://www.kegg.jp/dbget-bin/www_bget?mmu:17128">
        <graphics name="Smad4, AW743858, D18Wsu70e, DPC4, Madh4" fgcolor="#000000" bgcolor="#BFFFBF"
             type="rectangle" x="666" y="862" width="46" height="17"/>
    </entry>
    <entry id="2" name="mmu:12550" type="gene"
        link="http://www.kegg.jp/dbget-bin/www_bget?mmu:12550">
        <graphics name="Cdh1, AA960649, ARC-1, E-cad, Ecad, L-CAM, UVO, Um" fgcolor="#000000" bgcolor="#BFFFBF"
             type="rectangle" x="1024" y="801" width="46" height="17"/>
    </entry>
    <entry id="3" name="mmu:12385 mmu:12386 mmu:216033" type="gene"
        link="http://www.kegg.jp/dbget-bin/www_bget?mmu:12385+mmu:12386+mmu:216033">
        <graphics name="Ctnna1, 2010010M04Rik, AA517462, AI988031, Catna1..." fgcolor="#000000" bgcolor="#BFFFBF"
             type="rectangle" x="510" y="648" width="46" height="17"/>
    </entry>
    <entry id="4" name="mmu:12388" type="gene"
        link="http://www.kegg.jp/dbget-bin/www_bget?mmu:12388">
        <graphics name="Ctnnd1, AA409437, AU019353, Catns, Ctnnd, P120, mKIAA0384" fgcolor="#000000" bgcolor="#BFFFBF"
             type="rectangle" x="325" y="661" width="46" height="17"/>
    </entry>
    <entry id="5" name="mmu:12388" type="gene"
        link="http://www.kegg.jp/dbget-bin/www_bget?mmu:12388">
        <graphics name="Ctnnd1, AA409437, AU019353, Catns, Ctnnd, P120, mKIAA0384" fgcolor="#000000" bgcolor="#BFFFBF"
             type="rectangle" x="333" y="265" width="46" height="17"/>
    </entry>
    <entry id="6" name="mmu:12550" type="gene"
        link="http://www.kegg.jp/dbget-bin/www_bget?mmu:12550">
        <graphics name="Cdh1, AA960649, ARC-1, E-cad, Ecad, L-CAM, UVO, Um" fgcolor="#000000" bgcolor="#BFFFBF"
             type="rectangle" x="280" y="647" width="46" height="17"/>
    </entry>
    <entry id="7" name="mmu:12550" type="gene"
        link="http://www.kegg.jp/dbget-bin/www_bget?mmu:12550">
        <graphics name="Cdh1, AA960649, ARC-1, E-cad, Ecad, L-CAM, UVO, Um" fgcolor="#000000" bgcolor="#BFFFBF"
             type="rectangle" x="280" y="345" width="46" height="17"/>
    </entry>
    <entry id="8" name="mmu:12550" type="gene"
        link="http://www.kegg.jp/dbget-bin/www_bget?mmu:12550">
        <graphics name="Cdh1, AA960649, ARC-1, E-cad, Ecad, L-CAM, UVO, Um" fgcolor="#000000" bgcolor="#BFFFBF"
             type="rectangle" x="107" y="345" width="46" height="17"/>
    </entry>
    <entry id="9" name="mmu:16842 mmu:21414 mmu:21415 mmu:21416" type="gene"
        link="http://www.kegg.jp/dbget-bin/www_bget?mmu:16842+mmu:21414+mmu:21415+mmu:21416">
        <graphics name="Lef1, 3000002B05, AI451430, Lef-1..." fgcolor="#000000" bgcolor="#BFFFBF"
             type="rectangle" x="813" y="478" width="46" height="17"/>
    </entry>
    <entry id="10" name="mmu:18099" type="gene"
        link="http://www.kegg.jp/dbget-bin/www_bget?mmu:18099">
        <graphics name="Nlk, AI194375" fgcolor="#000000" bgcolor="#BFFFBF"
             type="rectangle" x="741" y="920" width="46" height="17"/>
    </entry>
    <entry id="11" name="mmu:26409" type="gene"
        link="http://www.kegg.jp/dbget-bin/www_bget?mmu:26409">
        <graphics name="Map3k7, B430101B05, C87327, Tak1" fgcolor="#000000" bgcolor="#BFFFBF"
             type="rectangle" x="666" y="920" width="46" height="17"/>
    </entry>
    <entry id="12" name="mmu:12914 mmu:328572" type="gene"
        link="http://www.kegg.jp/dbget-bin/www_bget?mmu:12914+mmu:328572">
        <graphics name="Crebbp, AW558298, CBP, CBP/p300, KAT3A, p300/CBP..." fgcolor="#000000" bgcolor="#BFFFBF"
             type="rectangle" x="666" y="889" width="46" height="17"/>
    </entry>
    <entry id="13" name="mmu:17126 mmu:17127" type="gene"
        link="http://www.kegg.jp/dbget-bin/www_bget?mmu:17126+mmu:17127">
        <graphics name="Smad2, 7120426M23Rik, Madh2, Madr2, Smad-2, mMad2..." fgcolor="#000000" bgcolor="#BFFFBF"
             type="rectangle" x="666" y="845" width="46" height="17"/>
    </entry>
    <entry id="14" name="mmu:22612" type="gene"
        link="http://www.kegg.jp/dbget-bin/www_bget?mmu:22612">
        <graphics name="Yes1, Yes, p61-Yes" fgcolor="#000000" bgcolor="#BFFFBF"
             type="rectangle" x="467" y="742" width="46" height="17"/>
    </entry>
    <entry id="15" name="mmu:14360" type="gene"
        link="http://www.kegg.jp/dbget-bin/www_bget?mmu:14360">
        <graphics name="Fyn, AI448320, AW552119" fgcolor="#000000" bgcolor="#BFFFBF"
             type="rectangle" x="405" y="724" width="46" height="17"/>
    </entry>
    <entry id="16" name="mmu:14158" type="gene"
        link="http://www.kegg.jp/dbget-bin/www_bget?mmu:14158">
        <graphics name="Fer, AV082135, C330004K01Rik, Fert, Fert2" fgcolor="#000000" bgcolor="#BFFFBF"
             type="rectangle" x="405" y="703" width="46" height="17"/>
    </entry>
    <entry id="17" name="mmu:20613" type="gene"
        link="http://www.kegg.jp/dbget-bin/www_bget?mmu:20613">
        <graphics name="Snai1, Sna, Sna1, Snail, Snail1" fgcolor="#000000" bgcolor="#BFFFBF"
             type="rectangle" x="890" y="816" width="46" height="17"/>
    </entry>
    <entry id="18" name="mmu:20583" type="gene"
        link="http://www.kegg.jp/dbget-bin/www_bget?mmu:20583">
        <graphics name="Snai2, Slug, Slugh, Snail2" fgcolor="#000000" bgcolor="#BFFFBF"
             type="rectangle" x="890" y="787" width="46" height="17"/>
    </entry>
    <entry id="19" name="mmu:26413 mmu:26417" type="gene"
        link="http://www.kegg.jp/dbget-bin/www_bget?mmu:26413+mmu:26417">
        <graphics name="Mapk1, 9030612K14Rik, AA407128, AU018647, C78273, ERK, Erk2, MAPK2, PRKM2, Prkm1, p41mapk, p42mapk..." fgcolor="#000000" bgcolor="#BFFFBF"
             type="rectangle" x="666" y="787" width="46" height="17"/>
    </entry>
    <entry id="20" name="mmu:21812 mmu:21813" type="gene"
        link="http://www.kegg.jp/dbget-bin/www_bget?mmu:21812+mmu:21813">
        <graphics name="Tgfbr1, ALK5, AU017191, Alk-5, ESK2, TGFR-1, TbetaR-I, TbetaRI..." fgcolor="#000000" bgcolor="#BFFFBF"
             type="rectangle" x="280" y="845" width="46" height="17"/>
    </entry>
    <entry id="21" name="mmu:14182" type="gene"
        link="http://www.kegg.jp/dbget-bin/www_bget?mmu:14182">
        <graphics name="Fgfr1, AW208770, Eask, FGFR-I, FLG, Fgfr-1, Flt-2, Hspy, MFR, bFGF-R-1, c-fgr" fgcolor="#000000" bgcolor="#BFFFBF"
             type="rectangle" x="280" y="812" width="46" height="17"/>
    </entry>
    <entry id="22" name="mmu:13649 mmu:13866" type="gene"
        link="http://www.kegg.jp/dbget-bin/www_bget?mmu:13649+mmu:13866">
        <graphics name="Egfr, 9030024J15Rik, AI552599, Erbb, Errb1, Errp, Wa5, wa-2, wa2..." fgcolor="#000000" bgcolor="#BFFFBF"
             type="rectangle" x="280" y="786" width="46" height="17"/>
    </entry>
    <entry id="23" name="mmu:17295" type="gene"
        link="http://www.kegg.jp/dbget-bin/www_bget?mmu:17295">
        <graphics name="Met, AI838057, HGF, HGFR, Par4, c-Met" fgcolor="#000000" bgcolor="#BFFFBF"
             type="rectangle" x="280" y="761" width="46" height="17"/>
    </entry>
    <entry id="24" name="mmu:16337" type="gene"
        link="http://www.kegg.jp/dbget-bin/www_bget?mmu:16337">
        <graphics name="Insr, 4932439J01Rik, CD220, D630014A15Rik, IR, IR-A, IR-B" fgcolor="#000000" bgcolor="#BFFFBF"
             type="rectangle" x="280" y="737" width="46" height="17"/>
    </entry>
    <entry id="25" name="mmu:16001" type="gene"
        link="http://www.kegg.jp/dbget-bin/www_bget?mmu:16001">
        <graphics name="Igf1r, A330103N21Rik, CD221, D930020L01, IGF-1R, hyft" fgcolor="#000000" bgcolor="#BFFFBF"
             type="rectangle" x="280" y="713" width="46" height="17"/>
    </entry>
    <entry id="26" name="mmu:12995 mmu:13000 mmu:13001" type="gene"
        link="http://www.kegg.jp/dbget-bin/www_bget?mmu:12995+mmu:13000+mmu:13001">
        <graphics name="Csnk2a1, Csnk2a1-rs4..." fgcolor="#000000" bgcolor="#BFFFBF"
             type="rectangle" x="437" y="406" width="46" height="17"/>
    </entry>
    <entry id="27" name="mmu:19271" type="gene"
        link="http://www.kegg.jp/dbget-bin/www_bget?mmu:19271">
        <graphics name="Ptprj, AI450271, BET, Byp, CD148, DEP-1, PTPbeta2, Ptpb2, RPTPJ, Scc-1, Scc1" fgcolor="#000000" bgcolor="#BFFFBF"
             type="rectangle" x="336" y="497" width="46" height="17"/>
    </entry>
    <entry id="28" name="mmu:15170" type="gene"
        link="http://www.kegg.jp/dbget-bin/www_bget?mmu:15170">
        <graphics name="Ptpn6, 70Z-SHP, Hcph, PTPTY-42, Ptp1C, SH-PTP1, SHP-1, hcp, me" fgcolor="#000000" bgcolor="#BFFFBF"
             type="rectangle" x="336" y="476" width="46" height="17"/>
    </entry>
    <entry id="29" name="mmu:19246" type="gene"
        link="http://www.kegg.jp/dbget-bin/www_bget?mmu:19246">
        <graphics name="Ptpn1, PTP-1B, PTP-HA2, PTP1B" fgcolor="#000000" bgcolor="#BFFFBF"
             type="rectangle" x="336" y="455" width="46" height="17"/>
    </entry>
    <entry id="30" name="mmu:19268" type="gene"
        link="http://www.kegg.jp/dbget-bin/www_bget?mmu:19268">
        <graphics name="Ptprf, AA591035, LAR, LARS, RPTP-LAR" fgcolor="#000000" bgcolor="#BFFFBF"
             type="rectangle" x="280" y="473" width="46" height="17"/>
    </entry>
    <entry id="31" name="mmu:19263" type="gene"
        link="http://www.kegg.jp/dbget-bin/www_bget?mmu:19263">
        <graphics name="Ptprb, 3230402H02Rik, C130094E24, Ptpz, Rptpb, VE-PTP, Veptp" fgcolor="#000000" bgcolor="#BFFFBF"
             type="rectangle" x="280" y="451" width="46" height="17"/>
    </entry>
    <entry id="32" name="mmu:19274" type="gene"
        link="http://www.kegg.jp/dbget-bin/www_bget?mmu:19274">
        <graphics name="Ptprm, RPTPmu, mKIAA4044" fgcolor="#000000" bgcolor="#BFFFBF"
             type="rectangle" x="280" y="429" width="46" height="17"/>
    </entry>
    <entry id="33" name="mmu:11431" type="gene"
        link="http://www.kegg.jp/dbget-bin/www_bget?mmu:11431">
        <graphics name="Acp1, 4632432E04Rik, AI427468, Acp-1, LMW-PTP, Lmptp" fgcolor="#000000" bgcolor="#BFFFBF"
             type="rectangle" x="280" y="407" width="46" height="17"/>
    </entry>
    <entry id="34" name="mmu:11848 mmu:67653" type="gene"
        link="http://www.kegg.jp/dbget-bin/www_bget?mmu:11848+mmu:67653">
        <graphics name="Rhoa, Arha, Arha1, Arha2..." fgcolor="#000000" bgcolor="#BFFFBF"
             type="rectangle" x="673" y="618" width="46" height="17"/>
    </entry>
    <entry id="35" name="mmu:11848 mmu:67653" type="gene"
        link="http://www.kegg.jp/dbget-bin/www_bget?mmu:11848+mmu:67653">
        <graphics name="Rhoa, Arha, Arha1, Arha2..." fgcolor="#000000" bgcolor="#BFFFBF"
             type="rectangle" x="640" y="385" width="46" height="17"/>
    </entry>
    <entry id="36" name="mmu:242687 mmu:245880 mmu:83767" type="gene"
        link="http://www.kegg.jp/dbget-bin/www_bget?mmu:242687+mmu:245880+mmu:83767">
        <graphics name="Wasf2, AW742646, D4Ertd13e, WAVE2..." fgcolor="#000000" bgcolor="#BFFFBF"
             type="rectangle" x="910" y="294" width="46" height="17"/>
    </entry>
    <entry id="37" name="mmu:108100" type="gene"
        link="http://www.kegg.jp/dbget-bin/www_bget?mmu:108100">
        <graphics name="Baiap2, IRSp53, R75030" fgcolor="#000000" bgcolor="#BFFFBF"
             type="rectangle" x="910" y="277" width="46" height="17"/>
    </entry>
    <entry id="38" name="mmu:22376 mmu:73178" type="gene"
        link="http://www.kegg.jp/dbget-bin/www_bget?mmu:22376+mmu:73178">
        <graphics name="Was, U42471, Wasp..." fgcolor="#000000" bgcolor="#BFFFBF"
             type="rectangle" x="798" y="277" width="46" height="17"/>
    </entry>
    <entry id="39" name="mmu:73178" type="gene"
        link="http://www.kegg.jp/dbget-bin/www_bget?mmu:73178">
        <graphics name="Wasl, 2900021I12Rik, 3110031I02Rik, N-WASP" fgcolor="#000000" bgcolor="#BFFFBF"
             type="rectangle" x="744" y="277" width="46" height="17"/>
    </entry>
    <entry id="40" name="mmu:170758 mmu:19353 mmu:19354" type="gene"
        link="http://www.kegg.jp/dbget-bin/www_bget?mmu:170758+mmu:19353+mmu:19354">
        <graphics name="Rac3, Rac1B..." fgcolor="#000000" bgcolor="#BFFFBF"
             type="rectangle" x="735" y="709" width="46" height="17"/>
    </entry>
    <entry id="41" name="mmu:170758 mmu:19353 mmu:19354" type="gene"
        link="http://www.kegg.jp/dbget-bin/www_bget?mmu:170758+mmu:19353+mmu:19354">
        <graphics name="Rac3, Rac1B..." fgcolor="#000000" bgcolor="#BFFFBF"
             type="rectangle" x="910" y="232" width="46" height="17"/>
    </entry>
    <entry id="42" name="mmu:12540" type="gene"
        link="http://www.kegg.jp/dbget-bin/www_bget?mmu:12540">
        <graphics name="Cdc42, AI747189, AU018915" fgcolor="#000000" bgcolor="#BFFFBF"
             type="rectangle" x="798" y="232" width="46" height="17"/>
    </entry>
    <entry id="43" name="mmu:11461 mmu:11465" type="gene"
        link="http://www.kegg.jp/dbget-bin/www_bget?mmu:11461+mmu:11465">
        <graphics name="Actb, Actx, E430023M04Rik, beta-actin..." fgcolor="#000000" bgcolor="#BFFFBF"
             type="rectangle" x="686" y="647" width="46" height="17"/>
    </entry>
    <entry id="44" name="mmu:11461 mmu:11465" type="gene"
        link="http://www.kegg.jp/dbget-bin/www_bget?mmu:11461+mmu:11465">
        <graphics name="Actb, Actx, E430023M04Rik, beta-actin..." fgcolor="#000000" bgcolor="#BFFFBF"
             type="rectangle" x="686" y="345" width="46" height="17"/>
    </entry>
    <entry id="45" name="mmu:12385 mmu:12386 mmu:216033" type="gene"
        link="http://www.kegg.jp/dbget-bin/www_bget?mmu:12385+mmu:12386+mmu:216033">
        <graphics name="Ctnna1, 2010010M04Rik, AA517462, AI988031, Catna1..." fgcolor="#000000" bgcolor="#BFFFBF"
             type="rectangle" x="510" y="346" width="46" height="17"/>
    </entry>
    <entry id="46" name="mmu:21872" type="gene"
        link="http://www.kegg.jp/dbget-bin/www_bget?mmu:21872">
        <graphics name="Tjp1, ZO1" fgcolor="#000000" bgcolor="#BFFFBF"
             type="rectangle" x="623" y="668" width="46" height="17"/>
    </entry>
    <entry id="47" name="mmu:21872" type="gene"
        link="http://www.kegg.jp/dbget-bin/www_bget?mmu:21872">
        <graphics name="Tjp1, ZO1" fgcolor="#000000" bgcolor="#BFFFBF"
             type="rectangle" x="633" y="301" width="46" height="17"/>
    </entry>
    <entry id="48" name="mmu:22330" type="gene"
        link="http://www.kegg.jp/dbget-bin/www_bget?mmu:22330">
        <graphics name="Vcl, 9430097D22, AA571387, AI462105, AW545629" fgcolor="#000000" bgcolor="#BFFFBF"
             type="rectangle" x="573" y="690" width="46" height="17"/>
    </entry>
    <entry id="49" name="mmu:22330" type="gene"
        link="http://www.kegg.jp/dbget-bin/www_bget?mmu:22330">
        <graphics name="Vcl, 9430097D22, AA571387, AI462105, AW545629" fgcolor="#000000" bgcolor="#BFFFBF"
             type="rectangle" x="580" y="301" width="46" height="17"/>
    </entry>
    <entry id="50" name="mmu:20411" type="gene"
        link="http://www.kegg.jp/dbget-bin/www_bget?mmu:20411">
        <graphics name="Sorbs1, 2310065E01Rik, 9530001P15Rik, CAP, SH3P12, Sh3d5, mKIAA1296" fgcolor="#000000" bgcolor="#BFFFBF"
             type="rectangle" x="580" y="266" width="46" height="17"/>
    </entry>
    <entry id="51" name="mmu:109711 mmu:60595" type="gene"
        link="http://www.kegg.jp/dbget-bin/www_bget?mmu:109711+mmu:60595">
        <graphics name="Actn1, 3110023F10Rik, Actn1a..." fgcolor="#000000" bgcolor="#BFFFBF"
             type="rectangle" x="573" y="668" width="46" height="17"/>
    </entry>
    <entry id="52" name="mmu:109711 mmu:60595" type="gene"
        link="http://www.kegg.jp/dbget-bin/www_bget?mmu:109711+mmu:60595">
        <graphics name="Actn1, 3110023F10Rik, Actn1a..." fgcolor="#000000" bgcolor="#BFFFBF"
             type="rectangle" x="492" y="301" width="46" height="17"/>
    </entry>
    <entry id="53" name="mmu:99167" type="gene"
        link="http://www.kegg.jp/dbget-bin/www_bget?mmu:99167">
        <graphics name="Ssx2ip, AU014939, AU042321, Adip" fgcolor="#000000" bgcolor="#BFFFBF"
             type="rectangle" x="519" y="266" width="46" height="17"/>
    </entry>
    <entry id="54" name="mmu:380928" type="gene"
        link="http://www.kegg.jp/dbget-bin/www_bget?mmu:380928">
        <graphics name="Lmo7, C78582, FBXO20, Gm914, mKIAA0858" fgcolor="#000000" bgcolor="#BFFFBF"
             type="rectangle" x="461" y="266" width="46" height="17"/>
    </entry>
    <entry id="55" name="mmu:17356" type="gene"
        link="http://www.kegg.jp/dbget-bin/www_bget?mmu:17356">
        <graphics name="Afdn, 5033403D15Rik, AF6, Af-6, Afadin, Gm314, I-afadin, Mllt4, S-afadin" fgcolor="#000000" bgcolor="#BFFFBF"
             type="rectangle" x="623" y="690" width="46" height="17"/>
    </entry>
    <entry id="56" name="mmu:17356" type="gene"
        link="http://www.kegg.jp/dbget-bin/www_bget?mmu:17356">
        <graphics name="Afdn, 5033403D15Rik, AF6, Af-6, Afadin, Gm314, I-afadin, Mllt4, S-afadin" fgcolor="#000000" bgcolor="#BFFFBF"
             type="rectangle" x="508" y="227" width="46" height="17"/>
    </entry>
    <entry id="57" name="mmu:12387" type="gene"
        link="http://www.kegg.jp/dbget-bin/www_bget?mmu:12387">
        <graphics name="Ctnnb1, Bfc, Catnb, Mesc" fgcolor="#000000" bgcolor="#BFFFBF"
             type="rectangle" x="707" y="506" width="46" height="17"/>
    </entry>
    <entry id="58" name="mmu:12550" type="gene"
        link="http://www.kegg.jp/dbget-bin/www_bget?mmu:12550">
        <graphics name="Cdh1, AA960649, ARC-1, E-cad, Ecad, L-CAM, UVO, Um" fgcolor="#000000" bgcolor="#BFFFBF"
             type="rectangle" x="107" y="647" width="46" height="17"/>
    </entry>
    <entry id="59" name="mmu:12387" type="gene"
        link="http://www.kegg.jp/dbget-bin/www_bget?mmu:12387">
        <graphics name="Ctnnb1, Bfc, Catnb, Mesc" fgcolor="#000000" bgcolor="#BFFFBF"
             type="rectangle" x="423" y="647" width="46" height="17"/>
    </entry>
    <entry id="60" name="mmu:29875" type="gene"
        link="http://www.kegg.jp/dbget-bin/www_bget?mmu:29875">
        <graphics name="Iqgap1, AA682088, D7Ertd237e, D7Ertd257e, mKIAA0051" fgcolor="#000000" bgcolor="#BFFFBF"
             type="rectangle" x="721" y="680" width="46" height="17"/>
    </entry>
    <entry id="61" name="mmu:29875" type="gene"
        link="http://www.kegg.jp/dbget-bin/www_bget?mmu:29875">
        <graphics name="Iqgap1, AA682088, D7Ertd237e, D7Ertd257e, mKIAA0051" fgcolor="#000000" bgcolor="#BFFFBF"
             type="rectangle" x="435" y="614" width="46" height="17"/>
    </entry>
    <entry id="62" name="mmu:29875" type="gene"
        link="http://www.kegg.jp/dbget-bin/www_bget?mmu:29875">
        <graphics name="Iqgap1, AA682088, D7Ertd237e, D7Ertd257e, mKIAA0051" fgcolor="#000000" bgcolor="#BFFFBF"
             type="rectangle" x="852" y="277" width="46" height="17"/>
    </entry>
    <entry id="63" name="mmu:12540 mmu:170758 mmu:19353 mmu:19354" type="gene"
        link="http://www.kegg.jp/dbget-bin/www_bget?mmu:12540+mmu:170758+mmu:19353+mmu:19354">
        <graphics name="Cdc42, AI747189, AU018915..." fgcolor="#000000" bgcolor="#BFFFBF"
             type="rectangle" x="450" y="589" width="46" height="17"/>
    </entry>
    <entry id="64" name="mmu:12388" type="gene"
        link="http://www.kegg.jp/dbget-bin/www_bget?mmu:12388">
        <graphics name="Ctnnd1, AA409437, AU019353, Catns, Ctnnd, P120, mKIAA0384" fgcolor="#000000" bgcolor="#BFFFBF"
             type="rectangle" x="325" y="359" width="46" height="17"/>
    </entry>
    <entry id="65" name="mmu:20779" type="gene"
        link="http://www.kegg.jp/dbget-bin/www_bget?mmu:20779">
        <graphics name="Src, AW259666, pp60c-src" fgcolor="#000000" bgcolor="#BFFFBF"
             type="rectangle" x="627" y="590" width="46" height="17"/>
    </entry>
    <entry id="66" name="mmu:20779" type="gene"
        link="http://www.kegg.jp/dbget-bin/www_bget?mmu:20779">
        <graphics name="Src, AW259666, pp60c-src" fgcolor="#000000" bgcolor="#BFFFBF"
             type="rectangle" x="455" y="703" width="46" height="17"/>
    </entry>
    <entry id="67" name="mmu:19294 mmu:58235 mmu:58998 mmu:71740" type="gene"
        link="http://www.kegg.jp/dbget-bin/www_bget?mmu:19294+mmu:58235+mmu:58998+mmu:71740">
        <graphics name="Nectin2, AI325026, AI987993, Cd112, MPH, Pvr, Pvrl2, Pvs, nectin-2..." fgcolor="#000000" bgcolor="#BFFFBF"
             type="rectangle" x="107" y="227" width="46" height="17"/>
    </entry>
    <entry id="68" name="mmu:12387" type="gene"
        link="http://www.kegg.jp/dbget-bin/www_bget?mmu:12387">
        <graphics name="Ctnnb1, Bfc, Catnb, Mesc" fgcolor="#000000" bgcolor="#BFFFBF"
             type="rectangle" x="423" y="345" width="46" height="17"/>
    </entry>
    <entry id="69" name="mmu:29875" type="gene"
        link="http://www.kegg.jp/dbget-bin/www_bget?mmu:29875">
        <graphics name="Iqgap1, AA682088, D7Ertd237e, D7Ertd257e, mKIAA0051" fgcolor="#000000" bgcolor="#BFFFBF"
             type="rectangle" x="408" y="317" width="46" height="17"/>
    </entry>
    <entry id="70" name="mmu:12540 mmu:170758 mmu:19353 mmu:19354" type="gene"
        link="http://www.kegg.jp/dbget-bin/www_bget?mmu:12540+mmu:170758+mmu:19353+mmu:19354">
        <graphics name="Cdc42, AI747189, AU018915..." fgcolor="#000000" bgcolor="#BFFFBF"
             type="rectangle" x="381" y="286" width="46" height="17"/>
    </entry>
    <entry id="71" name="mmu:20779" type="gene"
        link="http://www.kegg.jp/dbget-bin/www_bget?mmu:20779">
        <graphics name="Src, AW259666, pp60c-src" fgcolor="#000000" bgcolor="#BFFFBF"
             type="rectangle" x="442" y="174" width="46" height="17"/>
    </entry>
    <entry id="72" name="mmu:19294 mmu:58235 mmu:58998 mmu:71740" type="gene"
        link="http://www.kegg.jp/dbget-bin/www_bget?mmu:19294+mmu:58235+mmu:58998+mmu:71740">
        <graphics name="Nectin2, AI325026, AI987993, Cd112, MPH, Pvr, Pvrl2, Pvs, nectin-2..." fgcolor="#000000" bgcolor="#BFFFBF"
             type="rectangle" x="280" y="227" width="46" height="17"/>
    </entry>
    <entry id="73" name="mmu:93742" type="gene"
        link="http://www.kegg.jp/dbget-bin/www_bget?mmu:93742">
        <graphics name="Pard3, AA960621, AI256638, Asip, D8Ertd580e, Par-3, Par3, Pard-3, Pard3a, Phip" fgcolor="#000000" bgcolor="#BFFFBF"
             type="rectangle" x="350" y="174" width="46" height="17"/>
    </entry>
    <entry id="74" name="mmu:227377" type="gene"
        link="http://www.kegg.jp/dbget-bin/www_bget?mmu:227377">
        <graphics name="Farp2, AI465173, BC009153, D030026M03Rik, Fir, mKIAA0793" fgcolor="#000000" bgcolor="#BFFFBF"
             type="rectangle" x="533" y="174" width="46" height="17"/>
    </entry>
    <entry id="75" name="path:mmu04520" type="map"
        link="http://www.kegg.jp/dbget-bin/www_bget?mmu04520">
        <graphics name="TITLE:Adherens junction" fgcolor="#000000" bgcolor="#FFFFFF"
             type="roundrectangle" x="126" y="58" width="172" height="25"/>
    </entry>
    <entry id="76" name="path:mmu04530" type="map"
        link="http://www.kegg.jp/dbget-bin/www_bget?mmu04530">
        <graphics name="Tight junction" fgcolor="#000000" bgcolor="#FFFFFF"
             type="roundrectangle" x="653" y="118" width="110" height="25"/>
    </entry>
    <entry id="77" name="path:mmu04810" type="map"
        link="http://www.kegg.jp/dbget-bin/www_bget?mmu04810">
        <graphics name="Regulation of actin cytoskeleton" fgcolor="#000000" bgcolor="#FFFFFF"
             type="roundrectangle" x="654" y="201" width="111" height="34"/>
    </entry>
    <entry id="78" name="path:mmu04310" type="map"
        link="http://www.kegg.jp/dbget-bin/www_bget?mmu04310">
        <graphics name="Wnt signaling pathway" fgcolor="#000000" bgcolor="#FFFFFF"
             type="roundrectangle" x="560" y="506" width="109" height="33"/>
    </entry>
    <entry id="79" name="path:mmu04010" type="map"
        link="http://www.kegg.jp/dbget-bin/www_bget?mmu04010">
        <graphics name="MAPK signaling pathway" fgcolor="#000000" bgcolor="#FFFFFF"
             type="roundrectangle" x="518" y="788" width="106" height="34"/>
    </entry>
    <entry id="80" name="path:mmu04350" type="map"
        link="http://www.kegg.jp/dbget-bin/www_bget?mmu04350">
        <graphics name="TGF-beta signaling pathway" fgcolor="#000000" bgcolor="#FFFFFF"
             type="roundrectangle" x="518" y="846" width="107" height="34"/>
    </entry>
    <entry id="81" name="path:mmu04060" type="map"
        link="http://www.kegg.jp/dbget-bin/www_bget?mmu04060">
        <graphics name="Cytokine-cytokine receptor interaction" fgcolor="#000000" bgcolor="#FFFFFF"
             type="roundrectangle" x="188" y="795" width="105" height="45"/>
    </entry>
    <entry id="82" name="undefined" type="group">
        <graphics fgcolor="#000000" bgcolor="#FFFFFF"
             type="rectangle" x="910" y="285" width="46" height="34"/>
        <component id="36"/>
        <component id="37"/>
    </entry>
    <entry id="83" name="undefined" type="group">
        <graphics fgcolor="#000000" bgcolor="#FFFFFF"
             type="rectangle" x="666" y="853" width="46" height="34"/>
        <component id="1"/>
        <component id="13"/>
    </entry>
    <relation entry1="23" entry2="4" type="PPrel">
        <subtype name="inhibition" value="--|"/>
        <subtype name="phosphorylation" value="+p"/>
    </relation>
    <relation entry1="22" entry2="4" type="PPrel">
        <subtype name="inhibition" value="--|"/>
        <subtype name="phosphorylation" value="+p"/>
    </relation>
    <relation entry1="25" entry2="59" type="PPrel">
        <subtype name="inhibition" value="--|"/>
        <subtype name="phosphorylation" value="+p"/>
    </relation>
    <relation entry1="23" entry2="59" type="PPrel">
        <subtype name="inhibition" value="--|"/>
        <subtype name="phosphorylation" value="+p"/>
    </relation>
    <relation entry1="22" entry2="59" type="PPrel">
        <subtype name="inhibition" value="--|"/>
        <subtype name="phosphorylation" value="+p"/>
    </relation>
    <relation entry1="16" entry2="59" type="PPrel">
        <subtype name="inhibition" value="--|"/>
        <subtype name="phosphorylation" value="+p"/>
    </relation>
    <relation entry1="15" entry2="59" type="PPrel">
        <subtype name="inhibition" value="--|"/>
        <subtype name="phosphorylation" value="+p"/>
    </relation>
    <relation entry1="66" entry2="59" type="PPrel">
        <subtype name="inhibition" value="--|"/>
        <subtype name="phosphorylation" value="+p"/>
    </relation>
    <relation entry1="16" entry2="4" type="PPrel">
        <subtype name="inhibition" value="--|"/>
        <subtype name="phosphorylation" value="+p"/>
    </relation>
    <relation entry1="15" entry2="4" type="PPrel">
        <subtype name="inhibition" value="--|"/>
        <subtype name="phosphorylation" value="+p"/>
    </relation>
    <relation entry1="14" entry2="4" type="PPrel">
        <subtype name="inhibition" value="--|"/>
        <subtype name="phosphorylation" value="+p"/>
    </relation>
    <relation entry1="33" entry2="68" type="PPrel">
        <subtype name="activation" value="--&gt;"/>
        <subtype name="dephosphorylation" value="-p"/>
    </relation>
    <relation entry1="32" entry2="68" type="PPrel">
        <subtype name="activation" value="--&gt;"/>
        <subtype name="dephosphorylation" value="-p"/>
    </relation>
    <relation entry1="31" entry2="68" type="PPrel">
        <subtype name="activation" value="--&gt;"/>
        <subtype name="dephosphorylation" value="-p"/>
    </relation>
    <relation entry1="30" entry2="68" type="PPrel">
        <subtype name="activation" value="--&gt;"/>
        <subtype name="dephosphorylation" value="-p"/>
    </relation>
    <relation entry1="32" entry2="64" type="PPrel">
        <subtype name="activation" value="--&gt;"/>
        <subtype name="dephosphorylation" value="-p"/>
    </relation>
    <relation entry1="29" entry2="68" type="PPrel">
        <subtype name="activation" value="--&gt;"/>
        <subtype name="dephosphorylation" value="-p"/>
    </relation>
    <relation entry1="28" entry2="64" type="PPrel">
        <subtype name="activation" value="--&gt;"/>
        <subtype name="dephosphorylation" value="-p"/>
    </relation>
    <relation entry1="27" entry2="64" type="PPrel">
        <subtype name="activation" value="--&gt;"/>
        <subtype name="dephosphorylation" value="-p"/>
    </relation>
    <relation entry1="67" entry2="72" type="PPrel">
        <subtype name="binding/association" value="---"/>
    </relation>
    <relation entry1="56" entry2="72" type="PPrel">
        <subtype name="binding/association" value="---"/>
    </relation>
    <relation entry1="54" entry2="56" type="PPrel">
        <subtype name="binding/association" value="---"/>
    </relation>
    <relation entry1="53" entry2="56" type="PPrel">
        <subtype name="binding/association" value="---"/>
    </relation>
    <relation entry1="50" entry2="56" type="PPrel">
        <subtype name="binding/association" value="---"/>
    </relation>
    <relation entry1="52" entry2="54" type="PPrel">
        <subtype name="binding/association" value="---"/>
    </relation>
    <relation entry1="52" entry2="53" type="PPrel">
        <subtype name="binding/association" value="---"/>
    </relation>
    <relation entry1="49" entry2="50" type="PPrel">
        <subtype name="binding/association" value="---"/>
    </relation>
    <relation entry1="45" entry2="52" type="PPrel">
        <subtype name="binding/association" value="---"/>
    </relation>
    <relation entry1="44" entry2="52" type="PPrel">
        <subtype name="binding/association" value="---"/>
    </relation>
    <relation entry1="45" entry2="49" type="PPrel">
        <subtype name="binding/association" value="---"/>
    </relation>
    <relation entry1="44" entry2="49" type="PPrel">
        <subtype name="binding/association" value="---"/>
    </relation>
    <relation entry1="44" entry2="47" type="PPrel">
        <subtype name="binding/association" value="---"/>
    </relation>
    <relation entry1="7" entry2="8" type="PPrel">
        <subtype name="binding/association" value="---"/>
    </relation>
    <relation entry1="7" entry2="68" type="PPrel">
        <subtype name="binding/association" value="---"/>
    </relation>
    <relation entry1="45" entry2="68" type="PPrel">
        <subtype name="binding/association" value="---"/>
    </relation>
    <relation entry1="44" entry2="45" type="PPrel">
        <subtype name="binding/association" value="---"/>
    </relation>
    <relation entry1="71" entry2="74" type="PPrel">
        <subtype name="activation" value="--&gt;"/>
        <subtype name="phosphorylation" value="+p"/>
    </relation>
    <relation entry1="26" entry2="68" type="PPrel">
        <subtype name="activation" value="--&gt;"/>
        <subtype name="phosphorylation" value="+p"/>
    </relation>
    <relation entry1="74" entry2="42" type="PPrel">
        <subtype name="activation" value="--&gt;"/>
    </relation>
    <relation entry1="42" entry2="39" type="PPrel">
        <subtype name="activation" value="--&gt;"/>
    </relation>
    <relation entry1="42" entry2="38" type="PPrel">
        <subtype name="activation" value="--&gt;"/>
    </relation>
    <relation entry1="42" entry2="62" type="PPrel">
        <subtype name="activation" value="--&gt;"/>
    </relation>
    <relation entry1="56" entry2="44" type="PPrel">
        <subtype name="activation" value="--&gt;"/>
    </relation>
    <relation entry1="35" entry2="44" type="PPrel">
        <subtype name="activation" value="--&gt;"/>
    </relation>
    <relation entry1="41" entry2="62" type="PPrel">
        <subtype name="activation" value="--&gt;"/>
    </relation>
    <relation entry1="41" entry2="82" type="PPrel">
        <subtype name="activation" value="--&gt;"/>
    </relation>
    <relation entry1="9" entry2="57" type="PPrel">
        <subtype name="binding/association" value="---"/>
    </relation>
    <relation entry1="59" entry2="57" type="PPrel">
        <subtype name="activation" value="--&gt;"/>
    </relation>
    <relation entry1="61" entry2="59" type="PPrel">
        <subtype name="inhibition" value="--|"/>
    </relation>
    <relation entry1="6" entry2="58" type="PPrel">
        <subtype name="dissociation" value="-+-"/>
    </relation>
    <relation entry1="6" entry2="59" type="PPrel">
        <subtype name="dissociation" value="-+-"/>
    </relation>
    <relation entry1="3" entry2="59" type="PPrel">
        <subtype name="dissociation" value="-+-"/>
    </relation>
    <relation entry1="3" entry2="43" type="PPrel">
        <subtype name="dissociation" value="-+-"/>
    </relation>
    <relation entry1="65" entry2="34" type="PPrel">
        <subtype name="inhibition" value="--|"/>
    </relation>
    <relation entry1="3" entry2="51" type="PPrel">
        <subtype name="binding/association" value="---"/>
    </relation>
    <relation entry1="3" entry2="48" type="PPrel">
        <subtype name="binding/association" value="---"/>
    </relation>
    <relation entry1="3" entry2="46" type="PPrel">
        <subtype name="binding/association" value="---"/>
    </relation>
    <relation entry1="3" entry2="55" type="PPrel">
        <subtype name="binding/association" value="---"/>
    </relation>
    <relation entry1="43" entry2="51" type="PPrel">
        <subtype name="binding/association" value="---"/>
    </relation>
    <relation entry1="43" entry2="48" type="PPrel">
        <subtype name="binding/association" value="---"/>
    </relation>
    <relation entry1="43" entry2="46" type="PPrel">
        <subtype name="binding/association" value="---"/>
    </relation>
    <relation entry1="43" entry2="55" type="PPrel">
        <subtype name="binding/association" value="---"/>
    </relation>
    <relation entry1="72" entry2="73" type="PPrel">
        <subtype name="activation" value="--&gt;"/>
    </relation>
    <relation entry1="71" entry2="41" type="PPrel">
        <subtype name="indirect effect" value="..&gt;"/>
    </relation>
    <relation entry1="42" entry2="41" type="PPrel">
        <subtype name="indirect effect" value="..&gt;"/>
    </relation>
    <relation entry1="72" entry2="71" type="PPrel">
        <subtype name="indirect effect" value="..&gt;"/>
    </relation>
    <relation entry1="22" entry2="19" type="PPrel">
        <subtype name="indirect effect" value="..&gt;"/>
    </relation>
    <relation entry1="19" entry2="18" type="PPrel">
        <subtype name="indirect effect" value="..&gt;"/>
    </relation>
    <relation entry1="21" entry2="17" type="PPrel">
        <subtype name="indirect effect" value="..&gt;"/>
    </relation>
    <relation entry1="20" entry2="17" type="PPrel">
        <subtype name="indirect effect" value="..&gt;"/>
    </relation>
    <relation entry1="20" entry2="83" type="PPrel">
        <subtype name="indirect effect" value="..&gt;"/>
    </relation>
    <relation entry1="11" entry2="10" type="PPrel">
        <subtype name="activation" value="--&gt;"/>
        <subtype name="phosphorylation" value="+p"/>
    </relation>
    <relation entry1="39" entry2="44" type="PPrel">
        <subtype name="activation" value="--&gt;"/>
    </relation>
    <relation entry1="38" entry2="44" type="PPrel">
        <subtype name="activation" value="--&gt;"/>
    </relation>
    <relation entry1="62" entry2="44" type="PPrel">
        <subtype name="activation" value="--&gt;"/>
    </relation>
    <relation entry1="5" entry2="70" type="PPrel">
        <subtype name="activation" value="--&gt;"/>
    </relation>
    <relation entry1="70" entry2="69" type="PPrel">
        <subtype name="inhibition" value="--|"/>
    </relation>
    <relation entry1="14" entry2="15" type="PPrel">
        <subtype name="activation" value="--&gt;"/>
        <subtype name="phosphorylation" value="+p"/>
    </relation>
    <relation entry1="82" entry2="44" type="PPrel">
        <subtype name="activation" value="--&gt;"/>
    </relation>
    <relation entry1="14" entry2="16" type="PPrel">
        <subtype name="activation" value="--&gt;"/>
        <subtype name="phosphorylation" value="+p"/>
    </relation>
</pathway>
