<?xml version="1.0"?>
<!DOCTYPE pathway SYSTEM "http://www.kegg.jp/kegg/xml/KGML_v0.7.2_.dtd">
<!-- Creation date: Dec 14, 2015 16:04:51 +0900 (GMT+9) -->
<pathway name="path:mmu00830" org="mmu" number="00830"
         title="Retinol metabolism"
         image="http://www.kegg.jp/kegg/pathway/mmu/mmu00830.png"
         link="http://www.kegg.jp/kegg-bin/show_pathway?mmu00830">
    <entry id="3" name="cpd:C05917" type="compound"
        link="http://www.kegg.jp/dbget-bin/www_bget?C05917">
        <graphics name="C05917" fgcolor="#000000" bgcolor="#FFFFFF"
             type="circle" x="359" y="373" width="8" height="8"/>
    </entry>
    <entry id="4" name="path:mmu00830" type="map"
        link="http://www.kegg.jp/dbget-bin/www_bget?mmu00830">
        <graphics name="TITLE:Retinol metabolism" fgcolor="#000000" bgcolor="#FFFFFF"
             type="roundrectangle" x="176" y="58" width="271" height="25"/>
    </entry>
    <entry id="5" name="cpd:C00473" type="compound"
        link="http://www.kegg.jp/dbget-bin/www_bget?C00473">
        <graphics name="C00473" fgcolor="#000000" bgcolor="#FFFFFF"
             type="circle" x="198" y="272" width="8" height="8"/>
    </entry>
    <entry id="7" name="mmu:11522 mmu:11529 mmu:11532 mmu:26876" type="gene" reaction="rn:R02124"
        link="http://www.kegg.jp/dbget-bin/www_bget?mmu:11522+mmu:11529+mmu:11532+mmu:26876">
        <graphics name="Adh1, ADH-AA, AI194826, Adh-1, Adh-1-t, Adh-1e, Adh-1t, Adh-3e, Adh1-e, Adh1-t, Adh1tl, Adh3-e..." fgcolor="#000000" bgcolor="#BFFFBF"
             type="rectangle" x="252" y="259" width="46" height="17"/>
    </entry>
    <entry id="8" name="cpd:C00376" type="compound"
        link="http://www.kegg.jp/dbget-bin/www_bget?C00376">
        <graphics name="C00376" fgcolor="#000000" bgcolor="#FFFFFF"
             type="circle" x="359" y="272" width="8" height="8"/>
    </entry>
    <entry id="10" name="mmu:63857" type="gene" reaction="rn:R00032"
        link="http://www.kegg.jp/dbget-bin/www_bget?mmu:63857">
        <graphics name="Bco1, Bcdo, Bcdo1, Bcmo1, CMO1, Cmoi, beta-CD, betaCMOOX" fgcolor="#000000" bgcolor="#BFFFBF"
             type="rectangle" x="359" y="233" width="46" height="17"/>
    </entry>
    <entry id="11" name="cpd:C02094" type="compound"
        link="http://www.kegg.jp/dbget-bin/www_bget?C02094">
        <graphics name="C02094" fgcolor="#000000" bgcolor="#FFFFFF"
             type="circle" x="359" y="208" width="8" height="8"/>
    </entry>
    <entry id="13" name="mmu:11668 mmu:19378 mmu:26358" type="gene" reaction="rn:R02123"
        link="http://www.kegg.jp/dbget-bin/www_bget?mmu:11668+mmu:19378+mmu:26358">
        <graphics name="Aldh1a1, Ahd-2, Ahd2, Aldh1, Aldh1a2, E1, Raldh1..." fgcolor="#000000" bgcolor="#BFFFBF"
             type="rectangle" x="467" y="218" width="46" height="17"/>
    </entry>
    <entry id="14" name="cpd:C00777" type="compound"
        link="http://www.kegg.jp/dbget-bin/www_bget?C00777">
        <graphics name="C00777" fgcolor="#000000" bgcolor="#FFFFFF"
             type="circle" x="551" y="208" width="8" height="8"/>
    </entry>
    <entry id="15" name="mmu:11761 mmu:213043 mmu:71724 mmu:71872" type="gene" reaction="rn:R02125"
        link="http://www.kegg.jp/dbget-bin/www_bget?mmu:11761+mmu:213043+mmu:71724+mmu:71872">
        <graphics name="Aox1, AI196512, AI255253, Ao, Aox-1, Aox-2, Aox2, Moro, Ro..." fgcolor="#000000" bgcolor="#BFFFBF"
             type="rectangle" x="467" y="197" width="46" height="17"/>
    </entry>
    <entry id="16" name="cpd:C02075 cpd:C02588" type="compound"
        link="http://www.kegg.jp/dbget-bin/www_bget?C02075+C02588">
        <graphics name="C02075..." fgcolor="#000000" bgcolor="#FFFFFF"
             type="circle" x="198" y="373" width="8" height="8"/>
    </entry>
    <entry id="19" name="mmu:79235" type="gene" reaction="rn:R08387"
        link="http://www.kegg.jp/dbget-bin/www_bget?mmu:79235">
        <graphics name="Lrat, 1300010A18Rik, AI449251" fgcolor="#000000" bgcolor="#BFFFBF"
             type="rectangle" x="223" y="339" width="46" height="17"/>
    </entry>
    <entry id="20" name="cpd:C00899" type="compound"
        link="http://www.kegg.jp/dbget-bin/www_bget?C00899">
        <graphics name="C00899" fgcolor="#000000" bgcolor="#FFFFFF"
             type="circle" x="198" y="474" width="8" height="8"/>
    </entry>
    <entry id="21" name="cpd:C02110" type="compound"
        link="http://www.kegg.jp/dbget-bin/www_bget?C02110">
        <graphics name="C02110" fgcolor="#000000" bgcolor="#FFFFFF"
             type="circle" x="359" y="474" width="8" height="8"/>
    </entry>
    <entry id="23" name="mmu:17252 mmu:19682 mmu:98711" type="gene" reaction="rn:R03048 rn:R08380"
        link="http://www.kegg.jp/dbget-bin/www_bget?mmu:17252+mmu:19682+mmu:98711">
        <graphics name="Rdh11, 2610319N22Rik, AI428145, AU045252, Arsdr1, C85936, CGI-82, HCBP12, M42C60, Mdt1, Psdr1, SCALD, UBE-1c1, Ube-1c..." fgcolor="#000000" bgcolor="#BFFFBF"
             type="rectangle" x="269" y="478" width="46" height="17"/>
    </entry>
    <entry id="25" name="cpd:C16682" type="compound"
        link="http://www.kegg.jp/dbget-bin/www_bget?C16682">
        <graphics name="C16682" fgcolor="#000000" bgcolor="#FFFFFF"
             type="circle" x="198" y="128" width="8" height="8"/>
    </entry>
    <entry id="27" name="cpd:C16681" type="compound"
        link="http://www.kegg.jp/dbget-bin/www_bget?C16681">
        <graphics name="C16681" fgcolor="#000000" bgcolor="#FFFFFF"
             type="circle" x="360" y="128" width="8" height="8"/>
    </entry>
    <entry id="29" name="cpd:C15493" type="compound"
        link="http://www.kegg.jp/dbget-bin/www_bget?C15493">
        <graphics name="C15493" fgcolor="#000000" bgcolor="#FFFFFF"
             type="circle" x="551" y="128" width="8" height="8"/>
    </entry>
    <entry id="31" name="cpd:C15492" type="compound"
        link="http://www.kegg.jp/dbget-bin/www_bget?C15492">
        <graphics name="C15492" fgcolor="#000000" bgcolor="#FFFFFF"
             type="circle" x="100" y="208" width="8" height="8"/>
    </entry>
    <entry id="32" name="mmu:67442" type="gene" reaction="rn:R07163"
        link="http://www.kegg.jp/dbget-bin/www_bget?mmu:67442">
        <graphics name="Retsat, 0610039N19Rik, C80029, MMT-7, Ppsig" fgcolor="#000000" bgcolor="#BFFFBF"
             type="rectangle" x="150" y="209" width="46" height="17"/>
    </entry>
    <entry id="33" name="mmu:19892" type="gene" reaction="rn:R08388"
        link="http://www.kegg.jp/dbget-bin/www_bget?mmu:19892">
        <graphics name="Rpe65, 65kDa, A930029L06Rik, LCA2, Mord1, RP20, rd12" fgcolor="#000000" bgcolor="#BFFFBF"
             type="rectangle" x="198" y="419" width="46" height="17"/>
    </entry>
    <entry id="34" name="mmu:17252 mmu:19682 mmu:77974" type="gene" reaction="rn:R08382 rn:R08383"
        link="http://www.kegg.jp/dbget-bin/www_bget?mmu:17252+mmu:19682+mmu:77974">
        <graphics name="Rdh11, 2610319N22Rik, AI428145, AU045252, Arsdr1, C85936, CGI-82, HCBP12, M42C60, Mdt1, Psdr1, SCALD, UBE-1c1, Ube-1c..." fgcolor="#000000" bgcolor="#BFFFBF"
             type="rectangle" x="276" y="139" width="46" height="17"/>
    </entry>
    <entry id="39" name="cpd:C00778" type="compound"
        link="http://www.kegg.jp/dbget-bin/www_bget?C00778">
        <graphics name="C00778" fgcolor="#000000" bgcolor="#FFFFFF"
             type="circle" x="410" y="474" width="8" height="8"/>
    </entry>
    <entry id="40" name="cpd:C05914" type="compound"
        link="http://www.kegg.jp/dbget-bin/www_bget?C05914">
        <graphics name="C05914" fgcolor="#000000" bgcolor="#FFFFFF"
             type="circle" x="410" y="423" width="8" height="8"/>
    </entry>
    <entry id="41" name="cpd:C05915" type="compound"
        link="http://www.kegg.jp/dbget-bin/www_bget?C05915">
        <graphics name="C05915" fgcolor="#000000" bgcolor="#FFFFFF"
             type="circle" x="410" y="373" width="8" height="8"/>
    </entry>
    <entry id="42" name="cpd:C05916" type="compound"
        link="http://www.kegg.jp/dbget-bin/www_bget?C05916">
        <graphics name="C05916" fgcolor="#000000" bgcolor="#FFFFFF"
             type="circle" x="410" y="323" width="8" height="8"/>
    </entry>
    <entry id="44" name="mmu:13350 mmu:245532" type="gene" reaction="rn:R08381"
        link="http://www.kegg.jp/dbget-bin/www_bget?mmu:13350+mmu:245532">
        <graphics name="Dgat1, ARAT, C75990, D15Ertd23e, Dgat..." fgcolor="#000000" bgcolor="#BFFFBF"
             type="rectangle" x="173" y="541" width="46" height="17"/>
    </entry>
    <entry id="46" name="cpd:C03455" type="compound"
        link="http://www.kegg.jp/dbget-bin/www_bget?C03455">
        <graphics name="C03455" fgcolor="#000000" bgcolor="#FFFFFF"
             type="circle" x="198" y="575" width="8" height="8"/>
    </entry>
    <entry id="47" name="mmu:79235" type="gene" reaction="rn:R08389"
        link="http://www.kegg.jp/dbget-bin/www_bget?mmu:79235">
        <graphics name="Lrat, 1300010A18Rik, AI449251" fgcolor="#000000" bgcolor="#BFFFBF"
             type="rectangle" x="223" y="541" width="46" height="17"/>
    </entry>
    <entry id="48" name="mmu:13350 mmu:245532" type="gene" reaction="rn:R02366 rn:R02367"
        link="http://www.kegg.jp/dbget-bin/www_bget?mmu:13350+mmu:245532">
        <graphics name="Dgat1, ARAT, C75990, D15Ertd23e, Dgat..." fgcolor="#000000" bgcolor="#BFFFBF"
             type="rectangle" x="173" y="339" width="46" height="17"/>
    </entry>
    <entry id="49" name="cpd:C05916" type="compound"
        link="http://www.kegg.jp/dbget-bin/www_bget?C05916">
        <graphics name="C05916" fgcolor="#000000" bgcolor="#FFFFFF"
             type="circle" x="410" y="272" width="8" height="8"/>
    </entry>
    <entry id="52" name="cpd:C11061" type="compound"
        link="http://www.kegg.jp/dbget-bin/www_bget?C11061">
        <graphics name="C11061" fgcolor="#000000" bgcolor="#FFFFFF"
             type="circle" x="699" y="373" width="8" height="8"/>
    </entry>
    <entry id="54" name="mmu:13082 mmu:232174 mmu:546726" type="gene" reaction="rn:R08392"
        link="http://www.kegg.jp/dbget-bin/www_bget?mmu:13082+mmu:232174+mmu:546726">
        <graphics name="Cyp26a1, Cyp26, P450RA, P450RAI, RAH..." fgcolor="#000000" bgcolor="#BFFFBF"
             type="rectangle" x="594" y="198" width="46" height="17"/>
    </entry>
    <entry id="55" name="cpd:C16677" type="compound"
        link="http://www.kegg.jp/dbget-bin/www_bget?C16677">
        <graphics name="C16677" fgcolor="#000000" bgcolor="#FFFFFF"
             type="circle" x="699" y="208" width="8" height="8"/>
    </entry>
    <entry id="56" name="mmu:100041375 mmu:13112 mmu:13113 mmu:13114 mmu:337924 mmu:53973 mmu:56388" type="gene" reaction="rn:R08392"
        link="http://www.kegg.jp/dbget-bin/www_bget?mmu:100041375+mmu:13112+mmu:13113+mmu:13114+mmu:337924+mmu:53973+mmu:56388">
        <graphics name="Cyp3a41b..." fgcolor="#000000" bgcolor="#BFFFBF"
             type="rectangle" x="642" y="219" width="46" height="17"/>
    </entry>
    <entry id="57" name="mmu:13076 mmu:13077" type="gene" reaction="rn:R08392"
        link="http://www.kegg.jp/dbget-bin/www_bget?mmu:13076+mmu:13077">
        <graphics name="Cyp1a1, AHH, AHRR, CP11, CYPIA1, P450-1..." fgcolor="#000000" bgcolor="#BFFFBF"
             type="rectangle" x="642" y="198" width="46" height="17"/>
    </entry>
    <entry id="59" name="cpd:C16678" type="compound"
        link="http://www.kegg.jp/dbget-bin/www_bget?C16678">
        <graphics name="C16678" fgcolor="#000000" bgcolor="#FFFFFF"
             type="circle" x="848" y="208" width="8" height="8"/>
    </entry>
    <entry id="62" name="cpd:C16683" type="compound"
        link="http://www.kegg.jp/dbget-bin/www_bget?C16683">
        <graphics name="C16683" fgcolor="#000000" bgcolor="#FFFFFF"
             type="circle" x="301" y="208" width="8" height="8"/>
    </entry>
    <entry id="64" name="mmu:13082 mmu:232174 mmu:546726" type="gene"
        link="http://www.kegg.jp/dbget-bin/www_bget?mmu:13082+mmu:232174+mmu:546726">
        <graphics name="Cyp26a1, Cyp26, P450RA, P450RAI, RAH..." fgcolor="#000000" bgcolor="#BFFFBF"
             type="rectangle" x="756" y="198" width="46" height="17"/>
    </entry>
    <entry id="65" name="mmu:13082" type="gene"
        link="http://www.kegg.jp/dbget-bin/www_bget?mmu:13082">
        <graphics name="Cyp26a1, Cyp26, P450RA, P450RAI, RAH" fgcolor="#000000" bgcolor="#BFFFBF"
             type="rectangle" x="245" y="209" width="46" height="17"/>
    </entry>
    <entry id="66" name="path:map00906" type="map"
        link="http://www.kegg.jp/dbget-bin/www_bget?map00906">
        <graphics name="Carotenoid biosynthesis" fgcolor="#000000" bgcolor="#FFFFFF"
             type="roundrectangle" x="360" y="162" width="75" height="34"/>
    </entry>
    <entry id="67" name="mmu:103142 mmu:107605 mmu:17252 mmu:19683 mmu:235033 mmu:54150 mmu:77974 mmu:98711" type="gene" reaction="rn:R02124 rn:R08379"
        link="http://www.kegg.jp/dbget-bin/www_bget?mmu:103142+mmu:107605+mmu:17252+mmu:19683+mmu:235033+mmu:54150+mmu:77974+mmu:98711">
        <graphics name="Rdh9, AI121090, Crad3..." fgcolor="#000000" bgcolor="#BFFFBF"
             type="rectangle" x="252" y="280" width="46" height="17"/>
    </entry>
    <entry id="68" name="mmu:20148 mmu:241452 mmu:28200" type="gene" reaction="rn:R02124 rn:R08379"
        link="http://www.kegg.jp/dbget-bin/www_bget?mmu:20148+mmu:241452+mmu:28200">
        <graphics name="Dhrs3, Rsdr1, retSDR1..." fgcolor="#000000" bgcolor="#BFFFBF"
             type="rectangle" x="300" y="280" width="46" height="17"/>
    </entry>
    <entry id="70" name="cpd:C16680" type="compound"
        link="http://www.kegg.jp/dbget-bin/www_bget?C16680">
        <graphics name="C16680" fgcolor="#000000" bgcolor="#FFFFFF"
             type="circle" x="699" y="323" width="8" height="8"/>
    </entry>
    <entry id="71" name="cpd:C16679" type="compound"
        link="http://www.kegg.jp/dbget-bin/www_bget?C16679">
        <graphics name="C16679" fgcolor="#000000" bgcolor="#FFFFFF"
             type="circle" x="699" y="272" width="8" height="8"/>
    </entry>
    <entry id="73" name="mmu:13082 mmu:232174 mmu:546726" type="gene" reaction="rn:R08390"
        link="http://www.kegg.jp/dbget-bin/www_bget?mmu:13082+mmu:232174+mmu:546726">
        <graphics name="Cyp26a1, Cyp26, P450RA, P450RAI, RAH..." fgcolor="#000000" bgcolor="#BFFFBF"
             type="rectangle" x="617" y="243" width="46" height="17"/>
    </entry>
    <entry id="74" name="mmu:13085 mmu:13086 mmu:13087 mmu:13088 mmu:13089 mmu:13090 mmu:13094 mmu:243881 mmu:74134" type="gene" reaction="rn:R08391"
        link="http://www.kegg.jp/dbget-bin/www_bget?mmu:13085+mmu:13086+mmu:13087+mmu:13088+mmu:13089+mmu:13090+mmu:13094+mmu:243881+mmu:74134">
        <graphics name="Cyp2a12..." fgcolor="#000000" bgcolor="#BFFFBF"
             type="rectangle" x="617" y="313" width="46" height="17"/>
    </entry>
    <entry id="75" name="mmu:100041375 mmu:13112 mmu:13113 mmu:13114 mmu:337924 mmu:53973 mmu:56388" type="gene" reaction="rn:R08391"
        link="http://www.kegg.jp/dbget-bin/www_bget?mmu:100041375+mmu:13112+mmu:13113+mmu:13114+mmu:337924+mmu:53973+mmu:56388">
        <graphics name="Cyp3a41b..." fgcolor="#000000" bgcolor="#BFFFBF"
             type="rectangle" x="617" y="334" width="46" height="17"/>
    </entry>
    <entry id="76" name="mmu:100041375 mmu:13112 mmu:13113 mmu:13114 mmu:337924 mmu:53973 mmu:56388" type="gene" reaction="rn:R08390"
        link="http://www.kegg.jp/dbget-bin/www_bget?mmu:100041375+mmu:13112+mmu:13113+mmu:13114+mmu:337924+mmu:53973+mmu:56388">
        <graphics name="Cyp3a41b..." fgcolor="#000000" bgcolor="#BFFFBF"
             type="rectangle" x="593" y="283" width="46" height="17"/>
    </entry>
    <entry id="77" name="mmu:13076" type="gene" reaction="rn:R08390"
        link="http://www.kegg.jp/dbget-bin/www_bget?mmu:13076">
        <graphics name="Cyp1a1, AHH, AHRR, CP11, CYPIA1, P450-1" fgcolor="#000000" bgcolor="#BFFFBF"
             type="rectangle" x="593" y="262" width="46" height="17"/>
    </entry>
    <entry id="78" name="mmu:100040843 mmu:13117 mmu:13118 mmu:13119 mmu:230639 mmu:277753 mmu:435802 mmu:666168" type="gene" reaction="rn:R08390"
        link="http://www.kegg.jp/dbget-bin/www_bget?mmu:100040843+mmu:13117+mmu:13118+mmu:13119+mmu:230639+mmu:277753+mmu:435802+mmu:666168">
        <graphics name="Cyp4a32..." fgcolor="#000000" bgcolor="#BFFFBF"
             type="rectangle" x="641" y="283" width="46" height="17"/>
    </entry>
    <entry id="79" name="mmu:107141 mmu:13085 mmu:13086 mmu:13087 mmu:13088 mmu:13089 mmu:13090 mmu:13094 mmu:13095 mmu:13096 mmu:13097 mmu:13098 mmu:13099 mmu:226105 mmu:226143 mmu:243881 mmu:404195 mmu:433247 mmu:69888 mmu:72082 mmu:72303" type="gene" reaction="rn:R08390"
        link="http://www.kegg.jp/dbget-bin/www_bget?mmu:107141+mmu:13085+mmu:13086+mmu:13087+mmu:13088+mmu:13089+mmu:13090+mmu:13094+mmu:13095+mmu:13096+mmu:13097+mmu:13098+mmu:13099+mmu:226105+mmu:226143+mmu:243881+mmu:404195+mmu:433247+mmu:69888+mmu:72082+mmu:72303">
        <graphics name="Cyp2c50, AI266900..." fgcolor="#000000" bgcolor="#BFFFBF"
             type="rectangle" x="641" y="262" width="46" height="17"/>
    </entry>
    <entry id="80" name="mmu:13076 mmu:13077" type="gene"
        link="http://www.kegg.jp/dbget-bin/www_bget?mmu:13076+mmu:13077">
        <graphics name="Cyp1a1, AHH, AHRR, CP11, CYPIA1, P450-1..." fgcolor="#000000" bgcolor="#BFFFBF"
             type="rectangle" x="804" y="198" width="46" height="17"/>
    </entry>
    <entry id="81" name="mmu:100041375 mmu:13112 mmu:13113 mmu:13114 mmu:337924 mmu:53973 mmu:56388" type="gene"
        link="http://www.kegg.jp/dbget-bin/www_bget?mmu:100041375+mmu:13112+mmu:13113+mmu:13114+mmu:337924+mmu:53973+mmu:56388">
        <graphics name="Cyp3a41b..." fgcolor="#000000" bgcolor="#BFFFBF"
             type="rectangle" x="804" y="219" width="46" height="17"/>
    </entry>
    <entry id="82" name="mmu:107141 mmu:13085 mmu:13086 mmu:13087 mmu:13088 mmu:13089 mmu:13090 mmu:13094 mmu:13095 mmu:13096 mmu:13097 mmu:13098 mmu:13099 mmu:226105 mmu:226143 mmu:243881 mmu:404195 mmu:433247 mmu:69888 mmu:72082 mmu:72303 mmu:74134" type="gene" reaction="rn:R08392"
        link="http://www.kegg.jp/dbget-bin/www_bget?mmu:107141+mmu:13085+mmu:13086+mmu:13087+mmu:13088+mmu:13089+mmu:13090+mmu:13094+mmu:13095+mmu:13096+mmu:13097+mmu:13098+mmu:13099+mmu:226105+mmu:226143+mmu:243881+mmu:404195+mmu:433247+mmu:69888+mmu:72082+mmu:72303+mmu:74134">
        <graphics name="Cyp2c50, AI266900..." fgcolor="#000000" bgcolor="#BFFFBF"
             type="rectangle" x="594" y="219" width="46" height="17"/>
    </entry>
    <entry id="83" name="mmu:107141 mmu:13085 mmu:13086 mmu:13087 mmu:13088 mmu:13089 mmu:13090 mmu:13094 mmu:13095 mmu:13096 mmu:13097 mmu:13098 mmu:13099 mmu:226105 mmu:226143 mmu:243881 mmu:404195 mmu:433247 mmu:69888 mmu:72082 mmu:72303 mmu:74134" type="gene"
        link="http://www.kegg.jp/dbget-bin/www_bget?mmu:107141+mmu:13085+mmu:13086+mmu:13087+mmu:13088+mmu:13089+mmu:13090+mmu:13094+mmu:13095+mmu:13096+mmu:13097+mmu:13098+mmu:13099+mmu:226105+mmu:226143+mmu:243881+mmu:404195+mmu:433247+mmu:69888+mmu:72082+mmu:72303+mmu:74134">
        <graphics name="Cyp2c50, AI266900..." fgcolor="#000000" bgcolor="#BFFFBF"
             type="rectangle" x="756" y="219" width="46" height="17"/>
    </entry>
    <entry id="85" name="mmu:28200" type="gene" reaction="rn:R08383"
        link="http://www.kegg.jp/dbget-bin/www_bget?mmu:28200">
        <graphics name="Dhrs4, AI043103, AI790593, CR, D14Ucla2, NDRD, PHCR, PSCD, RRD, mouNRDR" fgcolor="#000000" bgcolor="#BFFFBF"
             type="rectangle" x="276" y="118" width="46" height="17"/>
    </entry>
    <entry id="86" name="mmu:11761 mmu:213043 mmu:71724 mmu:71872" type="gene" reaction="rn:R08384"
        link="http://www.kegg.jp/dbget-bin/www_bget?mmu:11761+mmu:213043+mmu:71724+mmu:71872">
        <graphics name="Aox1, AI196512, AI255253, Ao, Aox-1, Aox-2, Aox2, Moro, Ro..." fgcolor="#000000" bgcolor="#BFFFBF"
             type="rectangle" x="467" y="118" width="46" height="17"/>
    </entry>
    <entry id="87" name="mmu:11668 mmu:19378 mmu:26358" type="gene" reaction="rn:R08385"
        link="http://www.kegg.jp/dbget-bin/www_bget?mmu:11668+mmu:19378+mmu:26358">
        <graphics name="Aldh1a1, Ahd-2, Ahd2, Aldh1, Aldh1a2, E1, Raldh1..." fgcolor="#000000" bgcolor="#BFFFBF"
             type="rectangle" x="467" y="139" width="46" height="17"/>
    </entry>
    <entry id="88" name="mmu:100559 mmu:100727 mmu:112417 mmu:22236 mmu:22238 mmu:231396 mmu:243085 mmu:394430 mmu:394432 mmu:394433 mmu:394434 mmu:394435 mmu:394436 mmu:552899 mmu:71773 mmu:72094 mmu:94215 mmu:94284" type="gene" reaction="rn:R02902"
        link="http://www.kegg.jp/dbget-bin/www_bget?mmu:100559+mmu:100727+mmu:112417+mmu:22236+mmu:22238+mmu:231396+mmu:243085+mmu:394430+mmu:394432+mmu:394433+mmu:394434+mmu:394435+mmu:394436+mmu:552899+mmu:71773+mmu:72094+mmu:94215+mmu:94284">
        <graphics name="Ugt2b38, 9430041C03Rik, AA986709..." fgcolor="#000000" bgcolor="#BFFFBF"
             type="rectangle" x="617" y="373" width="46" height="17"/>
    </entry>
    <entry id="89" name="ko:K11157" type="ortholog" reaction="rn:R02368"
        link="http://www.kegg.jp/dbget-bin/www_bget?K11157">
        <graphics name="K11157" fgcolor="#000000" bgcolor="#FFFFFF"
             type="rectangle" x="140" y="314" width="46" height="17"/>
    </entry>
    <entry id="91" name="mmu:242285 mmu:27400" type="gene" reaction="rn:R02124"
        link="http://www.kegg.jp/dbget-bin/www_bget?mmu:242285+mmu:27400">
        <graphics name="Sdr16c5, Rdhe2, Scdr9..." fgcolor="#000000" bgcolor="#BFFFBF"
             type="rectangle" x="300" y="259" width="46" height="17"/>
    </entry>
    <relation entry1="85" entry2="86" type="ECrel">
        <subtype name="compound" value="27"/>
    </relation>
    <relation entry1="85" entry2="87" type="ECrel">
        <subtype name="compound" value="27"/>
    </relation>
    <relation entry1="34" entry2="86" type="ECrel">
        <subtype name="compound" value="27"/>
    </relation>
    <relation entry1="34" entry2="87" type="ECrel">
        <subtype name="compound" value="27"/>
    </relation>
    <relation entry1="32" entry2="65" type="ECrel">
        <subtype name="compound" value="5"/>
    </relation>
    <relation entry1="32" entry2="7" type="ECrel">
        <subtype name="compound" value="5"/>
    </relation>
    <relation entry1="32" entry2="67" type="ECrel">
        <subtype name="compound" value="5"/>
    </relation>
    <relation entry1="32" entry2="68" type="ECrel">
        <subtype name="compound" value="5"/>
    </relation>
    <relation entry1="32" entry2="19" type="ECrel">
        <subtype name="compound" value="5"/>
    </relation>
    <relation entry1="32" entry2="48" type="ECrel">
        <subtype name="compound" value="5"/>
    </relation>
    <relation entry1="65" entry2="7" type="ECrel">
        <subtype name="compound" value="5"/>
    </relation>
    <relation entry1="65" entry2="67" type="ECrel">
        <subtype name="compound" value="5"/>
    </relation>
    <relation entry1="65" entry2="68" type="ECrel">
        <subtype name="compound" value="5"/>
    </relation>
    <relation entry1="65" entry2="19" type="ECrel">
        <subtype name="compound" value="5"/>
    </relation>
    <relation entry1="65" entry2="48" type="ECrel">
        <subtype name="compound" value="5"/>
    </relation>
    <relation entry1="7" entry2="19" type="ECrel">
        <subtype name="compound" value="5"/>
    </relation>
    <relation entry1="7" entry2="48" type="ECrel">
        <subtype name="compound" value="5"/>
    </relation>
    <relation entry1="67" entry2="19" type="ECrel">
        <subtype name="compound" value="5"/>
    </relation>
    <relation entry1="67" entry2="48" type="ECrel">
        <subtype name="compound" value="5"/>
    </relation>
    <relation entry1="68" entry2="19" type="ECrel">
        <subtype name="compound" value="5"/>
    </relation>
    <relation entry1="68" entry2="48" type="ECrel">
        <subtype name="compound" value="5"/>
    </relation>
    <relation entry1="19" entry2="33" type="ECrel">
        <subtype name="compound" value="16"/>
    </relation>
    <relation entry1="48" entry2="33" type="ECrel">
        <subtype name="compound" value="16"/>
    </relation>
    <relation entry1="33" entry2="44" type="ECrel">
        <subtype name="compound" value="20"/>
    </relation>
    <relation entry1="33" entry2="47" type="ECrel">
        <subtype name="compound" value="20"/>
    </relation>
    <relation entry1="33" entry2="23" type="ECrel">
        <subtype name="compound" value="20"/>
    </relation>
    <relation entry1="44" entry2="23" type="ECrel">
        <subtype name="compound" value="20"/>
    </relation>
    <relation entry1="47" entry2="23" type="ECrel">
        <subtype name="compound" value="20"/>
    </relation>
    <relation entry1="10" entry2="7" type="ECrel">
        <subtype name="compound" value="8"/>
    </relation>
    <relation entry1="10" entry2="67" type="ECrel">
        <subtype name="compound" value="8"/>
    </relation>
    <relation entry1="10" entry2="68" type="ECrel">
        <subtype name="compound" value="8"/>
    </relation>
    <relation entry1="10" entry2="13" type="ECrel">
        <subtype name="compound" value="8"/>
    </relation>
    <relation entry1="10" entry2="15" type="ECrel">
        <subtype name="compound" value="8"/>
    </relation>
    <relation entry1="7" entry2="13" type="ECrel">
        <subtype name="compound" value="8"/>
    </relation>
    <relation entry1="7" entry2="15" type="ECrel">
        <subtype name="compound" value="8"/>
    </relation>
    <relation entry1="67" entry2="13" type="ECrel">
        <subtype name="compound" value="8"/>
    </relation>
    <relation entry1="67" entry2="15" type="ECrel">
        <subtype name="compound" value="8"/>
    </relation>
    <relation entry1="68" entry2="13" type="ECrel">
        <subtype name="compound" value="8"/>
    </relation>
    <relation entry1="68" entry2="15" type="ECrel">
        <subtype name="compound" value="8"/>
    </relation>
    <relation entry1="15" entry2="54" type="ECrel">
        <subtype name="compound" value="14"/>
    </relation>
    <relation entry1="15" entry2="57" type="ECrel">
        <subtype name="compound" value="14"/>
    </relation>
    <relation entry1="15" entry2="56" type="ECrel">
        <subtype name="compound" value="14"/>
    </relation>
    <relation entry1="15" entry2="82" type="ECrel">
        <subtype name="compound" value="14"/>
    </relation>
    <relation entry1="15" entry2="73" type="ECrel">
        <subtype name="compound" value="14"/>
    </relation>
    <relation entry1="15" entry2="77" type="ECrel">
        <subtype name="compound" value="14"/>
    </relation>
    <relation entry1="15" entry2="79" type="ECrel">
        <subtype name="compound" value="14"/>
    </relation>
    <relation entry1="15" entry2="76" type="ECrel">
        <subtype name="compound" value="14"/>
    </relation>
    <relation entry1="15" entry2="78" type="ECrel">
        <subtype name="compound" value="14"/>
    </relation>
    <relation entry1="15" entry2="74" type="ECrel">
        <subtype name="compound" value="14"/>
    </relation>
    <relation entry1="15" entry2="75" type="ECrel">
        <subtype name="compound" value="14"/>
    </relation>
    <relation entry1="15" entry2="88" type="ECrel">
        <subtype name="compound" value="14"/>
    </relation>
    <relation entry1="13" entry2="54" type="ECrel">
        <subtype name="compound" value="14"/>
    </relation>
    <relation entry1="13" entry2="57" type="ECrel">
        <subtype name="compound" value="14"/>
    </relation>
    <relation entry1="13" entry2="56" type="ECrel">
        <subtype name="compound" value="14"/>
    </relation>
    <relation entry1="13" entry2="82" type="ECrel">
        <subtype name="compound" value="14"/>
    </relation>
    <relation entry1="13" entry2="73" type="ECrel">
        <subtype name="compound" value="14"/>
    </relation>
    <relation entry1="13" entry2="77" type="ECrel">
        <subtype name="compound" value="14"/>
    </relation>
    <relation entry1="13" entry2="79" type="ECrel">
        <subtype name="compound" value="14"/>
    </relation>
    <relation entry1="13" entry2="76" type="ECrel">
        <subtype name="compound" value="14"/>
    </relation>
    <relation entry1="13" entry2="78" type="ECrel">
        <subtype name="compound" value="14"/>
    </relation>
    <relation entry1="13" entry2="74" type="ECrel">
        <subtype name="compound" value="14"/>
    </relation>
    <relation entry1="13" entry2="75" type="ECrel">
        <subtype name="compound" value="14"/>
    </relation>
    <relation entry1="13" entry2="88" type="ECrel">
        <subtype name="compound" value="14"/>
    </relation>
    <relation entry1="54" entry2="77" type="ECrel">
        <subtype name="compound" value="14"/>
    </relation>
    <relation entry1="54" entry2="79" type="ECrel">
        <subtype name="compound" value="14"/>
    </relation>
    <relation entry1="54" entry2="76" type="ECrel">
        <subtype name="compound" value="14"/>
    </relation>
    <relation entry1="54" entry2="78" type="ECrel">
        <subtype name="compound" value="14"/>
    </relation>
    <relation entry1="54" entry2="74" type="ECrel">
        <subtype name="compound" value="14"/>
    </relation>
    <relation entry1="54" entry2="75" type="ECrel">
        <subtype name="compound" value="14"/>
    </relation>
    <relation entry1="54" entry2="88" type="ECrel">
        <subtype name="compound" value="14"/>
    </relation>
    <relation entry1="57" entry2="73" type="ECrel">
        <subtype name="compound" value="14"/>
    </relation>
    <relation entry1="57" entry2="79" type="ECrel">
        <subtype name="compound" value="14"/>
    </relation>
    <relation entry1="57" entry2="76" type="ECrel">
        <subtype name="compound" value="14"/>
    </relation>
    <relation entry1="57" entry2="78" type="ECrel">
        <subtype name="compound" value="14"/>
    </relation>
    <relation entry1="57" entry2="74" type="ECrel">
        <subtype name="compound" value="14"/>
    </relation>
    <relation entry1="57" entry2="75" type="ECrel">
        <subtype name="compound" value="14"/>
    </relation>
    <relation entry1="57" entry2="88" type="ECrel">
        <subtype name="compound" value="14"/>
    </relation>
    <relation entry1="56" entry2="73" type="ECrel">
        <subtype name="compound" value="14"/>
    </relation>
    <relation entry1="56" entry2="77" type="ECrel">
        <subtype name="compound" value="14"/>
    </relation>
    <relation entry1="56" entry2="79" type="ECrel">
        <subtype name="compound" value="14"/>
    </relation>
    <relation entry1="56" entry2="78" type="ECrel">
        <subtype name="compound" value="14"/>
    </relation>
    <relation entry1="56" entry2="74" type="ECrel">
        <subtype name="compound" value="14"/>
    </relation>
    <relation entry1="56" entry2="88" type="ECrel">
        <subtype name="compound" value="14"/>
    </relation>
    <relation entry1="82" entry2="73" type="ECrel">
        <subtype name="compound" value="14"/>
    </relation>
    <relation entry1="82" entry2="77" type="ECrel">
        <subtype name="compound" value="14"/>
    </relation>
    <relation entry1="82" entry2="76" type="ECrel">
        <subtype name="compound" value="14"/>
    </relation>
    <relation entry1="82" entry2="78" type="ECrel">
        <subtype name="compound" value="14"/>
    </relation>
    <relation entry1="82" entry2="75" type="ECrel">
        <subtype name="compound" value="14"/>
    </relation>
    <relation entry1="82" entry2="88" type="ECrel">
        <subtype name="compound" value="14"/>
    </relation>
    <relation entry1="73" entry2="74" type="ECrel">
        <subtype name="compound" value="14"/>
    </relation>
    <relation entry1="73" entry2="75" type="ECrel">
        <subtype name="compound" value="14"/>
    </relation>
    <relation entry1="73" entry2="88" type="ECrel">
        <subtype name="compound" value="14"/>
    </relation>
    <relation entry1="77" entry2="74" type="ECrel">
        <subtype name="compound" value="14"/>
    </relation>
    <relation entry1="77" entry2="75" type="ECrel">
        <subtype name="compound" value="14"/>
    </relation>
    <relation entry1="77" entry2="88" type="ECrel">
        <subtype name="compound" value="14"/>
    </relation>
    <relation entry1="79" entry2="75" type="ECrel">
        <subtype name="compound" value="14"/>
    </relation>
    <relation entry1="79" entry2="88" type="ECrel">
        <subtype name="compound" value="14"/>
    </relation>
    <relation entry1="76" entry2="74" type="ECrel">
        <subtype name="compound" value="14"/>
    </relation>
    <relation entry1="76" entry2="88" type="ECrel">
        <subtype name="compound" value="14"/>
    </relation>
    <relation entry1="78" entry2="74" type="ECrel">
        <subtype name="compound" value="14"/>
    </relation>
    <relation entry1="78" entry2="75" type="ECrel">
        <subtype name="compound" value="14"/>
    </relation>
    <relation entry1="78" entry2="88" type="ECrel">
        <subtype name="compound" value="14"/>
    </relation>
    <relation entry1="74" entry2="88" type="ECrel">
        <subtype name="compound" value="14"/>
    </relation>
    <relation entry1="75" entry2="88" type="ECrel">
        <subtype name="compound" value="14"/>
    </relation>
    <relation entry1="54" entry2="80" type="ECrel">
        <subtype name="compound" value="55"/>
    </relation>
    <relation entry1="54" entry2="83" type="ECrel">
        <subtype name="compound" value="55"/>
    </relation>
    <relation entry1="54" entry2="81" type="ECrel">
        <subtype name="compound" value="55"/>
    </relation>
    <relation entry1="57" entry2="64" type="ECrel">
        <subtype name="compound" value="55"/>
    </relation>
    <relation entry1="57" entry2="83" type="ECrel">
        <subtype name="compound" value="55"/>
    </relation>
    <relation entry1="57" entry2="81" type="ECrel">
        <subtype name="compound" value="55"/>
    </relation>
    <relation entry1="82" entry2="64" type="ECrel">
        <subtype name="compound" value="55"/>
    </relation>
    <relation entry1="82" entry2="80" type="ECrel">
        <subtype name="compound" value="55"/>
    </relation>
    <relation entry1="82" entry2="81" type="ECrel">
        <subtype name="compound" value="55"/>
    </relation>
    <relation entry1="56" entry2="64" type="ECrel">
        <subtype name="compound" value="55"/>
    </relation>
    <relation entry1="56" entry2="80" type="ECrel">
        <subtype name="compound" value="55"/>
    </relation>
    <relation entry1="56" entry2="83" type="ECrel">
        <subtype name="compound" value="55"/>
    </relation>
    <relation entry1="48" entry2="91" type="ECrel">
        <subtype name="compound" value="5"/>
    </relation>
    <relation entry1="19" entry2="91" type="ECrel">
        <subtype name="compound" value="5"/>
    </relation>
    <relation entry1="91" entry2="32" type="ECrel">
        <subtype name="compound" value="5"/>
    </relation>
    <relation entry1="91" entry2="10" type="ECrel">
        <subtype name="compound" value="8"/>
    </relation>
    <relation entry1="91" entry2="13" type="ECrel">
        <subtype name="compound" value="8"/>
    </relation>
    <relation entry1="91" entry2="15" type="ECrel">
        <subtype name="compound" value="8"/>
    </relation>
    <reaction id="7" name="rn:R02124" type="reversible">
        <substrate id="5" name="cpd:C00473"/>
        <product id="8" name="cpd:C00376"/>
    </reaction>
    <reaction id="13" name="rn:R02123" type="irreversible">
        <substrate id="8" name="cpd:C00376"/>
        <product id="14" name="cpd:C00777"/>
    </reaction>
    <reaction id="10" name="rn:R00032" type="irreversible">
        <substrate id="11" name="cpd:C02094"/>
        <product id="8" name="cpd:C00376"/>
    </reaction>
    <reaction id="15" name="rn:R02125" type="irreversible">
        <substrate id="8" name="cpd:C00376"/>
        <product id="14" name="cpd:C00777"/>
    </reaction>
    <reaction id="19" name="rn:R08387" type="irreversible">
        <substrate id="5" name="cpd:C00473"/>
        <product id="16" name="cpd:C02075 cpd:C02588"/>
    </reaction>
    <reaction id="23" name="rn:R03048 rn:R08380" type="reversible">
        <substrate id="21" name="cpd:C02110"/>
        <product id="20" name="cpd:C00899"/>
    </reaction>
    <reaction id="32" name="rn:R07163" type="irreversible">
        <substrate id="5" name="cpd:C00473"/>
        <product id="31" name="cpd:C15492"/>
    </reaction>
    <reaction id="33" name="rn:R08388" type="irreversible">
        <substrate id="16" name="cpd:C02075 cpd:C02588"/>
        <product id="20" name="cpd:C00899"/>
    </reaction>
    <reaction id="34" name="rn:R08382 rn:R08383" type="reversible">
        <substrate id="25" name="cpd:C16682"/>
        <product id="27" name="cpd:C16681"/>
    </reaction>
    <reaction id="44" name="rn:R08381" type="irreversible">
        <substrate id="20" name="cpd:C00899"/>
        <product id="46" name="cpd:C03455"/>
    </reaction>
    <reaction id="47" name="rn:R08389" type="irreversible">
        <substrate id="20" name="cpd:C00899"/>
        <product id="46" name="cpd:C03455"/>
    </reaction>
    <reaction id="54" name="rn:R08392" type="irreversible">
        <substrate id="14" name="cpd:C00777"/>
        <product id="55" name="cpd:C16677"/>
    </reaction>
    <reaction id="56" name="rn:R08392" type="irreversible">
        <substrate id="14" name="cpd:C00777"/>
        <product id="55" name="cpd:C16677"/>
    </reaction>
    <reaction id="57" name="rn:R08392" type="irreversible">
        <substrate id="14" name="cpd:C00777"/>
        <product id="55" name="cpd:C16677"/>
    </reaction>
    <reaction id="67" name="rn:R02124 rn:R08379" type="reversible">
        <substrate id="5" name="cpd:C00473"/>
        <product id="8" name="cpd:C00376"/>
    </reaction>
    <reaction id="68" name="rn:R02124 rn:R08379" type="reversible">
        <substrate id="5" name="cpd:C00473"/>
        <product id="8" name="cpd:C00376"/>
    </reaction>
    <reaction id="73" name="rn:R08390" type="irreversible">
        <substrate id="14" name="cpd:C00777"/>
        <product id="71" name="cpd:C16679"/>
    </reaction>
    <reaction id="74" name="rn:R08391" type="irreversible">
        <substrate id="14" name="cpd:C00777"/>
        <product id="70" name="cpd:C16680"/>
    </reaction>
    <reaction id="75" name="rn:R08391" type="irreversible">
        <substrate id="14" name="cpd:C00777"/>
        <product id="70" name="cpd:C16680"/>
    </reaction>
    <reaction id="76" name="rn:R08390" type="irreversible">
        <substrate id="14" name="cpd:C00777"/>
        <product id="71" name="cpd:C16679"/>
    </reaction>
    <reaction id="77" name="rn:R08390" type="irreversible">
        <substrate id="14" name="cpd:C00777"/>
        <product id="71" name="cpd:C16679"/>
    </reaction>
    <reaction id="78" name="rn:R08390" type="irreversible">
        <substrate id="14" name="cpd:C00777"/>
        <product id="71" name="cpd:C16679"/>
    </reaction>
    <reaction id="79" name="rn:R08390" type="irreversible">
        <substrate id="14" name="cpd:C00777"/>
        <product id="71" name="cpd:C16679"/>
    </reaction>
    <reaction id="82" name="rn:R08392" type="irreversible">
        <substrate id="14" name="cpd:C00777"/>
        <product id="55" name="cpd:C16677"/>
    </reaction>
    <reaction id="85" name="rn:R08383" type="reversible">
        <substrate id="25" name="cpd:C16682"/>
        <product id="27" name="cpd:C16681"/>
    </reaction>
    <reaction id="86" name="rn:R08384" type="irreversible">
        <substrate id="27" name="cpd:C16681"/>
        <product id="29" name="cpd:C15493"/>
    </reaction>
    <reaction id="87" name="rn:R08385" type="irreversible">
        <substrate id="27" name="cpd:C16681"/>
        <product id="29" name="cpd:C15493"/>
    </reaction>
    <reaction id="88" name="rn:R02902" type="irreversible">
        <substrate id="14" name="cpd:C00777"/>
        <product id="52" name="cpd:C11061"/>
    </reaction>
    <reaction id="91" name="rn:R02124" type="reversible">
        <substrate id="5" name="cpd:C00473"/>
        <product id="8" name="cpd:C00376"/>
    </reaction>
</pathway>
