<?xml version="1.0"?>
<!DOCTYPE pathway SYSTEM "http://www.kegg.jp/kegg/xml/KGML_v0.7.2_.dtd">
<!-- Creation date: Feb 21, 2014 15:12:09 +0900 (GMT+09:00) -->
<pathway name="path:mmu04722" org="mmu" number="04722"
         title="Neurotrophin signaling pathway"
         image="http://www.kegg.jp/kegg/pathway/mmu/mmu04722.png"
         link="http://www.kegg.jp/kegg-bin/show_pathway?mmu04722">
    <entry id="1" name="mmu:18211" type="gene"
        link="http://www.kegg.jp/dbget-bin/www_bget?mmu:18211">
        <graphics name="Ntrk1, C80751, Tkr, TrkA, trk" fgcolor="#000000" bgcolor="#BFFFBF"
             type="rectangle" x="178" y="347" width="46" height="17"/>
    </entry>
    <entry id="2" name="mmu:18212" type="gene"
        link="http://www.kegg.jp/dbget-bin/www_bget?mmu:18212">
        <graphics name="Ntrk2, GP145-TrkB/GP95-TrkB, Tkrb, trk-B, trkB" fgcolor="#000000" bgcolor="#BFFFBF"
             type="rectangle" x="178" y="370" width="46" height="17"/>
    </entry>
    <entry id="3" name="mmu:18213" type="gene"
        link="http://www.kegg.jp/dbget-bin/www_bget?mmu:18213">
        <graphics name="Ntrk3, AW125844, Ntrk3_tv3, TrkC" fgcolor="#000000" bgcolor="#BFFFBF"
             type="rectangle" x="178" y="394" width="46" height="17"/>
    </entry>
    <entry id="4" name="path:mmu04210" type="map"
        link="http://www.kegg.jp/dbget-bin/www_bget?mmu04210">
        <graphics name="Apoptosis" fgcolor="#000000" bgcolor="#FFFFFF"
             type="roundrectangle" x="905" y="874" width="64" height="25"/>
    </entry>
    <entry id="5" name="mmu:12064" type="gene"
        link="http://www.kegg.jp/dbget-bin/www_bget?mmu:12064">
        <graphics name="Bdnf" fgcolor="#000000" bgcolor="#BFFFBF"
             type="rectangle" x="85" y="360" width="46" height="17"/>
    </entry>
    <entry id="6" name="mmu:78405" type="gene"
        link="http://www.kegg.jp/dbget-bin/www_bget?mmu:78405">
        <graphics name="Ntf5, 2900040K06Rik, AI462899, NT-4, NT-5, NT4, NT4/5, Ntf-5, Ntf4" fgcolor="#000000" bgcolor="#BFFFBF"
             type="rectangle" x="85" y="380" width="46" height="17"/>
    </entry>
    <entry id="7" name="mmu:18205" type="gene"
        link="http://www.kegg.jp/dbget-bin/www_bget?mmu:18205">
        <graphics name="Ntf3, AI316846, AI835689, HDNF, NGF-2, Nt3, Ntf-3" fgcolor="#000000" bgcolor="#BFFFBF"
             type="rectangle" x="85" y="400" width="46" height="17"/>
    </entry>
    <entry id="8" name="mmu:18706 mmu:18707 mmu:18708 mmu:18709 mmu:18710 mmu:74769" type="gene"
        link="http://www.kegg.jp/dbget-bin/www_bget?mmu:18706+mmu:18707+mmu:18708+mmu:18709+mmu:18710+mmu:74769">
        <graphics name="Pik3ca, 6330412C24Rik, caPI3K, p110, p110alpha..." fgcolor="#000000" bgcolor="#BFFFBF"
             type="rectangle" x="431" y="361" width="46" height="17"/>
    </entry>
    <entry id="9" name="mmu:18803 mmu:234779" type="gene"
        link="http://www.kegg.jp/dbget-bin/www_bget?mmu:18803+mmu:234779">
        <graphics name="Plcg1, AI894140, Cded, Plc-1, Plc-gamma1, Plcg-1..." fgcolor="#000000" bgcolor="#BFFFBF"
             type="rectangle" x="291" y="487" width="46" height="17"/>
    </entry>
    <entry id="10" name="cpd:C00165" type="compound"
        link="http://www.kegg.jp/dbget-bin/www_bget?C00165">
        <graphics name="C00165" fgcolor="#000000" bgcolor="#FFFFFF"
             type="circle" x="370" y="486" width="8" height="8"/>
    </entry>
    <entry id="11" name="cpd:C01245" type="compound"
        link="http://www.kegg.jp/dbget-bin/www_bget?C01245">
        <graphics name="C01245" fgcolor="#000000" bgcolor="#FFFFFF"
             type="circle" x="353" y="559" width="8" height="8"/>
    </entry>
    <entry id="12" name="cpd:C00076" type="compound"
        link="http://www.kegg.jp/dbget-bin/www_bget?C00076">
        <graphics name="C00076" fgcolor="#000000" bgcolor="#FFFFFF"
             type="circle" x="407" y="559" width="8" height="8"/>
    </entry>
    <entry id="13" name="path:mmu04120" type="map"
        link="http://www.kegg.jp/dbget-bin/www_bget?mmu04120">
        <graphics name="Ubiquitin mediated proteolysis" fgcolor="#000000" bgcolor="#FFFFFF"
             type="roundrectangle" x="802" y="316" width="106" height="34"/>
    </entry>
    <entry id="14" name="mmu:20416 mmu:20418 mmu:216148 mmu:271849" type="gene"
        link="http://www.kegg.jp/dbget-bin/www_bget?mmu:20416+mmu:20418+mmu:216148+mmu:271849">
        <graphics name="Shc1, Shc, ShcA, p66, p66shc..." fgcolor="#000000" bgcolor="#BFFFBF"
             type="rectangle" x="291" y="361" width="46" height="17"/>
    </entry>
    <entry id="15" name="mmu:14784" type="gene"
        link="http://www.kegg.jp/dbget-bin/www_bget?mmu:14784">
        <graphics name="Grb2, AA408164, Ash" fgcolor="#000000" bgcolor="#BFFFBF"
             type="rectangle" x="361" y="211" width="46" height="17"/>
    </entry>
    <entry id="16" name="mmu:18753" type="gene"
        link="http://www.kegg.jp/dbget-bin/www_bget?mmu:18753">
        <graphics name="Prkcd, AI385711, D14Ertd420e, PKC[d], PKCdelta, Pkcd" fgcolor="#000000" bgcolor="#BFFFBF"
             type="rectangle" x="482" y="486" width="46" height="17"/>
    </entry>
    <entry id="17" name="mmu:18049" type="gene"
        link="http://www.kegg.jp/dbget-bin/www_bget?mmu:18049">
        <graphics name="Ngf, Ngfb" fgcolor="#000000" bgcolor="#BFFFBF"
             type="rectangle" x="85" y="340" width="46" height="17"/>
    </entry>
    <entry id="18" name="mmu:18053" type="gene"
        link="http://www.kegg.jp/dbget-bin/www_bget?mmu:18053">
        <graphics name="Ngfr, LNGFR, Tnfrsf16, p75, p75NGFR, p75NTR" fgcolor="#000000" bgcolor="#BFFFBF"
             type="rectangle" x="178" y="866" width="46" height="17"/>
    </entry>
    <entry id="19" name="mmu:11651 mmu:11652 mmu:23797" type="gene"
        link="http://www.kegg.jp/dbget-bin/www_bget?mmu:11651+mmu:11652+mmu:23797">
        <graphics name="Akt1, Akt, LTR-akt, PKB, PKB/Akt, PKBalpha, Rac..." fgcolor="#000000" bgcolor="#BFFFBF"
             type="rectangle" x="618" y="361" width="46" height="17"/>
    </entry>
    <entry id="20" name="mmu:15461 mmu:16653 mmu:18176" type="gene"
        link="http://www.kegg.jp/dbget-bin/www_bget?mmu:15461+mmu:16653+mmu:18176">
        <graphics name="Hras, H-ras, Ha-ras, Harvey-ras, Hras-1, Hras1, Kras2, c-H-ras, c-Ha-ras, c-rasHa, ras..." fgcolor="#000000" bgcolor="#BFFFBF"
             type="rectangle" x="501" y="211" width="46" height="17"/>
    </entry>
    <entry id="21" name="mmu:26395 mmu:26396" type="gene"
        link="http://www.kegg.jp/dbget-bin/www_bget?mmu:26395+mmu:26396">
        <graphics name="Map2k1, MAPKK1, MEKK1, Mek1, Prkmk1..." fgcolor="#000000" bgcolor="#BFFFBF"
             type="rectangle" x="730" y="211" width="46" height="17"/>
    </entry>
    <entry id="22" name="mmu:109880 mmu:110157" type="gene"
        link="http://www.kegg.jp/dbget-bin/www_bget?mmu:109880+mmu:110157">
        <graphics name="Braf, 9930012E13Rik, AA120551, AA387315, AA473386, B-raf, Braf-2, Braf2, C230098H17, C87398, D6Ertd631e..." fgcolor="#000000" bgcolor="#BFFFBF"
             type="rectangle" x="571" y="211" width="46" height="17"/>
    </entry>
    <entry id="23" name="path:mmu04010" type="map"
        link="http://www.kegg.jp/dbget-bin/www_bget?mmu04010">
        <graphics name="MAPK signaling pathway" fgcolor="#000000" bgcolor="#FFFFFF"
             type="roundrectangle" x="553" y="83" width="101" height="34"/>
    </entry>
    <entry id="24" name="mmu:20662 mmu:20663" type="gene"
        link="http://www.kegg.jp/dbget-bin/www_bget?mmu:20662+mmu:20663">
        <graphics name="Sos1, 4430401P03Rik, 9630010N06, AI449023..." fgcolor="#000000" bgcolor="#BFFFBF"
             type="rectangle" x="431" y="211" width="46" height="17"/>
    </entry>
    <entry id="25" name="mmu:26413 mmu:26417" type="gene"
        link="http://www.kegg.jp/dbget-bin/www_bget?mmu:26413+mmu:26417">
        <graphics name="Mapk1, 9030612K14Rik, AA407128, AU018647, C78273, ERK, Erk2, MAPK2, PRKM2, Prkm1, p41mapk, p42mapk..." fgcolor="#000000" bgcolor="#BFFFBF"
             type="rectangle" x="800" y="255" width="46" height="17"/>
    </entry>
    <entry id="26" name="mmu:110651 mmu:20111 mmu:20112 mmu:67071" type="gene"
        link="http://www.kegg.jp/dbget-bin/www_bget?mmu:110651+mmu:20111+mmu:20112+mmu:67071">
        <graphics name="Rps6ka3, MAPKAPK-1b, MPK-9, Rsk2, S6K-alpha3, p90RSK3, pp90RSK2..." fgcolor="#000000" bgcolor="#BFFFBF"
             type="rectangle" x="1001" y="299" width="46" height="17"/>
    </entry>
    <entry id="27" name="mmu:12928 mmu:12929" type="gene"
        link="http://www.kegg.jp/dbget-bin/www_bget?mmu:12928+mmu:12929">
        <graphics name="Crk, Crk-I, Crk-II, Crk-III, Crk3, CrkIII, Crko, c-Crk, p38..." fgcolor="#000000" bgcolor="#BFFFBF"
             type="rectangle" x="361" y="124" width="46" height="17"/>
    </entry>
    <entry id="28" name="mmu:107746" type="gene"
        link="http://www.kegg.jp/dbget-bin/www_bget?mmu:107746">
        <graphics name="Rapgef1, 4932418O06Rik, C3G, Grf2" fgcolor="#000000" bgcolor="#BFFFBF"
             type="rectangle" x="431" y="124" width="46" height="17"/>
    </entry>
    <entry id="29" name="mmu:109905 mmu:215449" type="gene"
        link="http://www.kegg.jp/dbget-bin/www_bget?mmu:109905+mmu:215449">
        <graphics name="Rap1a, AI848598, G-22K, Krev-1, Rap1..." fgcolor="#000000" bgcolor="#BFFFBF"
             type="rectangle" x="501" y="124" width="46" height="17"/>
    </entry>
    <entry id="30" name="mmu:19247" type="gene"
        link="http://www.kegg.jp/dbget-bin/www_bget?mmu:19247">
        <graphics name="Ptpn11, 2700084A17Rik, AW536184, PTP1D, PTP2C, SAP-2, SH-PTP2, SH-PTP3, SHP-2, Shp2, Syp" fgcolor="#000000" bgcolor="#BFFFBF"
             type="rectangle" x="392" y="286" width="46" height="17"/>
    </entry>
    <entry id="31" name="mmu:109880" type="gene"
        link="http://www.kegg.jp/dbget-bin/www_bget?mmu:109880">
        <graphics name="Braf, 9930012E13Rik, AA120551, AA387315, AA473386, B-raf, Braf-2, Braf2, C230098H17, C87398, D6Ertd631e" fgcolor="#000000" bgcolor="#BFFFBF"
             type="rectangle" x="571" y="124" width="46" height="17"/>
    </entry>
    <entry id="32" name="mmu:14388" type="gene"
        link="http://www.kegg.jp/dbget-bin/www_bget?mmu:14388">
        <graphics name="Gab1, AA408973, AW107238" fgcolor="#000000" bgcolor="#BFFFBF"
             type="rectangle" x="361" y="361" width="46" height="17"/>
    </entry>
    <entry id="33" name="mmu:12015" type="gene"
        link="http://www.kegg.jp/dbget-bin/www_bget?mmu:12015">
        <graphics name="Bad, AI325008, Bbc2" fgcolor="#000000" bgcolor="#BFFFBF"
             type="rectangle" x="771" y="485" width="46" height="17"/>
    </entry>
    <entry id="34" name="mmu:56637" type="gene"
        link="http://www.kegg.jp/dbget-bin/www_bget?mmu:56637">
        <graphics name="Gsk3b, 7330414F15Rik, 8430431H08Rik, C86142, GSK-3, GSK-3beta, GSK3" fgcolor="#000000" bgcolor="#BFFFBF"
             type="rectangle" x="771" y="522" width="46" height="17"/>
    </entry>
    <entry id="35" name="mmu:56484" type="gene"
        link="http://www.kegg.jp/dbget-bin/www_bget?mmu:56484">
        <graphics name="Foxo3, 1110048B16Rik, 2010203A17Rik, C76856, FKHRL1, Fkhr2, Foxo3a" fgcolor="#000000" bgcolor="#BFFFBF"
             type="rectangle" x="881" y="443" width="46" height="17"/>
    </entry>
    <entry id="36" name="mmu:18035 mmu:18036 mmu:18037" type="gene"
        link="http://www.kegg.jp/dbget-bin/www_bget?mmu:18035+mmu:18036+mmu:18037">
        <graphics name="Nfkbia, AI462015, Nfkbi..." fgcolor="#000000" bgcolor="#BFFFBF"
             type="rectangle" x="921" y="361" width="46" height="17"/>
    </entry>
    <entry id="37" name="mmu:18033 mmu:19697" type="gene"
        link="http://www.kegg.jp/dbget-bin/www_bget?mmu:18033+mmu:19697">
        <graphics name="Nfkb1, NF-KB1, NF-kappaB, NF-kappaB1, p105, p50, p50/p105..." fgcolor="#000000" bgcolor="#BFFFBF"
             type="rectangle" x="921" y="390" width="46" height="17"/>
    </entry>
    <entry id="38" name="mmu:11911" type="gene"
        link="http://www.kegg.jp/dbget-bin/www_bget?mmu:11911">
        <graphics name="Atf4, Atf-4, C/ATF, CREB2, TAXREB67" fgcolor="#000000" bgcolor="#BFFFBF"
             type="rectangle" x="1071" y="299" width="46" height="17"/>
    </entry>
    <entry id="39" name="mmu:327826" type="gene"
        link="http://www.kegg.jp/dbget-bin/www_bget?mmu:327826">
        <graphics name="Frs2, 4732458E18, C330018A15Rik, Frs2alpha, SNT1" fgcolor="#000000" bgcolor="#BFFFBF"
             type="rectangle" x="291" y="138" width="46" height="17"/>
    </entry>
    <entry id="40" name="mmu:18607" type="gene"
        link="http://www.kegg.jp/dbget-bin/www_bget?mmu:18607">
        <graphics name="Pdpk1, Pdk1" fgcolor="#000000" bgcolor="#BFFFBF"
             type="rectangle" x="545" y="402" width="46" height="17"/>
    </entry>
    <entry id="41" name="mmu:14103" type="gene"
        link="http://www.kegg.jp/dbget-bin/www_bget?mmu:14103">
        <graphics name="Fasl, APT1LG1, CD178, CD95-L, CD95L, Fas-L, Faslg, Tnfsf6, Tnlg1a, gld" fgcolor="#000000" bgcolor="#BFFFBF"
             type="rectangle" x="1047" y="443" width="46" height="17"/>
    </entry>
    <entry id="42" name="mmu:20661" type="gene"
        link="http://www.kegg.jp/dbget-bin/www_bget?mmu:20661">
        <graphics name="Sort1, 2900053A11Rik, AI852375, Ntr3, Ntsr3" fgcolor="#000000" bgcolor="#BFFFBF"
             type="rectangle" x="178" y="998" width="46" height="17"/>
    </entry>
    <entry id="43" name="mmu:77480" type="gene"
        link="http://www.kegg.jp/dbget-bin/www_bget?mmu:77480">
        <graphics name="Kidins220, 3110039L19Rik, AI194387, AI316525, C330002I19Rik, mKIAA1250" fgcolor="#000000" bgcolor="#BFFFBF"
             type="rectangle" x="291" y="107" width="46" height="17"/>
    </entry>
    <entry id="44" name="mmu:73086" type="gene"
        link="http://www.kegg.jp/dbget-bin/www_bget?mmu:73086">
        <graphics name="Rps6ka5, 3110005L17Rik, 6330404E13Rik, AI854034, MSK1, MSPK1, RLPK, RLSK, S6K-alpha-5" fgcolor="#000000" bgcolor="#BFFFBF"
             type="rectangle" x="1001" y="318" width="46" height="17"/>
    </entry>
    <entry id="45" name="mmu:108058 mmu:12322 mmu:12323 mmu:12325 mmu:12326" type="gene"
        link="http://www.kegg.jp/dbget-bin/www_bget?mmu:108058+mmu:12322+mmu:12323+mmu:12325+mmu:12326">
        <graphics name="Camk2d, 2810011D23Rik, 8030469K03Rik, CaMK_II, [d]-CaMKII..." fgcolor="#000000" bgcolor="#BFFFBF"
             type="rectangle" x="531" y="559" width="46" height="17"/>
    </entry>
    <entry id="46" name="mmu:11911" type="gene"
        link="http://www.kegg.jp/dbget-bin/www_bget?mmu:11911">
        <graphics name="Atf4, Atf-4, C/ATF, CREB2, TAXREB67" fgcolor="#000000" bgcolor="#BFFFBF"
             type="rectangle" x="1036" y="559" width="46" height="17"/>
    </entry>
    <entry id="47" name="mmu:17179" type="gene"
        link="http://www.kegg.jp/dbget-bin/www_bget?mmu:17179">
        <graphics name="Matk, CHK, HYL, Ntk, p56ntk" fgcolor="#000000" bgcolor="#BFFFBF"
             type="rectangle" x="291" y="423" width="46" height="17"/>
    </entry>
    <entry id="48" name="path:mmu04720" type="map"
        link="http://www.kegg.jp/dbget-bin/www_bget?mmu04720">
        <graphics name="Long-term potentiation" fgcolor="#000000" bgcolor="#FFFFFF"
             type="roundrectangle" x="1145" y="594" width="106" height="34"/>
    </entry>
    <entry id="49" name="mmu:26414 mmu:26419 mmu:26420" type="gene"
        link="http://www.kegg.jp/dbget-bin/www_bget?mmu:26414+mmu:26419+mmu:26420">
        <graphics name="Mapk10, C230008H04Rik, JNK3, JNK3B1, JNK3B2, SAPK(beta), Serk2, p493F12, p54bSAPK..." fgcolor="#000000" bgcolor="#BFFFBF"
             type="rectangle" x="620" y="912" width="46" height="17"/>
    </entry>
    <entry id="50" name="mmu:11848 mmu:67653" type="gene"
        link="http://www.kegg.jp/dbget-bin/www_bget?mmu:11848+mmu:67653">
        <graphics name="Rhoa, Arha, Arha1, Arha2..." fgcolor="#000000" bgcolor="#BFFFBF"
             type="rectangle" x="562" y="622" width="46" height="17"/>
    </entry>
    <entry id="51" name="mmu:22059" type="gene"
        link="http://www.kegg.jp/dbget-bin/www_bget?mmu:22059">
        <graphics name="Trp53, Tp53, bbl, bfy, bhy, p44, p53" fgcolor="#000000" bgcolor="#BFFFBF"
             type="rectangle" x="690" y="868" width="46" height="17"/>
    </entry>
    <entry id="52" name="mmu:26401" type="gene"
        link="http://www.kegg.jp/dbget-bin/www_bget?mmu:26401">
        <graphics name="Map3k1, MAPKKK1, MEKK1, Mekk" fgcolor="#000000" bgcolor="#BFFFBF"
             type="rectangle" x="480" y="902" width="46" height="17"/>
    </entry>
    <entry id="53" name="mmu:16476" type="gene"
        link="http://www.kegg.jp/dbget-bin/www_bget?mmu:16476">
        <graphics name="Jun, AP-1, Junc, c-jun" fgcolor="#000000" bgcolor="#BFFFBF"
             type="rectangle" x="690" y="912" width="46" height="17"/>
    </entry>
    <entry id="54" name="mmu:26408" type="gene"
        link="http://www.kegg.jp/dbget-bin/www_bget?mmu:26408">
        <graphics name="Map3k5, 7420452D20Rik, ASK, ASK1, MAPKKK5, Mekk5" fgcolor="#000000" bgcolor="#BFFFBF"
             type="rectangle" x="480" y="922" width="46" height="17"/>
    </entry>
    <entry id="55" name="mmu:16367" type="gene"
        link="http://www.kegg.jp/dbget-bin/www_bget?mmu:16367">
        <graphics name="Irs1, G972R, IRS-1" fgcolor="#000000" bgcolor="#BFFFBF"
             type="rectangle" x="291" y="392" width="46" height="17"/>
    </entry>
    <entry id="56" name="mmu:17164" type="gene"
        link="http://www.kegg.jp/dbget-bin/www_bget?mmu:17164">
        <graphics name="Mapkapk2, AA960234, MAPKAP-K2, MK-2, MK2, Rps6kc1" fgcolor="#000000" bgcolor="#BFFFBF"
             type="rectangle" x="1001" y="168" width="46" height="17"/>
    </entry>
    <entry id="57" name="mmu:19094 mmu:26415 mmu:26416 mmu:29857" type="gene"
        link="http://www.kegg.jp/dbget-bin/www_bget?mmu:19094+mmu:26415+mmu:26416+mmu:29857">
        <graphics name="Mapk11, P38b, Prkm11, Sapk2, Sapk2b, p38-2, p38beta, p38beta2..." fgcolor="#000000" bgcolor="#BFFFBF"
             type="rectangle" x="800" y="168" width="46" height="17"/>
    </entry>
    <entry id="58" name="mmu:23938" type="gene"
        link="http://www.kegg.jp/dbget-bin/www_bget?mmu:23938">
        <graphics name="Map2k5, AI324775, AI428457, MEK5, Mapkk5, Prkmk5" fgcolor="#000000" bgcolor="#BFFFBF"
             type="rectangle" x="730" y="125" width="46" height="17"/>
    </entry>
    <entry id="59" name="mmu:23939" type="gene"
        link="http://www.kegg.jp/dbget-bin/www_bget?mmu:23939">
        <graphics name="Mapk7, BMK-1, BMK1, ERK-5, ERK5, Erk5-T, PRKM7" fgcolor="#000000" bgcolor="#BFFFBF"
             type="rectangle" x="800" y="125" width="46" height="17"/>
    </entry>
    <entry id="60" name="mmu:26406" type="gene"
        link="http://www.kegg.jp/dbget-bin/www_bget?mmu:26406">
        <graphics name="Map3k3, AW548911, MAPKKK3, Mekk3, mKIAA4031" fgcolor="#000000" bgcolor="#BFFFBF"
             type="rectangle" x="660" y="125" width="46" height="17"/>
    </entry>
    <entry id="61" name="mmu:11857 mmu:14570 mmu:192662" type="gene"
        link="http://www.kegg.jp/dbget-bin/www_bget?mmu:11857+mmu:14570+mmu:192662">
        <graphics name="Arhgdib, D4, Gdid4, Ly-GDI..." fgcolor="#000000" bgcolor="#BFFFBF"
             type="rectangle" x="478" y="622" width="46" height="17"/>
    </entry>
    <entry id="62" name="mmu:23921" type="gene"
        link="http://www.kegg.jp/dbget-bin/www_bget?mmu:23921">
        <graphics name="Sh2b2, Aps" fgcolor="#000000" bgcolor="#BFFFBF"
             type="rectangle" x="291" y="201" width="46" height="17"/>
    </entry>
    <entry id="63" name="mmu:16923 mmu:20399" type="gene"
        link="http://www.kegg.jp/dbget-bin/www_bget?mmu:16923+mmu:20399">
        <graphics name="Sh2b3, AI429800, Lnk..." fgcolor="#000000" bgcolor="#BFFFBF"
             type="rectangle" x="291" y="223" width="46" height="17"/>
    </entry>
    <entry id="64" name="mmu:11350" type="gene"
        link="http://www.kegg.jp/dbget-bin/www_bget?mmu:11350">
        <graphics name="Abl1, AI325092, Abl, E430008G22Rik, c-Abl" fgcolor="#000000" bgcolor="#BFFFBF"
             type="rectangle" x="291" y="329" width="46" height="17"/>
    </entry>
    <entry id="65" name="mmu:26400" type="gene"
        link="http://www.kegg.jp/dbget-bin/www_bget?mmu:26400">
        <graphics name="Map2k7, 5930412N11Rik, JNKK_2, Jnkk2, MAPKK_7, MEK_7, Mapkk7, Mek7, Mkk7, Prkmk7, sek2" fgcolor="#000000" bgcolor="#BFFFBF"
             type="rectangle" x="550" y="912" width="46" height="17"/>
    </entry>
    <entry id="66" name="mmu:12540" type="gene"
        link="http://www.kegg.jp/dbget-bin/www_bget?mmu:12540">
        <graphics name="Cdc42, AI747189, AU018915" fgcolor="#000000" bgcolor="#BFFFBF"
             type="rectangle" x="410" y="902" width="46" height="17"/>
    </entry>
    <entry id="67" name="mmu:19353" type="gene"
        link="http://www.kegg.jp/dbget-bin/www_bget?mmu:19353">
        <graphics name="Rac1, AL023026, D5Ertd559e" fgcolor="#000000" bgcolor="#BFFFBF"
             type="rectangle" x="410" y="922" width="46" height="17"/>
    </entry>
    <entry id="68" name="mmu:22062" type="gene"
        link="http://www.kegg.jp/dbget-bin/www_bget?mmu:22062">
        <graphics name="Trp73, TAp73, Tp73, deltaNp73, p73" fgcolor="#000000" bgcolor="#BFFFBF"
             type="rectangle" x="620" y="840" width="46" height="17"/>
    </entry>
    <entry id="69" name="mmu:22034" type="gene"
        link="http://www.kegg.jp/dbget-bin/www_bget?mmu:22034">
        <graphics name="Traf6, 2310003F17Rik, AI851288, C630032O20Rik" fgcolor="#000000" bgcolor="#BFFFBF"
             type="rectangle" x="410" y="834" width="46" height="17"/>
    </entry>
    <entry id="70" name="mmu:170936 mmu:65020" type="gene"
        link="http://www.kegg.jp/dbget-bin/www_bget?mmu:170936+mmu:65020">
        <graphics name="Zfp369, B930030B22Rik, D230020H11Rik, NRIF2..." fgcolor="#000000" bgcolor="#BFFFBF"
             type="rectangle" x="410" y="866" width="46" height="17"/>
    </entry>
    <entry id="71" name="mmu:94275" type="gene"
        link="http://www.kegg.jp/dbget-bin/www_bget?mmu:94275">
        <graphics name="Maged1, 2810433C11Rik, 5430405L04Rik, DXBwg1492e, Dlixin, Dlxin-1, Dlxin1, MAGE-D1, NRAGE, mFLJ00163" fgcolor="#000000" bgcolor="#BFFFBF"
             type="rectangle" x="474" y="772" width="46" height="17"/>
    </entry>
    <entry id="72" name="mmu:72843" type="gene"
        link="http://www.kegg.jp/dbget-bin/www_bget?mmu:72843">
        <graphics name="Prdm4, 1700031E19Rik, 2810470D21Rik, AW552272, SC-1, SC1" fgcolor="#000000" bgcolor="#BFFFBF"
             type="rectangle" x="474" y="745" width="46" height="17"/>
    </entry>
    <entry id="73" name="mmu:12070" type="gene"
        link="http://www.kegg.jp/dbget-bin/www_bget?mmu:12070">
        <graphics name="Bex3, AL033356, DXWsu67e, Gcap27, Nade, Ngfrap1" fgcolor="#000000" bgcolor="#BFFFBF"
             type="rectangle" x="410" y="955" width="46" height="17"/>
    </entry>
    <entry id="74" name="mmu:192656" type="gene"
        link="http://www.kegg.jp/dbget-bin/www_bget?mmu:192656">
        <graphics name="Ripk2, 2210420D18Rik, CARD3, CARDIAK, CCK, D4Bwg0615e, RICK, RIP2" fgcolor="#000000" bgcolor="#BFFFBF"
             type="rectangle" x="410" y="1006" width="46" height="17"/>
    </entry>
    <entry id="75" name="mmu:108960 mmu:16179 mmu:266632 mmu:73914" type="gene"
        link="http://www.kegg.jp/dbget-bin/www_bget?mmu:108960+mmu:16179+mmu:266632+mmu:73914">
        <graphics name="Irak2, 6330415L08Rik, AI649099, IRAK-2..." fgcolor="#000000" bgcolor="#BFFFBF"
             type="rectangle" x="410" y="1031" width="46" height="17"/>
    </entry>
    <entry id="76" name="mmu:22034" type="gene"
        link="http://www.kegg.jp/dbget-bin/www_bget?mmu:22034">
        <graphics name="Traf6, 2310003F17Rik, AI851288, C630032O20Rik" fgcolor="#000000" bgcolor="#BFFFBF"
             type="rectangle" x="410" y="1050" width="46" height="17"/>
    </entry>
    <entry id="77" name="mmu:22627" type="gene"
        link="http://www.kegg.jp/dbget-bin/www_bget?mmu:22627">
        <graphics name="Ywhae, AU019196" fgcolor="#000000" bgcolor="#BFFFBF"
             type="rectangle" x="480" y="955" width="46" height="17"/>
    </entry>
    <entry id="78" name="mmu:16150" type="gene"
        link="http://www.kegg.jp/dbget-bin/www_bget?mmu:16150">
        <graphics name="Ikbkb, AI132552, IKK-2, IKK-beta, IKK2, IKK[b], IKKbeta" fgcolor="#000000" bgcolor="#BFFFBF"
             type="rectangle" x="597" y="1041" width="46" height="17"/>
    </entry>
    <entry id="79" name="mmu:12043" type="gene"
        link="http://www.kegg.jp/dbget-bin/www_bget?mmu:12043">
        <graphics name="Bcl2, AW986256, Bcl-2, C430015F12Rik, D630044D05Rik, D830018M01Rik" fgcolor="#000000" bgcolor="#BFFFBF"
             type="rectangle" x="1198" y="299" width="46" height="17"/>
    </entry>
    <entry id="80" name="mmu:12313 mmu:12314 mmu:12315 mmu:494124 mmu:70405 mmu:75600 mmu:80796" type="gene"
        link="http://www.kegg.jp/dbget-bin/www_bget?mmu:12313+mmu:12314+mmu:12315+mmu:494124+mmu:70405+mmu:75600+mmu:80796">
        <graphics name="Calm1, AI256814, AI327027, AI461935, AL024000, CaM, Calm..." fgcolor="#000000" bgcolor="#BFFFBF"
             type="rectangle" x="461" y="559" width="46" height="17"/>
    </entry>
    <entry id="81" name="path:mmu04810" type="map"
        link="http://www.kegg.jp/dbget-bin/www_bget?mmu04810">
        <graphics name="Regulation of actin cytoskeleton" fgcolor="#000000" bgcolor="#FFFFFF"
             type="roundrectangle" x="769" y="623" width="106" height="34"/>
    </entry>
    <entry id="82" name="cpd:C00195" type="compound"
        link="http://www.kegg.jp/dbget-bin/www_bget?C00195">
        <graphics name="C00195" fgcolor="#000000" bgcolor="#FFFFFF"
             type="circle" x="277" y="570" width="8" height="8"/>
    </entry>
    <entry id="83" name="mmu:19164 mmu:19165" type="gene"
        link="http://www.kegg.jp/dbget-bin/www_bget?mmu:19164+mmu:19165">
        <graphics name="Psen1, Ad3h, PS-1, PS1, S182..." fgcolor="#000000" bgcolor="#BFFFBF"
             type="rectangle" x="281" y="697" width="46" height="17"/>
    </entry>
    <entry id="84" name="mmu:18033 mmu:19697" type="gene"
        link="http://www.kegg.jp/dbget-bin/www_bget?mmu:18033+mmu:19697">
        <graphics name="Nfkb1, NF-KB1, NF-kappaB, NF-kappaB1, p105, p50, p50/p105..." fgcolor="#000000" bgcolor="#BFFFBF"
             type="rectangle" x="921" y="1072" width="46" height="17"/>
    </entry>
    <entry id="85" name="mmu:12028" type="gene"
        link="http://www.kegg.jp/dbget-bin/www_bget?mmu:12028">
        <graphics name="Bax" fgcolor="#000000" bgcolor="#BFFFBF"
             type="rectangle" x="760" y="868" width="46" height="17"/>
    </entry>
    <entry id="86" name="mmu:18035 mmu:18036 mmu:18037" type="gene"
        link="http://www.kegg.jp/dbget-bin/www_bget?mmu:18035+mmu:18036+mmu:18037">
        <graphics name="Nfkbia, AI462015, Nfkbi..." fgcolor="#000000" bgcolor="#BFFFBF"
             type="rectangle" x="921" y="1041" width="46" height="17"/>
    </entry>
    <entry id="87" name="path:mmu04722" type="map"
        link="http://www.kegg.jp/dbget-bin/www_bget?mmu04722">
        <graphics name="TITLE:Neurotrophin signaling pathway" fgcolor="#000000" bgcolor="#FFFFFF"
             type="roundrectangle" x="186" y="58" width="292" height="25"/>
    </entry>
    <entry id="88" name="cpd:C05981" type="compound"
        link="http://www.kegg.jp/dbget-bin/www_bget?C05981">
        <graphics name="C05981" fgcolor="#000000" bgcolor="#FFFFFF"
             type="circle" x="494" y="360" width="8" height="8"/>
    </entry>
    <entry id="89" name="undefined" type="group">
        <graphics fgcolor="#000000" bgcolor="#FFFFFF"
             type="rectangle" x="410" y="1040" width="46" height="36"/>
        <component id="75"/>
        <component id="76"/>
    </entry>
    <relation entry1="17" entry2="1" type="PPrel">
        <subtype name="activation" value="--&gt;"/>
        <subtype name="binding/association" value="---"/>
    </relation>
    <relation entry1="5" entry2="2" type="PPrel">
        <subtype name="activation" value="--&gt;"/>
        <subtype name="binding/association" value="---"/>
    </relation>
    <relation entry1="6" entry2="2" type="PPrel">
        <subtype name="activation" value="--&gt;"/>
        <subtype name="binding/association" value="---"/>
    </relation>
    <relation entry1="7" entry2="1" type="PPrel">
        <subtype name="activation" value="--&gt;"/>
        <subtype name="binding/association" value="---"/>
    </relation>
    <relation entry1="7" entry2="2" type="PPrel">
        <subtype name="activation" value="--&gt;"/>
        <subtype name="binding/association" value="---"/>
    </relation>
    <relation entry1="7" entry2="3" type="PPrel">
        <subtype name="activation" value="--&gt;"/>
        <subtype name="binding/association" value="---"/>
    </relation>
    <relation entry1="17" entry2="18" type="PPrel">
        <subtype name="activation" value="--&gt;"/>
        <subtype name="binding/association" value="---"/>
    </relation>
    <relation entry1="5" entry2="18" type="PPrel">
        <subtype name="activation" value="--&gt;"/>
        <subtype name="binding/association" value="---"/>
    </relation>
    <relation entry1="6" entry2="18" type="PPrel">
        <subtype name="activation" value="--&gt;"/>
        <subtype name="binding/association" value="---"/>
    </relation>
    <relation entry1="7" entry2="18" type="PPrel">
        <subtype name="activation" value="--&gt;"/>
        <subtype name="binding/association" value="---"/>
    </relation>
    <relation entry1="1" entry2="43" type="PPrel">
        <subtype name="activation" value="--&gt;"/>
        <subtype name="phosphorylation" value="+p"/>
    </relation>
    <relation entry1="1" entry2="39" type="PPrel">
        <subtype name="activation" value="--&gt;"/>
    </relation>
    <relation entry1="43" entry2="27" type="PPrel">
        <subtype name="binding/association" value="---"/>
    </relation>
    <relation entry1="39" entry2="27" type="PPrel">
        <subtype name="binding/association" value="---"/>
    </relation>
    <relation entry1="27" entry2="28" type="PPrel">
        <subtype name="binding/association" value="---"/>
    </relation>
    <relation entry1="28" entry2="29" type="PPrel">
        <subtype name="activation" value="--&gt;"/>
    </relation>
    <relation entry1="29" entry2="31" type="PPrel">
        <subtype name="activation" value="--&gt;"/>
    </relation>
    <relation entry1="31" entry2="21" type="PPrel">
        <subtype name="activation" value="--&gt;"/>
    </relation>
    <relation entry1="21" entry2="25" type="PPrel">
        <subtype name="activation" value="--&gt;"/>
        <subtype name="phosphorylation" value="+p"/>
    </relation>
    <relation entry1="25" entry2="26" type="PPrel">
        <subtype name="activation" value="--&gt;"/>
        <subtype name="phosphorylation" value="+p"/>
    </relation>
    <relation entry1="26" entry2="38" type="PPrel">
        <subtype name="activation" value="--&gt;"/>
        <subtype name="phosphorylation" value="+p"/>
    </relation>
    <relation entry1="1" entry2="62" type="PPrel">
        <subtype name="activation" value="--&gt;"/>
        <subtype name="phosphorylation" value="+p"/>
    </relation>
    <relation entry1="1" entry2="63" type="PPrel">
        <subtype name="activation" value="--&gt;"/>
        <subtype name="phosphorylation" value="+p"/>
    </relation>
    <relation entry1="2" entry2="62" type="PPrel">
        <subtype name="activation" value="--&gt;"/>
        <subtype name="phosphorylation" value="+p"/>
    </relation>
    <relation entry1="2" entry2="63" type="PPrel">
        <subtype name="activation" value="--&gt;"/>
        <subtype name="phosphorylation" value="+p"/>
    </relation>
    <relation entry1="3" entry2="62" type="PPrel">
        <subtype name="activation" value="--&gt;"/>
        <subtype name="phosphorylation" value="+p"/>
    </relation>
    <relation entry1="3" entry2="63" type="PPrel">
        <subtype name="activation" value="--&gt;"/>
        <subtype name="phosphorylation" value="+p"/>
    </relation>
    <relation entry1="62" entry2="15" type="PPrel">
        <subtype name="binding/association" value="---"/>
    </relation>
    <relation entry1="63" entry2="15" type="PPrel">
        <subtype name="binding/association" value="---"/>
    </relation>
    <relation entry1="15" entry2="24" type="PPrel">
        <subtype name="binding/association" value="---"/>
    </relation>
    <relation entry1="24" entry2="20" type="PPrel">
        <subtype name="activation" value="--&gt;"/>
    </relation>
    <relation entry1="20" entry2="22" type="PPrel">
        <subtype name="activation" value="--&gt;"/>
    </relation>
    <relation entry1="22" entry2="21" type="PPrel">
        <subtype name="activation" value="--&gt;"/>
        <subtype name="phosphorylation" value="+p"/>
    </relation>
    <relation entry1="25" entry2="20" type="PPrel">
        <subtype name="inhibition" value="--|"/>
        <subtype name="phosphorylation" value="+p"/>
    </relation>
    <relation entry1="26" entry2="20" type="PPrel">
        <subtype name="inhibition" value="--|"/>
        <subtype name="phosphorylation" value="+p"/>
    </relation>
    <relation entry1="25" entry2="44" type="PPrel">
        <subtype name="activation" value="--&gt;"/>
        <subtype name="phosphorylation" value="+p"/>
    </relation>
    <relation entry1="44" entry2="38" type="PPrel">
        <subtype name="activation" value="--&gt;"/>
        <subtype name="phosphorylation" value="+p"/>
    </relation>
    <relation entry1="20" entry2="60" type="PPrel">
        <subtype name="activation" value="--&gt;"/>
        <subtype name="indirect effect" value="..&gt;"/>
    </relation>
    <relation entry1="60" entry2="58" type="PPrel">
        <subtype name="activation" value="--&gt;"/>
        <subtype name="phosphorylation" value="+p"/>
    </relation>
    <relation entry1="58" entry2="59" type="PPrel">
        <subtype name="activation" value="--&gt;"/>
        <subtype name="phosphorylation" value="+p"/>
    </relation>
    <relation entry1="59" entry2="26" type="PPrel">
        <subtype name="activation" value="--&gt;"/>
        <subtype name="phosphorylation" value="+p"/>
    </relation>
    <relation entry1="57" entry2="56" type="PPrel">
        <subtype name="activation" value="--&gt;"/>
        <subtype name="phosphorylation" value="+p"/>
    </relation>
    <relation entry1="56" entry2="38" type="PPrel">
        <subtype name="activation" value="--&gt;"/>
    </relation>
    <relation entry1="1" entry2="15" type="PPrel">
        <subtype name="binding/association" value="---"/>
    </relation>
    <relation entry1="2" entry2="15" type="PPrel">
        <subtype name="binding/association" value="---"/>
    </relation>
    <relation entry1="3" entry2="15" type="PPrel">
        <subtype name="binding/association" value="---"/>
    </relation>
    <relation entry1="1" entry2="64" type="PPrel">
        <subtype name="binding/association" value="---"/>
    </relation>
    <relation entry1="2" entry2="64" type="PPrel">
        <subtype name="binding/association" value="---"/>
    </relation>
    <relation entry1="3" entry2="64" type="PPrel">
        <subtype name="binding/association" value="---"/>
    </relation>
    <relation entry1="1" entry2="14" type="PPrel">
        <subtype name="activation" value="--&gt;"/>
        <subtype name="phosphorylation" value="+p"/>
    </relation>
    <relation entry1="2" entry2="14" type="PPrel">
        <subtype name="activation" value="--&gt;"/>
        <subtype name="phosphorylation" value="+p"/>
    </relation>
    <relation entry1="3" entry2="14" type="PPrel">
        <subtype name="activation" value="--&gt;"/>
        <subtype name="phosphorylation" value="+p"/>
    </relation>
    <relation entry1="14" entry2="32" type="PPrel">
        <subtype name="binding/association" value="---"/>
    </relation>
    <relation entry1="32" entry2="8" type="PPrel">
        <subtype name="binding/association" value="---"/>
    </relation>
    <relation entry1="8" entry2="19" type="PPrel">
        <subtype name="compound" value="88"/>
        <subtype name="activation" value="--&gt;"/>
    </relation>
    <relation entry1="19" entry2="36" type="PPrel">
        <subtype name="activation" value="--&gt;"/>
        <subtype name="phosphorylation" value="+p"/>
        <subtype name="indirect effect" value="..&gt;"/>
    </relation>
    <relation entry1="36" entry2="37" type="PPrel">
        <subtype name="dissociation" value="-+-"/>
    </relation>
    <relation entry1="8" entry2="40" type="PPrel">
        <subtype name="compound" value="88"/>
        <subtype name="activation" value="--&gt;"/>
    </relation>
    <relation entry1="40" entry2="19" type="PPrel">
        <subtype name="activation" value="--&gt;"/>
    </relation>
    <relation entry1="19" entry2="35" type="PPrel">
        <subtype name="inhibition" value="--|"/>
        <subtype name="phosphorylation" value="+p"/>
    </relation>
    <relation entry1="19" entry2="33" type="PPrel">
        <subtype name="inhibition" value="--|"/>
        <subtype name="phosphorylation" value="+p"/>
    </relation>
    <relation entry1="19" entry2="34" type="PPrel">
        <subtype name="inhibition" value="--|"/>
        <subtype name="phosphorylation" value="+p"/>
    </relation>
    <relation entry1="14" entry2="15" type="PPrel">
        <subtype name="binding/association" value="---"/>
    </relation>
    <relation entry1="15" entry2="30" type="PPrel">
        <subtype name="binding/association" value="---"/>
    </relation>
    <relation entry1="30" entry2="8" type="PPrel">
        <subtype name="binding/association" value="---"/>
    </relation>
    <relation entry1="20" entry2="8" type="PPrel">
        <subtype name="activation" value="--&gt;"/>
    </relation>
    <relation entry1="1" entry2="55" type="PPrel">
        <subtype name="activation" value="--&gt;"/>
        <subtype name="phosphorylation" value="+p"/>
    </relation>
    <relation entry1="2" entry2="55" type="PPrel">
        <subtype name="activation" value="--&gt;"/>
        <subtype name="phosphorylation" value="+p"/>
    </relation>
    <relation entry1="3" entry2="55" type="PPrel">
        <subtype name="activation" value="--&gt;"/>
        <subtype name="phosphorylation" value="+p"/>
    </relation>
    <relation entry1="55" entry2="8" type="PPrel">
        <subtype name="activation" value="--&gt;"/>
    </relation>
    <relation entry1="1" entry2="47" type="PPrel">
        <subtype name="binding/association" value="---"/>
    </relation>
    <relation entry1="2" entry2="47" type="PPrel">
        <subtype name="binding/association" value="---"/>
    </relation>
    <relation entry1="3" entry2="47" type="PPrel">
        <subtype name="binding/association" value="---"/>
    </relation>
    <relation entry1="1" entry2="9" type="PPrel">
        <subtype name="activation" value="--&gt;"/>
    </relation>
    <relation entry1="2" entry2="9" type="PPrel">
        <subtype name="activation" value="--&gt;"/>
    </relation>
    <relation entry1="3" entry2="9" type="PPrel">
        <subtype name="activation" value="--&gt;"/>
    </relation>
    <relation entry1="9" entry2="16" type="PPrel">
        <subtype name="compound" value="10"/>
        <subtype name="activation" value="--&gt;"/>
    </relation>
    <relation entry1="16" entry2="21" type="PPrel">
        <subtype name="activation" value="--&gt;"/>
    </relation>
    <relation entry1="9" entry2="80" type="PPrel">
        <subtype name="compound" value="12"/>
        <subtype name="activation" value="--&gt;"/>
    </relation>
    <relation entry1="80" entry2="45" type="PPrel">
        <subtype name="activation" value="--&gt;"/>
    </relation>
    <relation entry1="45" entry2="46" type="PPrel">
        <subtype name="activation" value="--&gt;"/>
        <subtype name="indirect effect" value="..&gt;"/>
    </relation>
    <relation entry1="18" entry2="61" type="PPrel">
        <subtype name="binding/association" value="---"/>
    </relation>
    <relation entry1="61" entry2="50" type="PPrel">
        <subtype name="activation" value="--&gt;"/>
    </relation>
    <relation entry1="18" entry2="50" type="PPrel">
        <subtype name="inhibition" value="--|"/>
    </relation>
    <relation entry1="18" entry2="72" type="PPrel">
        <subtype name="binding/association" value="---"/>
    </relation>
    <relation entry1="18" entry2="71" type="PPrel">
        <subtype name="binding/association" value="---"/>
    </relation>
    <relation entry1="18" entry2="69" type="PPrel">
        <subtype name="binding/association" value="---"/>
    </relation>
    <relation entry1="18" entry2="70" type="PPrel">
        <subtype name="binding/association" value="---"/>
    </relation>
    <relation entry1="69" entry2="70" type="PPrel">
        <subtype name="ubiquitination" value="+u"/>
    </relation>
    <relation entry1="18" entry2="66" type="PPrel">
        <subtype name="activation" value="--&gt;"/>
    </relation>
    <relation entry1="18" entry2="67" type="PPrel">
        <subtype name="activation" value="--&gt;"/>
    </relation>
    <relation entry1="66" entry2="52" type="PPrel">
        <subtype name="activation" value="--&gt;"/>
    </relation>
    <relation entry1="66" entry2="54" type="PPrel">
        <subtype name="activation" value="--&gt;"/>
    </relation>
    <relation entry1="67" entry2="52" type="PPrel">
        <subtype name="activation" value="--&gt;"/>
    </relation>
    <relation entry1="67" entry2="54" type="PPrel">
        <subtype name="activation" value="--&gt;"/>
    </relation>
    <relation entry1="52" entry2="65" type="PPrel">
        <subtype name="activation" value="--&gt;"/>
    </relation>
    <relation entry1="54" entry2="65" type="PPrel">
        <subtype name="activation" value="--&gt;"/>
    </relation>
    <relation entry1="65" entry2="49" type="PPrel">
        <subtype name="activation" value="--&gt;"/>
    </relation>
    <relation entry1="49" entry2="53" type="PPrel">
        <subtype name="activation" value="--&gt;"/>
    </relation>
    <relation entry1="49" entry2="51" type="PPrel">
        <subtype name="activation" value="--&gt;"/>
    </relation>
    <relation entry1="51" entry2="85" type="PPrel">
        <subtype name="activation" value="--&gt;"/>
    </relation>
    <relation entry1="68" entry2="51" type="PPrel">
        <subtype name="inhibition" value="--|"/>
    </relation>
    <relation entry1="69" entry2="49" type="PPrel">
        <subtype name="activation" value="--&gt;"/>
    </relation>
    <relation entry1="18" entry2="73" type="PPrel">
        <subtype name="activation" value="--&gt;"/>
    </relation>
    <relation entry1="73" entry2="77" type="PPrel">
        <subtype name="binding/association" value="---"/>
    </relation>
    <relation entry1="18" entry2="74" type="PPrel">
        <subtype name="binding/association" value="---"/>
    </relation>
    <relation entry1="18" entry2="75" type="PPrel">
        <subtype name="binding/association" value="---"/>
    </relation>
    <relation entry1="18" entry2="76" type="PPrel">
        <subtype name="binding/association" value="---"/>
    </relation>
    <relation entry1="89" entry2="78" type="PPrel">
        <subtype name="activation" value="--&gt;"/>
        <subtype name="indirect effect" value="..&gt;"/>
    </relation>
    <relation entry1="78" entry2="86" type="PPrel">
        <subtype name="activation" value="--&gt;"/>
        <subtype name="phosphorylation" value="+p"/>
    </relation>
    <relation entry1="86" entry2="84" type="PPrel">
        <subtype name="dissociation" value="-+-"/>
    </relation>
    <relation entry1="18" entry2="42" type="PPrel">
        <subtype name="binding/association" value="---"/>
    </relation>
    <relation entry1="20" entry2="57" type="PPrel">
        <subtype name="activation" value="--&gt;"/>
        <subtype name="phosphorylation" value="+p"/>
        <subtype name="indirect effect" value="..&gt;"/>
    </relation>
    <relation entry1="18" entry2="8" type="PPrel">
        <subtype name="compound" value="82"/>
        <subtype name="inhibition" value="--|"/>
    </relation>
</pathway>
