<?xml version="1.0"?>
<!DOCTYPE pathway SYSTEM "http://www.kegg.jp/kegg/xml/KGML_v0.7.2_.dtd">
<!-- Creation date: Oct 7, 2014 17:11:22 +0900 (GMT+09:00) -->
<pathway name="path:mmu00670" org="mmu" number="00670"
         title="One carbon pool by folate"
         image="http://www.kegg.jp/kegg/pathway/mmu/mmu00670.png"
         link="http://www.kegg.jp/kegg-bin/show_pathway?mmu00670">
    <entry id="16" name="path:mmu00670" type="map"
        link="http://www.kegg.jp/dbget-bin/www_bget?mmu00670">
        <graphics name="TITLE:One carbon pool by folate" fgcolor="#000000" bgcolor="#FFFFFF"
             type="roundrectangle" x="163" y="58" width="245" height="25"/>
    </entry>
    <entry id="17" name="path:mmu00790" type="map"
        link="http://www.kegg.jp/dbget-bin/www_bget?mmu00790">
        <graphics name="Folate biosynthesis" fgcolor="#000000" bgcolor="#FFFFFF"
             type="roundrectangle" x="76" y="163" width="80" height="34"/>
    </entry>
    <entry id="18" name="mmu:14317" type="gene" reaction="rn:R02287"
        link="http://www.kegg.jp/dbget-bin/www_bget?mmu:14317">
        <graphics name="Ftcd" fgcolor="#000000" bgcolor="#BFFFBF"
             type="rectangle" x="333" y="454" width="46" height="17"/>
    </entry>
    <entry id="20" name="mmu:14450" type="gene" reaction="rn:R04326"
        link="http://www.kegg.jp/dbget-bin/www_bget?mmu:14450">
        <graphics name="Gart, Gaps, Prgs" fgcolor="#000000" bgcolor="#BFFFBF"
             type="rectangle" x="333" y="411" width="46" height="17"/>
    </entry>
    <entry id="21" name="mmu:14317" type="gene" reaction="rn:R02302"
        link="http://www.kegg.jp/dbget-bin/www_bget?mmu:14317">
        <graphics name="Ftcd" fgcolor="#000000" bgcolor="#BFFFBF"
             type="rectangle" x="487" y="378" width="46" height="17"/>
    </entry>
    <entry id="22" name="mmu:17768 mmu:665563" type="gene" reaction="rn:R01218"
        link="http://www.kegg.jp/dbget-bin/www_bget?mmu:17768+mmu:665563">
        <graphics name="Mthfd2, AW558851, NMDMC..." fgcolor="#000000" bgcolor="#BFFFBF"
             type="rectangle" x="554" y="353" width="46" height="17"/>
    </entry>
    <entry id="23" name="mmu:13361" type="gene" reaction="rn:R00936 rn:R00939"
        link="http://www.kegg.jp/dbget-bin/www_bget?mmu:13361">
        <graphics name="Dhfr, 8430436I03Rik, AA607882, AI662710, AW555094" fgcolor="#000000" bgcolor="#BFFFBF"
             type="rectangle" x="158" y="298" width="46" height="17"/>
    </entry>
    <entry id="24" name="mmu:13361" type="gene" reaction="rn:R02235 rn:R02236"
        link="http://www.kegg.jp/dbget-bin/www_bget?mmu:13361">
        <graphics name="Dhfr, 8430436I03Rik, AA607882, AI662710, AW555094" fgcolor="#000000" bgcolor="#BFFFBF"
             type="rectangle" x="121" y="266" width="46" height="17"/>
    </entry>
    <entry id="25" name="mmu:14317" type="gene" reaction="rn:R03189"
        link="http://www.kegg.jp/dbget-bin/www_bget?mmu:14317">
        <graphics name="Ftcd" fgcolor="#000000" bgcolor="#BFFFBF"
             type="rectangle" x="337" y="214" width="46" height="17"/>
    </entry>
    <entry id="26" name="mmu:17769" type="gene" reaction="rn:R01224 rn:R07168"
        link="http://www.kegg.jp/dbget-bin/www_bget?mmu:17769">
        <graphics name="Mthfr, AI323986" fgcolor="#000000" bgcolor="#BFFFBF"
             type="rectangle" x="644" y="381" width="46" height="17"/>
    </entry>
    <entry id="28" name="mmu:108156 mmu:17768 mmu:665563" type="gene" reaction="rn:R01655"
        link="http://www.kegg.jp/dbget-bin/www_bget?mmu:108156+mmu:17768+mmu:665563">
        <graphics name="Mthfd1, Dcs, E430024A07Rik, Mthfd..." fgcolor="#000000" bgcolor="#BFFFBF"
             type="rectangle" x="424" y="302" width="46" height="17"/>
    </entry>
    <entry id="29" name="mmu:108156" type="gene" reaction="rn:R01220"
        link="http://www.kegg.jp/dbget-bin/www_bget?mmu:108156">
        <graphics name="Mthfd1, Dcs, E430024A07Rik, Mthfd" fgcolor="#000000" bgcolor="#BFFFBF"
             type="rectangle" x="554" y="302" width="46" height="17"/>
    </entry>
    <entry id="30" name="cpd:C00504" type="compound"
        link="http://www.kegg.jp/dbget-bin/www_bget?C00504">
        <graphics name="C00504" fgcolor="#000000" bgcolor="#FFFFFF"
             type="circle" x="120" y="206" width="8" height="8"/>
    </entry>
    <entry id="31" name="cpd:C00415" type="compound"
        link="http://www.kegg.jp/dbget-bin/www_bget?C00415">
        <graphics name="C00415" fgcolor="#000000" bgcolor="#FFFFFF"
             type="circle" x="120" y="298" width="8" height="8"/>
    </entry>
    <entry id="32" name="cpd:C03479" type="compound"
        link="http://www.kegg.jp/dbget-bin/www_bget?C03479">
        <graphics name="C03479" fgcolor="#000000" bgcolor="#FFFFFF"
             type="circle" x="488" y="216" width="8" height="8"/>
    </entry>
    <entry id="33" name="cpd:C00143" type="compound"
        link="http://www.kegg.jp/dbget-bin/www_bget?C00143">
        <graphics name="C00143" fgcolor="#000000" bgcolor="#FFFFFF"
             type="circle" x="619" y="301" width="8" height="8"/>
    </entry>
    <entry id="34" name="cpd:C00440" type="compound"
        link="http://www.kegg.jp/dbget-bin/www_bget?C00440">
        <graphics name="C00440" fgcolor="#000000" bgcolor="#FFFFFF"
             type="circle" x="619" y="436" width="8" height="8"/>
    </entry>
    <entry id="35" name="cpd:C00664" type="compound"
        link="http://www.kegg.jp/dbget-bin/www_bget?C00664">
        <graphics name="C00664" fgcolor="#000000" bgcolor="#FFFFFF"
             type="circle" x="486" y="444" width="8" height="8"/>
    </entry>
    <entry id="41" name="mmu:100039707 mmu:107885" type="gene" reaction="rn:R02301"
        link="http://www.kegg.jp/dbget-bin/www_bget?mmu:100039707+mmu:107885">
        <graphics name="Mthfsl, Gm2382..." fgcolor="#000000" bgcolor="#BFFFBF"
             type="rectangle" x="534" y="239" width="46" height="17"/>
    </entry>
    <entry id="42" name="mmu:434437" type="gene" reaction="rn:R02300"
        link="http://www.kegg.jp/dbget-bin/www_bget?mmu:434437">
        <graphics name="Amt, EG434437" fgcolor="#000000" bgcolor="#BFFFBF"
             type="rectangle" x="490" y="260" width="46" height="17"/>
    </entry>
    <entry id="46" name="mmu:69606" type="gene" reaction="rn:R03940"
        link="http://www.kegg.jp/dbget-bin/www_bget?mmu:69606">
        <graphics name="Mtfmt, 2310020P08Rik" fgcolor="#000000" bgcolor="#BFFFBF"
             type="rectangle" x="284" y="393" width="46" height="17"/>
    </entry>
    <entry id="47" name="mmu:107747 mmu:216188" type="gene" reaction="rn:R00941"
        link="http://www.kegg.jp/dbget-bin/www_bget?mmu:107747+mmu:216188">
        <graphics name="Aldh1l1, 1810048F20Rik, FDH, Fthfd, Neut2..." fgcolor="#000000" bgcolor="#BFFFBF"
             type="rectangle" x="284" y="373" width="46" height="17"/>
    </entry>
    <entry id="48" name="ko:K01433" type="ortholog" reaction="rn:R00944"
        link="http://www.kegg.jp/dbget-bin/www_bget?K01433">
        <graphics name="K01433" fgcolor="#000000" bgcolor="#FFFFFF"
             type="rectangle" x="283" y="344" width="46" height="17"/>
    </entry>
    <entry id="49" name="mmu:108156 mmu:270685" type="gene" reaction="rn:R00943"
        link="http://www.kegg.jp/dbget-bin/www_bget?mmu:108156+mmu:270685">
        <graphics name="Mthfd1, Dcs, E430024A07Rik, Mthfd..." fgcolor="#000000" bgcolor="#BFFFBF"
             type="rectangle" x="283" y="302" width="46" height="17"/>
    </entry>
    <entry id="50" name="mmu:14450" type="gene" reaction="rn:R04325"
        link="http://www.kegg.jp/dbget-bin/www_bget?mmu:14450">
        <graphics name="Gart, Gaps, Prgs" fgcolor="#000000" bgcolor="#BFFFBF"
             type="rectangle" x="283" y="258" width="46" height="17"/>
    </entry>
    <entry id="51" name="mmu:108147" type="gene" reaction="rn:R04560"
        link="http://www.kegg.jp/dbget-bin/www_bget?mmu:108147">
        <graphics name="Atic, 2610509C24Rik, AA536954, AW212393" fgcolor="#000000" bgcolor="#BFFFBF"
             type="rectangle" x="283" y="238" width="46" height="17"/>
    </entry>
    <entry id="52" name="mmu:22171" type="gene" reaction="rn:R02101"
        link="http://www.kegg.jp/dbget-bin/www_bget?mmu:22171">
        <graphics name="Tyms, Ts" fgcolor="#000000" bgcolor="#BFFFBF"
             type="rectangle" x="397" y="520" width="46" height="17"/>
    </entry>
    <entry id="54" name="mmu:238505" type="gene" reaction="rn:R00946"
        link="http://www.kegg.jp/dbget-bin/www_bget?mmu:238505">
        <graphics name="Mtr, AI894170, D830038K18Rik, MS" fgcolor="#000000" bgcolor="#BFFFBF"
             type="rectangle" x="397" y="477" width="46" height="17"/>
    </entry>
    <entry id="60" name="ko:K03465" type="ortholog" reaction="rn:R06613"
        link="http://www.kegg.jp/dbget-bin/www_bget?K03465">
        <graphics name="K03465" fgcolor="#000000" bgcolor="#FFFFFF"
             type="rectangle" x="398" y="106" width="46" height="17"/>
    </entry>
    <entry id="61" name="mmu:108037 mmu:20425" type="gene" reaction="rn:R00945"
        link="http://www.kegg.jp/dbget-bin/www_bget?mmu:108037+mmu:20425">
        <graphics name="Shmt2, 2700043D08Rik, AA408223, AA986903..." fgcolor="#000000" bgcolor="#BFFFBF"
             type="rectangle" x="398" y="191" width="46" height="17"/>
    </entry>
    <entry id="64" name="mmu:434437" type="gene" reaction="rn:R04125"
        link="http://www.kegg.jp/dbget-bin/www_bget?mmu:434437">
        <graphics name="Amt, EG434437" fgcolor="#000000" bgcolor="#BFFFBF"
             type="rectangle" x="398" y="127" width="46" height="17"/>
    </entry>
    <entry id="65" name="cpd:C00234" type="compound"
        link="http://www.kegg.jp/dbget-bin/www_bget?C00234">
        <graphics name="C00234" fgcolor="#000000" bgcolor="#FFFFFF"
             type="circle" x="359" y="301" width="8" height="8"/>
    </entry>
    <entry id="66" name="cpd:C00445" type="compound"
        link="http://www.kegg.jp/dbget-bin/www_bget?C00445">
        <graphics name="C00445" fgcolor="#000000" bgcolor="#FFFFFF"
             type="circle" x="489" y="301" width="8" height="8"/>
    </entry>
    <entry id="68" name="mmu:13361" type="gene" reaction="rn:R00937 rn:R00940"
        link="http://www.kegg.jp/dbget-bin/www_bget?mmu:13361">
        <graphics name="Dhfr, 8430436I03Rik, AA607882, AI662710, AW555094" fgcolor="#000000" bgcolor="#BFFFBF"
             type="rectangle" x="152" y="243" width="46" height="17"/>
    </entry>
    <entry id="69" name="cpd:C00101" type="compound"
        link="http://www.kegg.jp/dbget-bin/www_bget?C00101">
        <graphics name="C00101" fgcolor="#000000" bgcolor="#FFFFFF"
             type="circle" x="204" y="301" width="8" height="8"/>
    </entry>
    <relation entry1="52" entry2="24" type="ECrel">
        <subtype name="compound" value="31"/>
    </relation>
    <relation entry1="52" entry2="23" type="ECrel">
        <subtype name="compound" value="31"/>
    </relation>
    <relation entry1="54" entry2="26" type="ECrel">
        <subtype name="compound" value="34"/>
    </relation>
    <relation entry1="52" entry2="26" type="ECrel">
        <subtype name="compound" value="33"/>
    </relation>
    <relation entry1="22" entry2="26" type="ECrel">
        <subtype name="compound" value="33"/>
    </relation>
    <relation entry1="26" entry2="29" type="ECrel">
        <subtype name="compound" value="33"/>
    </relation>
    <relation entry1="61" entry2="26" type="ECrel">
        <subtype name="compound" value="33"/>
    </relation>
    <relation entry1="64" entry2="26" type="ECrel">
        <subtype name="compound" value="33"/>
    </relation>
    <relation entry1="52" entry2="22" type="ECrel">
        <subtype name="compound" value="33"/>
    </relation>
    <relation entry1="52" entry2="29" type="ECrel">
        <subtype name="compound" value="33"/>
    </relation>
    <relation entry1="52" entry2="61" type="ECrel">
        <subtype name="compound" value="33"/>
    </relation>
    <relation entry1="52" entry2="64" type="ECrel">
        <subtype name="compound" value="33"/>
    </relation>
    <relation entry1="22" entry2="61" type="ECrel">
        <subtype name="compound" value="33"/>
    </relation>
    <relation entry1="22" entry2="64" type="ECrel">
        <subtype name="compound" value="33"/>
    </relation>
    <relation entry1="61" entry2="29" type="ECrel">
        <subtype name="compound" value="33"/>
    </relation>
    <relation entry1="64" entry2="29" type="ECrel">
        <subtype name="compound" value="33"/>
    </relation>
    <relation entry1="41" entry2="25" type="ECrel">
        <subtype name="compound" value="32"/>
    </relation>
    <relation entry1="42" entry2="25" type="ECrel">
        <subtype name="compound" value="32"/>
    </relation>
    <relation entry1="24" entry2="17" type="maplink">
        <subtype name="compound" value="31"/>
    </relation>
    <relation entry1="23" entry2="17" type="maplink">
        <subtype name="compound" value="31"/>
    </relation>
    <relation entry1="52" entry2="17" type="maplink">
        <subtype name="compound" value="31"/>
    </relation>
    <relation entry1="23" entry2="49" type="ECrel">
        <subtype name="compound" value="69"/>
    </relation>
    <relation entry1="23" entry2="50" type="ECrel">
        <subtype name="compound" value="69"/>
    </relation>
    <relation entry1="23" entry2="51" type="ECrel">
        <subtype name="compound" value="69"/>
    </relation>
    <relation entry1="23" entry2="25" type="ECrel">
        <subtype name="compound" value="69"/>
    </relation>
    <relation entry1="23" entry2="61" type="ECrel">
        <subtype name="compound" value="69"/>
    </relation>
    <relation entry1="23" entry2="64" type="ECrel">
        <subtype name="compound" value="69"/>
    </relation>
    <relation entry1="23" entry2="47" type="ECrel">
        <subtype name="compound" value="69"/>
    </relation>
    <relation entry1="23" entry2="46" type="ECrel">
        <subtype name="compound" value="69"/>
    </relation>
    <relation entry1="23" entry2="20" type="ECrel">
        <subtype name="compound" value="69"/>
    </relation>
    <relation entry1="23" entry2="18" type="ECrel">
        <subtype name="compound" value="69"/>
    </relation>
    <relation entry1="23" entry2="54" type="ECrel">
        <subtype name="compound" value="69"/>
    </relation>
    <relation entry1="49" entry2="25" type="ECrel">
        <subtype name="compound" value="69"/>
    </relation>
    <relation entry1="49" entry2="61" type="ECrel">
        <subtype name="compound" value="69"/>
    </relation>
    <relation entry1="49" entry2="64" type="ECrel">
        <subtype name="compound" value="69"/>
    </relation>
    <relation entry1="49" entry2="20" type="ECrel">
        <subtype name="compound" value="69"/>
    </relation>
    <relation entry1="49" entry2="18" type="ECrel">
        <subtype name="compound" value="69"/>
    </relation>
    <relation entry1="49" entry2="54" type="ECrel">
        <subtype name="compound" value="69"/>
    </relation>
    <relation entry1="50" entry2="25" type="ECrel">
        <subtype name="compound" value="69"/>
    </relation>
    <relation entry1="50" entry2="61" type="ECrel">
        <subtype name="compound" value="69"/>
    </relation>
    <relation entry1="50" entry2="64" type="ECrel">
        <subtype name="compound" value="69"/>
    </relation>
    <relation entry1="50" entry2="20" type="ECrel">
        <subtype name="compound" value="69"/>
    </relation>
    <relation entry1="50" entry2="18" type="ECrel">
        <subtype name="compound" value="69"/>
    </relation>
    <relation entry1="50" entry2="54" type="ECrel">
        <subtype name="compound" value="69"/>
    </relation>
    <relation entry1="51" entry2="25" type="ECrel">
        <subtype name="compound" value="69"/>
    </relation>
    <relation entry1="51" entry2="61" type="ECrel">
        <subtype name="compound" value="69"/>
    </relation>
    <relation entry1="51" entry2="64" type="ECrel">
        <subtype name="compound" value="69"/>
    </relation>
    <relation entry1="51" entry2="20" type="ECrel">
        <subtype name="compound" value="69"/>
    </relation>
    <relation entry1="51" entry2="18" type="ECrel">
        <subtype name="compound" value="69"/>
    </relation>
    <relation entry1="51" entry2="54" type="ECrel">
        <subtype name="compound" value="69"/>
    </relation>
    <relation entry1="25" entry2="61" type="ECrel">
        <subtype name="compound" value="69"/>
    </relation>
    <relation entry1="25" entry2="64" type="ECrel">
        <subtype name="compound" value="69"/>
    </relation>
    <relation entry1="25" entry2="47" type="ECrel">
        <subtype name="compound" value="69"/>
    </relation>
    <relation entry1="25" entry2="46" type="ECrel">
        <subtype name="compound" value="69"/>
    </relation>
    <relation entry1="25" entry2="20" type="ECrel">
        <subtype name="compound" value="69"/>
    </relation>
    <relation entry1="25" entry2="18" type="ECrel">
        <subtype name="compound" value="69"/>
    </relation>
    <relation entry1="25" entry2="54" type="ECrel">
        <subtype name="compound" value="69"/>
    </relation>
    <relation entry1="61" entry2="47" type="ECrel">
        <subtype name="compound" value="69"/>
    </relation>
    <relation entry1="61" entry2="46" type="ECrel">
        <subtype name="compound" value="69"/>
    </relation>
    <relation entry1="61" entry2="20" type="ECrel">
        <subtype name="compound" value="69"/>
    </relation>
    <relation entry1="61" entry2="18" type="ECrel">
        <subtype name="compound" value="69"/>
    </relation>
    <relation entry1="61" entry2="54" type="ECrel">
        <subtype name="compound" value="69"/>
    </relation>
    <relation entry1="64" entry2="47" type="ECrel">
        <subtype name="compound" value="69"/>
    </relation>
    <relation entry1="64" entry2="46" type="ECrel">
        <subtype name="compound" value="69"/>
    </relation>
    <relation entry1="64" entry2="20" type="ECrel">
        <subtype name="compound" value="69"/>
    </relation>
    <relation entry1="64" entry2="18" type="ECrel">
        <subtype name="compound" value="69"/>
    </relation>
    <relation entry1="64" entry2="54" type="ECrel">
        <subtype name="compound" value="69"/>
    </relation>
    <relation entry1="47" entry2="20" type="ECrel">
        <subtype name="compound" value="69"/>
    </relation>
    <relation entry1="47" entry2="18" type="ECrel">
        <subtype name="compound" value="69"/>
    </relation>
    <relation entry1="47" entry2="54" type="ECrel">
        <subtype name="compound" value="69"/>
    </relation>
    <relation entry1="46" entry2="20" type="ECrel">
        <subtype name="compound" value="69"/>
    </relation>
    <relation entry1="46" entry2="18" type="ECrel">
        <subtype name="compound" value="69"/>
    </relation>
    <relation entry1="46" entry2="54" type="ECrel">
        <subtype name="compound" value="69"/>
    </relation>
    <relation entry1="20" entry2="18" type="ECrel">
        <subtype name="compound" value="69"/>
    </relation>
    <relation entry1="20" entry2="54" type="ECrel">
        <subtype name="compound" value="69"/>
    </relation>
    <relation entry1="18" entry2="54" type="ECrel">
        <subtype name="compound" value="69"/>
    </relation>
    <relation entry1="28" entry2="49" type="ECrel">
        <subtype name="compound" value="65"/>
    </relation>
    <relation entry1="28" entry2="50" type="ECrel">
        <subtype name="compound" value="65"/>
    </relation>
    <relation entry1="28" entry2="51" type="ECrel">
        <subtype name="compound" value="65"/>
    </relation>
    <relation entry1="28" entry2="47" type="ECrel">
        <subtype name="compound" value="65"/>
    </relation>
    <relation entry1="28" entry2="46" type="ECrel">
        <subtype name="compound" value="65"/>
    </relation>
    <relation entry1="28" entry2="42" type="ECrel">
        <subtype name="compound" value="66"/>
    </relation>
    <relation entry1="28" entry2="41" type="ECrel">
        <subtype name="compound" value="66"/>
    </relation>
    <relation entry1="28" entry2="29" type="ECrel">
        <subtype name="compound" value="66"/>
    </relation>
    <relation entry1="28" entry2="22" type="ECrel">
        <subtype name="compound" value="66"/>
    </relation>
    <relation entry1="28" entry2="21" type="ECrel">
        <subtype name="compound" value="66"/>
    </relation>
    <relation entry1="28" entry2="20" type="ECrel">
        <subtype name="compound" value="66"/>
    </relation>
    <relation entry1="42" entry2="29" type="ECrel">
        <subtype name="compound" value="66"/>
    </relation>
    <relation entry1="42" entry2="22" type="ECrel">
        <subtype name="compound" value="66"/>
    </relation>
    <relation entry1="42" entry2="21" type="ECrel">
        <subtype name="compound" value="66"/>
    </relation>
    <relation entry1="42" entry2="20" type="ECrel">
        <subtype name="compound" value="66"/>
    </relation>
    <relation entry1="41" entry2="29" type="ECrel">
        <subtype name="compound" value="66"/>
    </relation>
    <relation entry1="41" entry2="22" type="ECrel">
        <subtype name="compound" value="66"/>
    </relation>
    <relation entry1="41" entry2="21" type="ECrel">
        <subtype name="compound" value="66"/>
    </relation>
    <relation entry1="41" entry2="20" type="ECrel">
        <subtype name="compound" value="66"/>
    </relation>
    <relation entry1="29" entry2="22" type="ECrel">
        <subtype name="compound" value="66"/>
    </relation>
    <relation entry1="29" entry2="21" type="ECrel">
        <subtype name="compound" value="66"/>
    </relation>
    <relation entry1="29" entry2="20" type="ECrel">
        <subtype name="compound" value="66"/>
    </relation>
    <relation entry1="22" entry2="21" type="ECrel">
        <subtype name="compound" value="66"/>
    </relation>
    <relation entry1="22" entry2="20" type="ECrel">
        <subtype name="compound" value="66"/>
    </relation>
    <relation entry1="21" entry2="20" type="ECrel">
        <subtype name="compound" value="66"/>
    </relation>
    <relation entry1="68" entry2="64" type="ECrel">
        <subtype name="compound" value="69"/>
    </relation>
    <relation entry1="68" entry2="61" type="ECrel">
        <subtype name="compound" value="69"/>
    </relation>
    <relation entry1="68" entry2="25" type="ECrel">
        <subtype name="compound" value="69"/>
    </relation>
    <relation entry1="68" entry2="51" type="ECrel">
        <subtype name="compound" value="69"/>
    </relation>
    <relation entry1="68" entry2="50" type="ECrel">
        <subtype name="compound" value="69"/>
    </relation>
    <relation entry1="68" entry2="49" type="ECrel">
        <subtype name="compound" value="69"/>
    </relation>
    <relation entry1="68" entry2="47" type="ECrel">
        <subtype name="compound" value="69"/>
    </relation>
    <relation entry1="68" entry2="46" type="ECrel">
        <subtype name="compound" value="69"/>
    </relation>
    <relation entry1="68" entry2="20" type="ECrel">
        <subtype name="compound" value="69"/>
    </relation>
    <relation entry1="68" entry2="18" type="ECrel">
        <subtype name="compound" value="69"/>
    </relation>
    <relation entry1="68" entry2="54" type="ECrel">
        <subtype name="compound" value="69"/>
    </relation>
    <reaction id="52" name="rn:R02101" type="reversible">
        <substrate id="33" name="cpd:C00143"/>
        <product id="31" name="cpd:C00415"/>
    </reaction>
    <reaction id="54" name="rn:R00946" type="reversible">
        <substrate id="34" name="cpd:C00440"/>
        <product id="69" name="cpd:C00101"/>
    </reaction>
    <reaction id="18" name="rn:R02287" type="reversible">
        <substrate id="35" name="cpd:C00664"/>
        <product id="69" name="cpd:C00101"/>
    </reaction>
    <reaction id="20" name="rn:R04326" type="irreversible">
        <substrate id="66" name="cpd:C00445"/>
        <product id="69" name="cpd:C00101"/>
    </reaction>
    <reaction id="21" name="rn:R02302" type="reversible">
        <substrate id="66" name="cpd:C00445"/>
        <product id="35" name="cpd:C00664"/>
    </reaction>
    <reaction id="22" name="rn:R01218" type="reversible">
        <substrate id="33" name="cpd:C00143"/>
        <product id="66" name="cpd:C00445"/>
    </reaction>
    <reaction id="41" name="rn:R02301" type="irreversible">
        <substrate id="32" name="cpd:C03479"/>
        <product id="66" name="cpd:C00445"/>
    </reaction>
    <reaction id="42" name="rn:R02300" type="irreversible">
        <substrate id="66" name="cpd:C00445"/>
        <product id="32" name="cpd:C03479"/>
    </reaction>
    <reaction id="46" name="rn:R03940" type="irreversible">
        <substrate id="65" name="cpd:C00234"/>
        <product id="69" name="cpd:C00101"/>
    </reaction>
    <reaction id="47" name="rn:R00941" type="irreversible">
        <substrate id="65" name="cpd:C00234"/>
        <product id="69" name="cpd:C00101"/>
    </reaction>
    <reaction id="49" name="rn:R00943" type="irreversible">
        <substrate id="69" name="cpd:C00101"/>
        <product id="65" name="cpd:C00234"/>
    </reaction>
    <reaction id="50" name="rn:R04325" type="reversible">
        <substrate id="65" name="cpd:C00234"/>
        <product id="69" name="cpd:C00101"/>
    </reaction>
    <reaction id="51" name="rn:R04560" type="reversible">
        <substrate id="65" name="cpd:C00234"/>
        <product id="69" name="cpd:C00101"/>
    </reaction>
    <reaction id="23" name="rn:R00936 rn:R00939" type="reversible">
        <substrate id="31" name="cpd:C00415"/>
        <product id="69" name="cpd:C00101"/>
    </reaction>
    <reaction id="24" name="rn:R02235 rn:R02236" type="reversible">
        <substrate id="30" name="cpd:C00504"/>
        <product id="31" name="cpd:C00415"/>
    </reaction>
    <reaction id="25" name="rn:R03189" type="irreversible">
        <substrate id="32" name="cpd:C03479"/>
        <product id="69" name="cpd:C00101"/>
    </reaction>
    <reaction id="61" name="rn:R00945" type="reversible">
        <substrate id="33" name="cpd:C00143"/>
        <product id="69" name="cpd:C00101"/>
    </reaction>
    <reaction id="64" name="rn:R04125" type="reversible">
        <substrate id="69" name="cpd:C00101"/>
        <product id="33" name="cpd:C00143"/>
    </reaction>
    <reaction id="26" name="rn:R01224 rn:R07168" type="irreversible">
        <substrate id="33" name="cpd:C00143"/>
        <product id="34" name="cpd:C00440"/>
    </reaction>
    <reaction id="28" name="rn:R01655" type="reversible">
        <substrate id="66" name="cpd:C00445"/>
        <product id="65" name="cpd:C00234"/>
    </reaction>
    <reaction id="29" name="rn:R01220" type="reversible">
        <substrate id="33" name="cpd:C00143"/>
        <product id="66" name="cpd:C00445"/>
    </reaction>
    <reaction id="68" name="rn:R00937 rn:R00940" type="irreversible">
        <substrate id="30" name="cpd:C00504"/>
        <product id="69" name="cpd:C00101"/>
    </reaction>
</pathway>
