<?xml version="1.0"?>
<!DOCTYPE pathway SYSTEM "http://www.kegg.jp/kegg/xml/KGML_v0.7.2_.dtd">
<!-- Creation date: Aug 30, 2017 16:59:16 +0900 (GMT+9) -->
<pathway name="path:mmu04144" org="mmu" number="04144"
         title="Endocytosis"
         image="http://www.kegg.jp/kegg/pathway/mmu/mmu04144.png"
         link="http://www.kegg.jp/kegg-bin/show_pathway?mmu04144">
    <entry id="1" name="path:mmu04144" type="map"
        link="http://www.kegg.jp/dbget-bin/www_bget?mmu04144">
        <graphics name="TITLE:Endocytosis" fgcolor="#000000" bgcolor="#FFFFFF"
             type="roundrectangle" x="100" y="58" width="120" height="25"/>
    </entry>
    <entry id="2" name="mmu:20844 mmu:56324" type="gene"
        link="http://www.kegg.jp/dbget-bin/www_bget?mmu:20844+mmu:56324">
        <graphics name="Stam, STAM1..." fgcolor="#000000" bgcolor="#BFFFBF"
             type="rectangle" x="461" y="753" width="46" height="17"/>
    </entry>
    <entry id="3" name="mmu:15239" type="gene"
        link="http://www.kegg.jp/dbget-bin/www_bget?mmu:15239">
        <graphics name="Hgs, Hgr, Hrs, ZFYVE8, tn" fgcolor="#000000" bgcolor="#BFFFBF"
             type="rectangle" x="461" y="770" width="46" height="17"/>
    </entry>
    <entry id="4" name="cpd:C04549" type="compound"
        link="http://www.kegg.jp/dbget-bin/www_bget?C04549">
        <graphics name="C04549" fgcolor="#000000" bgcolor="#FFFFFF"
             type="circle" x="634" y="783" width="8" height="8"/>
    </entry>
    <entry id="5" name="cpd:C04549" type="compound"
        link="http://www.kegg.jp/dbget-bin/www_bget?C04549">
        <graphics name="C04549" fgcolor="#000000" bgcolor="#FFFFFF"
             type="circle" x="428" y="783" width="8" height="8"/>
    </entry>
    <entry id="6" name="mmu:70527" type="gene"
        link="http://www.kegg.jp/dbget-bin/www_bget?mmu:70527">
        <graphics name="Stambp, 5330424L14Rik, 5730422L11Rik, AW107289, Amsh, mKIAA4198" fgcolor="#000000" bgcolor="#BFFFBF"
             type="rectangle" x="1006" y="828" width="46" height="17"/>
    </entry>
    <entry id="7" name="mmu:84092" type="gene"
        link="http://www.kegg.jp/dbget-bin/www_bget?mmu:84092">
        <graphics name="Usp8, AI574262, AW557536, Ubpy, mKIAA0055" fgcolor="#000000" bgcolor="#BFFFBF"
             type="rectangle" x="1006" y="806" width="46" height="17"/>
    </entry>
    <entry id="8" name="path:mmu04142" type="map"
        link="http://www.kegg.jp/dbget-bin/www_bget?mmu04142">
        <graphics name="Lysosome" fgcolor="#000000" bgcolor="#FFFFFF"
             type="roundrectangle" x="677" y="950" width="104" height="26"/>
    </entry>
    <entry id="9" name="mmu:103967 mmu:13429 mmu:13430" type="gene"
        link="http://www.kegg.jp/dbget-bin/www_bget?mmu:103967+mmu:13429+mmu:13430">
        <graphics name="Dnm3, 9630020E24Rik, AW061159, B230343F03Rik, C530045C17, mKIAA0820..." fgcolor="#000000" bgcolor="#BFFFBF"
             type="rectangle" x="270" y="181" width="46" height="17"/>
    </entry>
    <entry id="10" name="mmu:107568 mmu:12402 mmu:16396 mmu:17246 mmu:17999 mmu:208650 mmu:22034 mmu:66313 mmu:67588 mmu:75788 mmu:80794 mmu:83814" type="gene"
        link="http://www.kegg.jp/dbget-bin/www_bget?mmu:107568+mmu:12402+mmu:16396+mmu:17246+mmu:17999+mmu:208650+mmu:22034+mmu:66313+mmu:67588+mmu:75788+mmu:80794+mmu:83814">
        <graphics name="Wwp1, 8030445B08Rik, AIP5, SDRP1, Tiul1..." fgcolor="#000000" bgcolor="#BFFFBF"
             type="rectangle" x="379" y="271" width="46" height="17"/>
    </entry>
    <entry id="11" name="mmu:16835" type="gene"
        link="http://www.kegg.jp/dbget-bin/www_bget?mmu:16835">
        <graphics name="Ldlr, Hlb301" fgcolor="#000000" bgcolor="#BFFFBF"
             type="rectangle" x="533" y="181" width="46" height="17"/>
    </entry>
    <entry id="12" name="mmu:12757 mmu:67300 mmu:74325" type="gene"
        link="http://www.kegg.jp/dbget-bin/www_bget?mmu:12757+mmu:67300+mmu:74325">
        <graphics name="Clta, AV026556, Lca..." fgcolor="#000000" bgcolor="#BFFFBF"
             type="rectangle" x="292" y="269" width="46" height="17"/>
    </entry>
    <entry id="13" name="mmu:11771 mmu:11772 mmu:11773 mmu:232910 mmu:71770" type="gene"
        link="http://www.kegg.jp/dbget-bin/www_bget?mmu:11771+mmu:11772+mmu:11773+mmu:232910+mmu:71770">
        <graphics name="Ap2a1, Adtaa..." fgcolor="#000000" bgcolor="#BFFFBF"
             type="rectangle" x="292" y="286" width="46" height="17"/>
    </entry>
    <entry id="14" name="mmu:72543 mmu:73711" type="gene"
        link="http://www.kegg.jp/dbget-bin/www_bget?mmu:72543+mmu:73711">
        <graphics name="Mvb12b, 2610200O14Rik, 2610528K11Rik, AI414895, Fam125b..." fgcolor="#000000" bgcolor="#BFFFBF"
             type="rectangle" x="547" y="753" width="46" height="17"/>
    </entry>
    <entry id="15" name="mmu:107305 mmu:194309 mmu:330192 mmu:52348" type="gene"
        link="http://www.kegg.jp/dbget-bin/www_bget?mmu:107305+mmu:194309+mmu:330192+mmu:52348">
        <graphics name="Vps37c, 5730409F24Rik, AU042646..." fgcolor="#000000" bgcolor="#BFFFBF"
             type="rectangle" x="593" y="770" width="46" height="17"/>
    </entry>
    <entry id="16" name="mmu:66914" type="gene"
        link="http://www.kegg.jp/dbget-bin/www_bget?mmu:66914">
        <graphics name="Vps28, 1110014J03Rik, CIIA, D730005C08Rik" fgcolor="#000000" bgcolor="#BFFFBF"
             type="rectangle" x="593" y="753" width="46" height="17"/>
    </entry>
    <entry id="17" name="mmu:15481 mmu:15482 mmu:15511 mmu:15512 mmu:193740" type="gene"
        link="http://www.kegg.jp/dbget-bin/www_bget?mmu:15481+mmu:15482+mmu:15511+mmu:15512+mmu:193740">
        <graphics name="Hspa8, 2410008N15Rik, Hsc70, Hsc71, Hsc73, Hsp73, Hspa10..." fgcolor="#000000" bgcolor="#BFFFBF"
             type="rectangle" x="385" y="467" width="46" height="17"/>
    </entry>
    <entry id="18" name="mmu:72685" type="gene"
        link="http://www.kegg.jp/dbget-bin/www_bget?mmu:72685">
        <graphics name="Dnajc6, 2810027M23Rik, mKIAA0473" fgcolor="#000000" bgcolor="#BFFFBF"
             type="rectangle" x="385" y="484" width="46" height="17"/>
    </entry>
    <entry id="19" name="mmu:70160" type="gene"
        link="http://www.kegg.jp/dbget-bin/www_bget?mmu:70160">
        <graphics name="Vps36, 1700010A24Rik, 2210415M20Rik, 2810408E15Rik, Eap45" fgcolor="#000000" bgcolor="#BFFFBF"
             type="rectangle" x="665" y="753" width="46" height="17"/>
    </entry>
    <entry id="20" name="mmu:22088" type="gene"
        link="http://www.kegg.jp/dbget-bin/www_bget?mmu:22088">
        <graphics name="Tsg101, AI255943, CC2" fgcolor="#000000" bgcolor="#BFFFBF"
             type="rectangle" x="547" y="770" width="46" height="17"/>
    </entry>
    <entry id="21" name="mmu:28084" type="gene"
        link="http://www.kegg.jp/dbget-bin/www_bget?mmu:28084">
        <graphics name="Vps25, 1110020N13Rik, AW107467, D11Wsu68e" fgcolor="#000000" bgcolor="#BFFFBF"
             type="rectangle" x="711" y="760" width="46" height="17"/>
    </entry>
    <entry id="22" name="mmu:27681" type="gene"
        link="http://www.kegg.jp/dbget-bin/www_bget?mmu:27681">
        <graphics name="Snf8, D11Moh34" fgcolor="#000000" bgcolor="#BFFFBF"
             type="rectangle" x="665" y="770" width="46" height="17"/>
    </entry>
    <entry id="23" name="mmu:208092" type="gene"
        link="http://www.kegg.jp/dbget-bin/www_bget?mmu:208092">
        <graphics name="Chmp6, 2400004G01Rik" fgcolor="#000000" bgcolor="#BFFFBF"
             type="rectangle" x="757" y="771" width="46" height="17"/>
    </entry>
    <entry id="24" name="mmu:66700" type="gene"
        link="http://www.kegg.jp/dbget-bin/www_bget?mmu:66700">
        <graphics name="Chmp3, 25.1, 4921505F14Rik, 9130011K15Rik, CGI-49, D6Ertd286e, NEDF, Vps24" fgcolor="#000000" bgcolor="#BFFFBF"
             type="rectangle" x="849" y="771" width="46" height="17"/>
    </entry>
    <entry id="25" name="mmu:66371 mmu:75608" type="gene"
        link="http://www.kegg.jp/dbget-bin/www_bget?mmu:66371+mmu:75608">
        <graphics name="Chmp4c, 2010012P02Rik, 2210015K02Rik, 2310010I16Rik, Shax3, Snf7-3..." fgcolor="#000000" bgcolor="#BFFFBF"
             type="rectangle" x="803" y="771" width="46" height="17"/>
    </entry>
    <entry id="26" name="mmu:234852 mmu:67028 mmu:67064" type="gene"
        link="http://www.kegg.jp/dbget-bin/www_bget?mmu:234852+mmu:67028+mmu:67064">
        <graphics name="Chmp1a, 2900018H07Rik, Pcoln3..." fgcolor="#000000" bgcolor="#BFFFBF"
             type="rectangle" x="848" y="722" width="46" height="17"/>
    </entry>
    <entry id="27" name="mmu:68942 mmu:68953" type="gene"
        link="http://www.kegg.jp/dbget-bin/www_bget?mmu:68942+mmu:68953">
        <graphics name="Chmp2b, 1190006E07Rik..." fgcolor="#000000" bgcolor="#BFFFBF"
             type="rectangle" x="849" y="754" width="46" height="17"/>
    </entry>
    <entry id="28" name="mmu:18571" type="gene"
        link="http://www.kegg.jp/dbget-bin/www_bget?mmu:18571">
        <graphics name="Pdcd6ip, AI480591, AW544830, Aip1, Alix, C76364, Eig2, mKIAA1375" fgcolor="#000000" bgcolor="#BFFFBF"
             type="rectangle" x="630" y="730" width="46" height="17"/>
    </entry>
    <entry id="29" name="mmu:116733 mmu:20479" type="gene"
        link="http://www.kegg.jp/dbget-bin/www_bget?mmu:116733+mmu:20479">
        <graphics name="Vps4a, 4930589C15Rik, AI325971, AW553189..." fgcolor="#000000" bgcolor="#BFFFBF"
             type="rectangle" x="916" y="715" width="46" height="17"/>
    </entry>
    <entry id="30" name="mmu:66201" type="gene"
        link="http://www.kegg.jp/dbget-bin/www_bget?mmu:66201">
        <graphics name="Vta1, 1110001D18Rik, 1110059P08Rik, AU040813, C85340, LIP5, SBP1" fgcolor="#000000" bgcolor="#BFFFBF"
             type="rectangle" x="916" y="731" width="46" height="17"/>
    </entry>
    <entry id="31" name="mmu:76959" type="gene"
        link="http://www.kegg.jp/dbget-bin/www_bget?mmu:76959">
        <graphics name="Chmp5, 2210412K09Rik, AW545668" fgcolor="#000000" bgcolor="#BFFFBF"
             type="rectangle" x="793" y="709" width="46" height="17"/>
    </entry>
    <entry id="32" name="mmu:12540" type="gene"
        link="http://www.kegg.jp/dbget-bin/www_bget?mmu:12540">
        <graphics name="Cdc42, AI747189, AU018915" fgcolor="#000000" bgcolor="#BFFFBF"
             type="rectangle" x="887" y="352" width="46" height="17"/>
    </entry>
    <entry id="33" name="mmu:18759 mmu:18762" type="gene"
        link="http://www.kegg.jp/dbget-bin/www_bget?mmu:18759+mmu:18762">
        <graphics name="Prkci, 2310021H13Rik, AI427505, PKClambda, Pkci, Pkcl, Prkcl, aPKClambda, mKIAA4165..." fgcolor="#000000" bgcolor="#BFFFBF"
             type="rectangle" x="887" y="335" width="46" height="17"/>
    </entry>
    <entry id="34" name="mmu:56513 mmu:58220 mmu:93737" type="gene"
        link="http://www.kegg.jp/dbget-bin/www_bget?mmu:56513+mmu:58220+mmu:93737">
        <graphics name="Pard6a, 0710008C04Rik, 2610010A15Rik, PAR-6A, PAR6alpha, Par-6, Par6, Par6c, TAX40, Tip-40..." fgcolor="#000000" bgcolor="#BFFFBF"
             type="rectangle" x="842" y="352" width="46" height="17"/>
    </entry>
    <entry id="35" name="mmu:93742" type="gene"
        link="http://www.kegg.jp/dbget-bin/www_bget?mmu:93742">
        <graphics name="Pard3, AA960621, AI256638, Asip, D8Ertd580e, Par-3, Par3, Pard-3, Pard3a, Phip" fgcolor="#000000" bgcolor="#BFFFBF"
             type="rectangle" x="842" y="335" width="46" height="17"/>
    </entry>
    <entry id="36" name="mmu:11845" type="gene"
        link="http://www.kegg.jp/dbget-bin/www_bget?mmu:11845">
        <graphics name="Arf6, AI788669, AW496366" fgcolor="#000000" bgcolor="#BFFFBF"
             type="rectangle" x="880" y="101" width="46" height="17"/>
    </entry>
    <entry id="37" name="mmu:15461" type="gene"
        link="http://www.kegg.jp/dbget-bin/www_bget?mmu:15461">
        <graphics name="Hras, H-ras, Ha-ras, Harvey-ras, Hras-1, Hras1, Kras2, c-H-ras, c-Ha-ras, c-rasHa, ras" fgcolor="#000000" bgcolor="#BFFFBF"
             type="rectangle" x="933" y="123" width="46" height="17"/>
    </entry>
    <entry id="38" name="mmu:20779" type="gene"
        link="http://www.kegg.jp/dbget-bin/www_bget?mmu:20779">
        <graphics name="Src, AW259666, pp60c-src" fgcolor="#000000" bgcolor="#BFFFBF"
             type="rectangle" x="933" y="101" width="46" height="17"/>
    </entry>
    <entry id="39" name="mmu:19326 mmu:53869" type="gene"
        link="http://www.kegg.jp/dbget-bin/www_bget?mmu:19326+mmu:53869">
        <graphics name="Rab11b, A730055L17Rik..." fgcolor="#000000" bgcolor="#BFFFBF"
             type="rectangle" x="758" y="399" width="46" height="17"/>
    </entry>
    <entry id="40" name="cpd:C05981" type="compound"
        link="http://www.kegg.jp/dbget-bin/www_bget?C05981">
        <graphics name="C05981" fgcolor="#000000" bgcolor="#FFFFFF"
             type="circle" x="1089" y="351" width="8" height="8"/>
    </entry>
    <entry id="41" name="path:mmu04060" type="map"
        link="http://www.kegg.jp/dbget-bin/www_bget?mmu04060">
        <graphics name="Cytokine-cytokine receptor interaction" fgcolor="#000000" bgcolor="#FFFFFF"
             type="roundrectangle" x="629" y="117" width="152" height="38"/>
    </entry>
    <entry id="42" name="mmu:22042" type="gene"
        link="http://www.kegg.jp/dbget-bin/www_bget?mmu:22042">
        <graphics name="Tfrc, 2610028K12Rik, CD71, E430033M20Rik, Mtvr1, TFR, TFR1, TR, Trfr, p90" fgcolor="#000000" bgcolor="#BFFFBF"
             type="rectangle" x="143" y="181" width="46" height="17"/>
    </entry>
    <entry id="43" name="mmu:13854 mmu:13855 mmu:71889" type="gene"
        link="http://www.kegg.jp/dbget-bin/www_bget?mmu:13854+mmu:13855+mmu:71889">
        <graphics name="Epn1, AA269831, Ibp1..." fgcolor="#000000" bgcolor="#BFFFBF"
             type="rectangle" x="235" y="246" width="46" height="17"/>
    </entry>
    <entry id="44" name="mmu:13858 mmu:13859" type="gene"
        link="http://www.kegg.jp/dbget-bin/www_bget?mmu:13858+mmu:13859">
        <graphics name="Eps15, 2410112D09Rik..." fgcolor="#000000" bgcolor="#BFFFBF"
             type="rectangle" x="235" y="263" width="46" height="17"/>
    </entry>
    <entry id="45" name="mmu:84092" type="gene"
        link="http://www.kegg.jp/dbget-bin/www_bget?mmu:84092">
        <graphics name="Usp8, AI574262, AW557536, Ubpy, mKIAA0055" fgcolor="#000000" bgcolor="#BFFFBF"
             type="rectangle" x="335" y="712" width="46" height="17"/>
    </entry>
    <entry id="46" name="mmu:19344 mmu:19345 mmu:271457" type="gene"
        link="http://www.kegg.jp/dbget-bin/www_bget?mmu:19344+mmu:19345+mmu:271457">
        <graphics name="Rab5b, C030027M18Rik..." fgcolor="#000000" bgcolor="#BFFFBF"
             type="rectangle" x="651" y="567" width="46" height="17"/>
    </entry>
    <entry id="47" name="mmu:11845" type="gene"
        link="http://www.kegg.jp/dbget-bin/www_bget?mmu:11845">
        <graphics name="Arf6, AI788669, AW496366" fgcolor="#000000" bgcolor="#BFFFBF"
             type="rectangle" x="931" y="593" width="46" height="17"/>
    </entry>
    <entry id="48" name="mmu:70527" type="gene"
        link="http://www.kegg.jp/dbget-bin/www_bget?mmu:70527">
        <graphics name="Stambp, 5330424L14Rik, 5730422L11Rik, AW107289, Amsh, mKIAA4198" fgcolor="#000000" bgcolor="#BFFFBF"
             type="rectangle" x="335" y="734" width="46" height="17"/>
    </entry>
    <entry id="49" name="mmu:100017" type="gene"
        link="http://www.kegg.jp/dbget-bin/www_bget?mmu:100017">
        <graphics name="Ldlrap1, AA691260, ARH2, Arh, Arh1, FHCB1, FHCB2" fgcolor="#000000" bgcolor="#BFFFBF"
             type="rectangle" x="532" y="247" width="46" height="17"/>
    </entry>
    <entry id="50" name="mmu:13132" type="gene"
        link="http://www.kegg.jp/dbget-bin/www_bget?mmu:13132">
        <graphics name="Dab2, 5730435J12Rik, AA960054, AI957090, D15Wsu122e, D630005B22Rik, Doc-2, Doc2, p96" fgcolor="#000000" bgcolor="#BFFFBF"
             type="rectangle" x="532" y="264" width="46" height="17"/>
    </entry>
    <entry id="51" name="mmu:12765 mmu:12767 mmu:12774 mmu:227288" type="gene"
        link="http://www.kegg.jp/dbget-bin/www_bget?mmu:12765+mmu:12767+mmu:12774+mmu:227288">
        <graphics name="Cxcr2, CD128, CDw128, Cmkar2, Gpcr16, IL-8Rh, IL-8rb, IL8RA, Il8rb, mIL-8RH..." fgcolor="#000000" bgcolor="#BFFFBF"
             type="rectangle" x="583" y="181" width="46" height="17"/>
    </entry>
    <entry id="52" name="mmu:13649 mmu:14183 mmu:14184 mmu:14186 mmu:16001 mmu:18595" type="gene"
        link="http://www.kegg.jp/dbget-bin/www_bget?mmu:13649+mmu:14183+mmu:14184+mmu:14186+mmu:16001+mmu:18595">
        <graphics name="Egfr, 9030024J15Rik, AI552599, Erbb, Errb1, Errp, Wa5, wa-2, wa2..." fgcolor="#000000" bgcolor="#BFFFBF"
             type="rectangle" x="215" y="181" width="46" height="17"/>
    </entry>
    <entry id="53" name="mmu:58194" type="gene"
        link="http://www.kegg.jp/dbget-bin/www_bget?mmu:58194">
        <graphics name="Sh3kbp1, 1200007H22Rik, 1700125L08Rik, 5830464D22Rik, AI447724, Cin85, IN85, Ruk, Seta" fgcolor="#000000" bgcolor="#BFFFBF"
             type="rectangle" x="184" y="263" width="46" height="17"/>
    </entry>
    <entry id="54" name="mmu:20404 mmu:20405 mmu:20408 mmu:227700 mmu:54673" type="gene"
        link="http://www.kegg.jp/dbget-bin/www_bget?mmu:20404+mmu:20405+mmu:20408+mmu:227700+mmu:54673">
        <graphics name="Sh3gl2, 9530001L19Rik, AI120490, AW555077, B930049H17Rik, EEN-B1, SH3PA, Sh3d2a..." fgcolor="#000000" bgcolor="#BFFFBF"
             type="rectangle" x="184" y="280" width="46" height="17"/>
    </entry>
    <entry id="55" name="mmu:110355 mmu:14772 mmu:14773 mmu:24013 mmu:26385 mmu:320129" type="gene"
        link="http://www.kegg.jp/dbget-bin/www_bget?mmu:110355+mmu:14772+mmu:14773+mmu:24013+mmu:26385+mmu:320129">
        <graphics name="Grk2, Adrbk-1, Adrbk1, Bark-1, beta_ARK, betaARK1..." fgcolor="#000000" bgcolor="#BFFFBF"
             type="rectangle" x="583" y="247" width="46" height="17"/>
    </entry>
    <entry id="56" name="mmu:109689 mmu:216869" type="gene"
        link="http://www.kegg.jp/dbget-bin/www_bget?mmu:109689+mmu:216869">
        <graphics name="Arrb1, 1200006I17Rik, AW208571, G430100A01Rik..." fgcolor="#000000" bgcolor="#BFFFBF"
             type="rectangle" x="583" y="264" width="46" height="17"/>
    </entry>
    <entry id="57" name="mmu:11845" type="gene"
        link="http://www.kegg.jp/dbget-bin/www_bget?mmu:11845">
        <graphics name="Arf6, AI788669, AW496366" fgcolor="#000000" bgcolor="#BFFFBF"
             type="rectangle" x="444" y="101" width="46" height="17"/>
    </entry>
    <entry id="58" name="mmu:52055 mmu:74998 mmu:75767" type="gene"
        link="http://www.kegg.jp/dbget-bin/www_bget?mmu:52055+mmu:74998+mmu:75767">
        <graphics name="Rab11fip5, 9130206P09Rik, C75969, D6Ertd32e, GAF1, RIP11..." fgcolor="#000000" bgcolor="#BFFFBF"
             type="rectangle" x="804" y="399" width="46" height="17"/>
    </entry>
    <entry id="59" name="mmu:18805 mmu:18806" type="gene"
        link="http://www.kegg.jp/dbget-bin/www_bget?mmu:18805+mmu:18806">
        <graphics name="Pld1, AA536939, C85393, Pld1a, Pld1b, mPLD1..." fgcolor="#000000" bgcolor="#BFFFBF"
             type="rectangle" x="887" y="379" width="46" height="17"/>
    </entry>
    <entry id="60" name="mmu:18805 mmu:18806" type="gene"
        link="http://www.kegg.jp/dbget-bin/www_bget?mmu:18805+mmu:18806">
        <graphics name="Pld1, AA536939, C85393, Pld1a, Pld1b, mPLD1..." fgcolor="#000000" bgcolor="#BFFFBF"
             type="rectangle" x="445" y="144" width="46" height="17"/>
    </entry>
    <entry id="61" name="mmu:18717 mmu:18719 mmu:18720 mmu:227733" type="gene"
        link="http://www.kegg.jp/dbget-bin/www_bget?mmu:18717+mmu:18719+mmu:18720+mmu:227733">
        <graphics name="Pip5k1c, AI115456, AI835305, Pip5kIgamma..." fgcolor="#000000" bgcolor="#BFFFBF"
             type="rectangle" x="880" y="123" width="46" height="17"/>
    </entry>
    <entry id="62" name="mmu:18717 mmu:18719 mmu:18720 mmu:227733" type="gene"
        link="http://www.kegg.jp/dbget-bin/www_bget?mmu:18717+mmu:18719+mmu:18720+mmu:227733">
        <graphics name="Pip5k1c, AI115456, AI835305, Pip5kIgamma..." fgcolor="#000000" bgcolor="#BFFFBF"
             type="rectangle" x="445" y="123" width="46" height="17"/>
    </entry>
    <entry id="63" name="cpd:C04549" type="compound"
        link="http://www.kegg.jp/dbget-bin/www_bget?C04549">
        <graphics name="C04549" fgcolor="#000000" bgcolor="#FFFFFF"
             type="circle" x="612" y="595" width="8" height="8"/>
    </entry>
    <entry id="64" name="mmu:216238" type="gene"
        link="http://www.kegg.jp/dbget-bin/www_bget?mmu:216238">
        <graphics name="Eea1, A430109M19Rik, B230358H09Rik, ZFYVE2" fgcolor="#000000" bgcolor="#BFFFBF"
             type="rectangle" x="583" y="589" width="46" height="17"/>
    </entry>
    <entry id="65" name="mmu:54189" type="gene"
        link="http://www.kegg.jp/dbget-bin/www_bget?mmu:54189">
        <graphics name="Rabep1, Rab5ep, rabaptin-5, rabaptin-5alpha" fgcolor="#000000" bgcolor="#BFFFBF"
             type="rectangle" x="650" y="545" width="46" height="17"/>
    </entry>
    <entry id="66" name="mmu:107338 mmu:19157 mmu:19158 mmu:19159 mmu:211673 mmu:215632 mmu:232227 mmu:234353 mmu:243621 mmu:245666 mmu:72318 mmu:73728 mmu:74002 mmu:99371" type="gene"
        link="http://www.kegg.jp/dbget-bin/www_bget?mmu:107338+mmu:19157+mmu:19158+mmu:19159+mmu:211673+mmu:215632+mmu:232227+mmu:234353+mmu:243621+mmu:245666+mmu:72318+mmu:73728+mmu:74002+mmu:99371">
        <graphics name="Gbf1, 1700083E03Rik, AI035702, AW049900, mKIAA0248..." fgcolor="#000000" bgcolor="#BFFFBF"
             type="rectangle" x="170" y="554" width="46" height="17"/>
    </entry>
    <entry id="67" name="mmu:106952 mmu:13196 mmu:140500 mmu:211914 mmu:212285 mmu:213990 mmu:216439 mmu:216859 mmu:216963 mmu:228998 mmu:230837 mmu:26431 mmu:347722 mmu:66251 mmu:69710 mmu:69780 mmu:77038 mmu:78618 mmu:98366" type="gene"
        link="http://www.kegg.jp/dbget-bin/www_bget?mmu:106952+mmu:13196+mmu:140500+mmu:211914+mmu:212285+mmu:213990+mmu:216439+mmu:216859+mmu:216963+mmu:228998+mmu:230837+mmu:26431+mmu:347722+mmu:66251+mmu:69710+mmu:69780+mmu:77038+mmu:78618+mmu:98366">
        <graphics name="Arap3, Centd3, Drag1, E030006K04Rik, cnt-d3..." fgcolor="#000000" bgcolor="#BFFFBF"
             type="rectangle" x="66" y="554" width="46" height="17"/>
    </entry>
    <entry id="68" name="path:mmu04070" type="map"
        link="http://www.kegg.jp/dbget-bin/www_bget?mmu04070">
        <graphics name="Phosphatidylinositol signaling system" fgcolor="#000000" bgcolor="#FFFFFF"
             type="roundrectangle" x="983" y="289" width="113" height="38"/>
    </entry>
    <entry id="69" name="mmu:57440" type="gene"
        link="http://www.kegg.jp/dbget-bin/www_bget?mmu:57440">
        <graphics name="Ehd3, Ehd2" fgcolor="#000000" bgcolor="#BFFFBF"
             type="rectangle" x="765" y="589" width="46" height="17"/>
    </entry>
    <entry id="70" name="mmu:13660" type="gene"
        link="http://www.kegg.jp/dbget-bin/www_bget?mmu:13660">
        <graphics name="Ehd1, AA409636, Past1, RME-1" fgcolor="#000000" bgcolor="#BFFFBF"
             type="rectangle" x="996" y="512" width="46" height="17"/>
    </entry>
    <entry id="71" name="mmu:19341" type="gene"
        link="http://www.kegg.jp/dbget-bin/www_bget?mmu:19341">
        <graphics name="Rab4a, AI848268, Rab4" fgcolor="#000000" bgcolor="#BFFFBF"
             type="rectangle" x="708" y="545" width="46" height="17"/>
    </entry>
    <entry id="72" name="mmu:98878" type="gene"
        link="http://www.kegg.jp/dbget-bin/www_bget?mmu:98878">
        <graphics name="Ehd4, 2210022F10Rik, AI197390, AI846352, AV006278, Past2" fgcolor="#000000" bgcolor="#BFFFBF"
             type="rectangle" x="651" y="589" width="46" height="17"/>
    </entry>
    <entry id="73" name="mmu:259300" type="gene"
        link="http://www.kegg.jp/dbget-bin/www_bget?mmu:259300">
        <graphics name="Ehd2, BC027084, C130052H20Rik" fgcolor="#000000" bgcolor="#BFFFBF"
             type="rectangle" x="293" y="315" width="46" height="17"/>
    </entry>
    <entry id="74" name="mmu:78287" type="gene"
        link="http://www.kegg.jp/dbget-bin/www_bget?mmu:78287">
        <graphics name="Rbsn, 5330426D11Rik, Zfyve20" fgcolor="#000000" bgcolor="#BFFFBF"
             type="rectangle" x="767" y="545" width="46" height="17"/>
    </entry>
    <entry id="75" name="mmu:13660" type="gene"
        link="http://www.kegg.jp/dbget-bin/www_bget?mmu:13660">
        <graphics name="Ehd1, AA409636, Past1, RME-1" fgcolor="#000000" bgcolor="#BFFFBF"
             type="rectangle" x="748" y="498" width="46" height="17"/>
    </entry>
    <entry id="76" name="mmu:216724" type="gene"
        link="http://www.kegg.jp/dbget-bin/www_bget?mmu:216724">
        <graphics name="Rufy1, 3000002E04Rik, Rabip4, ZFYVE12" fgcolor="#000000" bgcolor="#BFFFBF"
             type="rectangle" x="708" y="589" width="46" height="17"/>
    </entry>
    <entry id="77" name="mmu:22365" type="gene"
        link="http://www.kegg.jp/dbget-bin/www_bget?mmu:22365">
        <graphics name="Vps45, AI462172, AW554165, mVps45" fgcolor="#000000" bgcolor="#BFFFBF"
             type="rectangle" x="824" y="545" width="46" height="17"/>
    </entry>
    <entry id="78" name="mmu:100529082 mmu:110557 mmu:110558 mmu:110696 mmu:14963 mmu:14964 mmu:14972 mmu:14980 mmu:14985 mmu:14990 mmu:14991 mmu:14997 mmu:15006 mmu:15007 mmu:15013 mmu:15015 mmu:15018 mmu:15019 mmu:15024 mmu:15033 mmu:15039 mmu:15040 mmu:15042 mmu:15043 mmu:15051 mmu:224753 mmu:224754 mmu:224756 mmu:224761 mmu:240095 mmu:333715 mmu:399549 mmu:547349 mmu:630294 mmu:667803 mmu:667977 mmu:69717" type="gene"
        link="http://www.kegg.jp/dbget-bin/www_bget?mmu:100529082+mmu:110557+mmu:110558+mmu:110696+mmu:14963+mmu:14964+mmu:14972+mmu:14980+mmu:14985+mmu:14990+mmu:14991+mmu:14997+mmu:15006+mmu:15007+mmu:15013+mmu:15015+mmu:15018+mmu:15019+mmu:15024+mmu:15033+mmu:15039+mmu:15040+mmu:15042+mmu:15043+mmu:15051+mmu:224753+mmu:224754+mmu:224756+mmu:224761+mmu:240095+mmu:333715+mmu:399549+mmu:547349+mmu:630294+mmu:667803+mmu:667977+mmu:69717">
        <graphics name="Gm11127..." fgcolor="#000000" bgcolor="#BFFFBF"
             type="rectangle" x="931" y="182" width="46" height="17"/>
    </entry>
    <entry id="79" name="mmu:19349" type="gene"
        link="http://www.kegg.jp/dbget-bin/www_bget?mmu:19349">
        <graphics name="Rab7, Rab7a" fgcolor="#000000" bgcolor="#BFFFBF"
             type="rectangle" x="460" y="728" width="46" height="17"/>
    </entry>
    <entry id="80" name="mmu:19341" type="gene"
        link="http://www.kegg.jp/dbget-bin/www_bget?mmu:19341">
        <graphics name="Rab4a, AI848268, Rab4" fgcolor="#000000" bgcolor="#BFFFBF"
             type="rectangle" x="497" y="399" width="46" height="17"/>
    </entry>
    <entry id="81" name="mmu:19349" type="gene"
        link="http://www.kegg.jp/dbget-bin/www_bget?mmu:19349">
        <graphics name="Rab7, Rab7a" fgcolor="#000000" bgcolor="#BFFFBF"
             type="rectangle" x="723" y="924" width="46" height="17"/>
    </entry>
    <entry id="82" name="mmu:21812 mmu:21813" type="gene"
        link="http://www.kegg.jp/dbget-bin/www_bget?mmu:21812+mmu:21813">
        <graphics name="Tgfbr1, ALK5, AU017191, Alk-5, ESK2, TGFR-1, TbetaR-I, TbetaRI..." fgcolor="#000000" bgcolor="#BFFFBF"
             type="rectangle" x="93" y="181" width="46" height="17"/>
    </entry>
    <entry id="83" name="mmu:218441 mmu:230597" type="gene"
        link="http://www.kegg.jp/dbget-bin/www_bget?mmu:218441+mmu:230597">
        <graphics name="Zfyve16, AI035632, B130024H06Rik, B130031L15, mKIAA0305..." fgcolor="#000000" bgcolor="#BFFFBF"
             type="rectangle" x="94" y="246" width="46" height="17"/>
    </entry>
    <entry id="84" name="mmu:17126 mmu:17127" type="gene"
        link="http://www.kegg.jp/dbget-bin/www_bget?mmu:17126+mmu:17127">
        <graphics name="Smad2, 7120426M23Rik, Madh2, Madr2, Smad-2, mMad2..." fgcolor="#000000" bgcolor="#BFFFBF"
             type="rectangle" x="43" y="262" width="46" height="17"/>
    </entry>
    <entry id="85" name="path:mmu04350" type="map"
        link="http://www.kegg.jp/dbget-bin/www_bget?mmu04350">
        <graphics name="TGF-beta signaling pathway" fgcolor="#000000" bgcolor="#FFFFFF"
             type="roundrectangle" x="65" y="319" width="101" height="38"/>
    </entry>
    <entry id="86" name="mmu:18854" type="gene"
        link="http://www.kegg.jp/dbget-bin/www_bget?mmu:18854">
        <graphics name="Pml, 1200009E24Rik, AI661194, Trim19" fgcolor="#000000" bgcolor="#BFFFBF"
             type="rectangle" x="94" y="263" width="46" height="17"/>
    </entry>
    <entry id="87" name="mmu:12389 mmu:12390 mmu:12391" type="gene"
        link="http://www.kegg.jp/dbget-bin/www_bget?mmu:12389+mmu:12390+mmu:12391">
        <graphics name="Cav1, Cav, Cav-1..." fgcolor="#000000" bgcolor="#BFFFBF"
             type="rectangle" x="1288" y="246" width="46" height="17"/>
    </entry>
    <entry id="88" name="mmu:16184 mmu:16185 mmu:16186" type="gene"
        link="http://www.kegg.jp/dbget-bin/www_bget?mmu:16184+mmu:16185+mmu:16186">
        <graphics name="Il2ra, CD25, Il2r, Ly-43..." fgcolor="#000000" bgcolor="#BFFFBF"
             type="rectangle" x="878" y="181" width="46" height="17"/>
    </entry>
    <entry id="89" name="mmu:11848 mmu:67653" type="gene"
        link="http://www.kegg.jp/dbget-bin/www_bget?mmu:11848+mmu:67653">
        <graphics name="Rhoa, Arha, Arha1, Arha2..." fgcolor="#000000" bgcolor="#BFFFBF"
             type="rectangle" x="882" y="244" width="46" height="17"/>
    </entry>
    <entry id="90" name="mmu:12402 mmu:208650 mmu:80794" type="gene"
        link="http://www.kegg.jp/dbget-bin/www_bget?mmu:12402+mmu:208650+mmu:80794">
        <graphics name="Cbl, 4732447J05Rik, Cbl-2, c-Cbl..." fgcolor="#000000" bgcolor="#BFFFBF"
             type="rectangle" x="184" y="246" width="46" height="17"/>
    </entry>
    <entry id="91" name="mmu:18805 mmu:18806" type="gene"
        link="http://www.kegg.jp/dbget-bin/www_bget?mmu:18805+mmu:18806">
        <graphics name="Pld1, AA536939, C85393, Pld1a, Pld1b, mPLD1..." fgcolor="#000000" bgcolor="#BFFFBF"
             type="rectangle" x="881" y="144" width="46" height="17"/>
    </entry>
    <entry id="92" name="mmu:19344 mmu:19345 mmu:271457" type="gene"
        link="http://www.kegg.jp/dbget-bin/www_bget?mmu:19344+mmu:19345+mmu:271457">
        <graphics name="Rab5b, C030027M18Rik..." fgcolor="#000000" bgcolor="#BFFFBF"
             type="rectangle" x="1186" y="607" width="46" height="17"/>
    </entry>
    <entry id="93" name="mmu:20779" type="gene"
        link="http://www.kegg.jp/dbget-bin/www_bget?mmu:20779">
        <graphics name="Src, AW259666, pp60c-src" fgcolor="#000000" bgcolor="#BFFFBF"
             type="rectangle" x="1290" y="288" width="46" height="17"/>
    </entry>
    <entry id="94" name="mmu:14275 mmu:14276 mmu:64931" type="gene"
        link="http://www.kegg.jp/dbget-bin/www_bget?mmu:14275+mmu:14276+mmu:64931">
        <graphics name="Folr1, FBP1, Folbp-1, Folbp1..." fgcolor="#000000" bgcolor="#BFFFBF"
             type="rectangle" x="1119" y="182" width="46" height="17"/>
    </entry>
    <entry id="95" name="cpd:C05981" type="compound"
        link="http://www.kegg.jp/dbget-bin/www_bget?C05981">
        <graphics name="C05981" fgcolor="#000000" bgcolor="#FFFFFF"
             type="circle" x="1088" y="195" width="8" height="8"/>
    </entry>
    <entry id="96" name="cpd:C11556" type="compound"
        link="http://www.kegg.jp/dbget-bin/www_bget?C11556">
        <graphics name="C11556" fgcolor="#000000" bgcolor="#FFFFFF"
             type="circle" x="851" y="783" width="8" height="8"/>
    </entry>
    <entry id="97" name="cpd:C04637" type="compound"
        link="http://www.kegg.jp/dbget-bin/www_bget?C04637">
        <graphics name="C04637" fgcolor="#000000" bgcolor="#FFFFFF"
             type="circle" x="989" y="205" width="8" height="8"/>
    </entry>
    <entry id="98" name="cpd:C04637" type="compound"
        link="http://www.kegg.jp/dbget-bin/www_bget?C04637">
        <graphics name="C04637" fgcolor="#000000" bgcolor="#FFFFFF"
             type="circle" x="1088" y="329" width="8" height="8"/>
    </entry>
    <entry id="99" name="cpd:C04637" type="compound"
        link="http://www.kegg.jp/dbget-bin/www_bget?C04637">
        <graphics name="C04637" fgcolor="#000000" bgcolor="#FFFFFF"
             type="circle" x="449" y="194" width="8" height="8"/>
    </entry>
    <entry id="100" name="mmu:105513" type="gene"
        link="http://www.kegg.jp/dbget-bin/www_bget?mmu:105513">
        <graphics name="Chmp7, 4930596K11Rik, 6330407G04Rik, AI450338, AW550775" fgcolor="#000000" bgcolor="#BFFFBF"
             type="rectangle" x="794" y="739" width="46" height="17"/>
    </entry>
    <entry id="101" name="mmu:11840 mmu:11842 mmu:11844 mmu:11845" type="gene"
        link="http://www.kegg.jp/dbget-bin/www_bget?mmu:11840+mmu:11842+mmu:11844+mmu:11845">
        <graphics name="Arf1..." fgcolor="#000000" bgcolor="#BFFFBF"
             type="rectangle" x="104" y="509" width="46" height="17"/>
    </entry>
    <entry id="102" name="mmu:11840 mmu:11842 mmu:11844 mmu:11845" type="gene"
        link="http://www.kegg.jp/dbget-bin/www_bget?mmu:11840+mmu:11842+mmu:11844+mmu:11845">
        <graphics name="Arf1..." fgcolor="#000000" bgcolor="#BFFFBF"
             type="rectangle" x="104" y="627" width="46" height="17"/>
    </entry>
    <entry id="103" name="cpd:C00035" type="compound"
        link="http://www.kegg.jp/dbget-bin/www_bget?C00035">
        <graphics name="C00035" fgcolor="#000000" bgcolor="#FFFFFF"
             type="circle" x="134" y="508" width="8" height="8"/>
    </entry>
    <entry id="104" name="cpd:C00044" type="compound"
        link="http://www.kegg.jp/dbget-bin/www_bget?C00044">
        <graphics name="C00044" fgcolor="#000000" bgcolor="#FFFFFF"
             type="circle" x="134" y="627" width="8" height="8"/>
    </entry>
    <entry id="105" name="mmu:319740" type="gene"
        link="http://www.kegg.jp/dbget-bin/www_bget?mmu:319740">
        <graphics name="Zfyve27, 2210011N02Rik, 9530077C24Rik, AI426636, AI593546, AI835681" fgcolor="#000000" bgcolor="#BFFFBF"
             type="rectangle" x="758" y="459" width="46" height="17"/>
    </entry>
    <entry id="106" name="mmu:16572 mmu:16573 mmu:16574" type="gene"
        link="http://www.kegg.jp/dbget-bin/www_bget?mmu:16572+mmu:16573+mmu:16574">
        <graphics name="Kif5a, D10Bwg0738e, Khc, Kif5, Kns, mKIAA4086..." fgcolor="#000000" bgcolor="#BFFFBF"
             type="rectangle" x="804" y="459" width="46" height="17"/>
    </entry>
    <entry id="107" name="mmu:68767" type="gene"
        link="http://www.kegg.jp/dbget-bin/www_bget?mmu:68767">
        <graphics name="Washc1, 1110049F14Rik, ORF19, Wash, Wash1" fgcolor="#000000" bgcolor="#BFFFBF"
             type="rectangle" x="363" y="648" width="46" height="17"/>
    </entry>
    <entry id="108" name="mmu:28006" type="gene"
        link="http://www.kegg.jp/dbget-bin/www_bget?mmu:28006">
        <graphics name="Washc2, A130095H06, C530005J20Rik, D6Wsu116e, Fam21" fgcolor="#000000" bgcolor="#BFFFBF"
             type="rectangle" x="409" y="647" width="46" height="17"/>
    </entry>
    <entry id="109" name="mmu:67282" type="gene"
        link="http://www.kegg.jp/dbget-bin/www_bget?mmu:67282">
        <graphics name="Washc3, 2900091E11Rik, 5730495F03Rik, Ccdc53" fgcolor="#000000" bgcolor="#BFFFBF"
             type="rectangle" x="387" y="664" width="46" height="17"/>
    </entry>
    <entry id="110" name="mmu:319277" type="gene"
        link="http://www.kegg.jp/dbget-bin/www_bget?mmu:319277">
        <graphics name="Washc4, A230046K03Rik, AA589518, Kiaa1033, mKIAA1033" fgcolor="#000000" bgcolor="#BFFFBF"
             type="rectangle" x="409" y="614" width="46" height="17"/>
    </entry>
    <entry id="111" name="mmu:223593" type="gene"
        link="http://www.kegg.jp/dbget-bin/www_bget?mmu:223593">
        <graphics name="Washc5, AL022848, C76463, E430025E21Rik, Kiaa0196, mKIAA0196, strumpellin" fgcolor="#000000" bgcolor="#BFFFBF"
             type="rectangle" x="409" y="631" width="46" height="17"/>
    </entry>
    <entry id="112" name="mmu:12340 mmu:12343 mmu:12344" type="gene"
        link="http://www.kegg.jp/dbget-bin/www_bget?mmu:12340+mmu:12343+mmu:12344">
        <graphics name="Capza1, CAPZ, CAZ1, Cappa1..." fgcolor="#000000" bgcolor="#BFFFBF"
             type="rectangle" x="339" y="622" width="46" height="17"/>
    </entry>
    <entry id="113" name="mmu:229285" type="gene"
        link="http://www.kegg.jp/dbget-bin/www_bget?mmu:229285">
        <graphics name="Spg20, AI840044, C79168, SPARTIN, TAHCCP1, mKIAA0610" fgcolor="#000000" bgcolor="#BFFFBF"
             type="rectangle" x="235" y="280" width="46" height="17"/>
    </entry>
    <entry id="114" name="mmu:12345" type="gene"
        link="http://www.kegg.jp/dbget-bin/www_bget?mmu:12345">
        <graphics name="Capzb, 1700120C01Rik, AI325129, CPB1, CPB2, CPbeat2, CPbeta1, CPbeta2, Cappb1" fgcolor="#000000" bgcolor="#BFFFBF"
             type="rectangle" x="339" y="605" width="46" height="17"/>
    </entry>
    <entry id="115" name="mmu:77407" type="gene"
        link="http://www.kegg.jp/dbget-bin/www_bget?mmu:77407">
        <graphics name="Rab35, 9530019H02Rik, AU040256, H-ray, RAB1C, RAY" fgcolor="#000000" bgcolor="#BFFFBF"
             type="rectangle" x="551" y="399" width="46" height="17"/>
    </entry>
    <entry id="116" name="mmu:19325" type="gene"
        link="http://www.kegg.jp/dbget-bin/www_bget?mmu:19325">
        <graphics name="Rab10, AW107754" fgcolor="#000000" bgcolor="#BFFFBF"
             type="rectangle" x="824" y="522" width="46" height="17"/>
    </entry>
    <entry id="117" name="mmu:69150" type="gene"
        link="http://www.kegg.jp/dbget-bin/www_bget?mmu:69150">
        <graphics name="Snx4, 1810036H14Rik, AI037066" fgcolor="#000000" bgcolor="#BFFFBF"
             type="rectangle" x="824" y="567" width="46" height="17"/>
    </entry>
    <entry id="118" name="mmu:30930 mmu:69091" type="gene"
        link="http://www.kegg.jp/dbget-bin/www_bget?mmu:30930+mmu:69091">
        <graphics name="Vps26a, AA407240, HB58, Vps26..." fgcolor="#000000" bgcolor="#BFFFBF"
             type="rectangle" x="568" y="692" width="46" height="17"/>
    </entry>
    <entry id="119" name="mmu:106572 mmu:19334" type="gene"
        link="http://www.kegg.jp/dbget-bin/www_bget?mmu:106572+mmu:19334">
        <graphics name="Rab31, 1700093E07Rik, AI415285, Rab22B..." fgcolor="#000000" bgcolor="#BFFFBF"
             type="rectangle" x="824" y="500" width="46" height="17"/>
    </entry>
    <entry id="120" name="mmu:56433" type="gene"
        link="http://www.kegg.jp/dbget-bin/www_bget?mmu:56433">
        <graphics name="Vps29, 2010015D08Rik, AW049835, PEP11" fgcolor="#000000" bgcolor="#BFFFBF"
             type="rectangle" x="522" y="692" width="46" height="17"/>
    </entry>
    <entry id="121" name="mmu:65114" type="gene"
        link="http://www.kegg.jp/dbget-bin/www_bget?mmu:65114">
        <graphics name="Vps35, AI647796, Mem3" fgcolor="#000000" bgcolor="#BFFFBF"
             type="rectangle" x="614" y="692" width="46" height="17"/>
    </entry>
    <entry id="122" name="mmu:17274" type="gene"
        link="http://www.kegg.jp/dbget-bin/www_bget?mmu:17274">
        <graphics name="Rab8a, AA409338, Mel" fgcolor="#000000" bgcolor="#BFFFBF"
             type="rectangle" x="877" y="545" width="46" height="17"/>
    </entry>
    <entry id="123" name="mmu:215445 mmu:268451" type="gene"
        link="http://www.kegg.jp/dbget-bin/www_bget?mmu:215445+mmu:268451">
        <graphics name="Rab11fip3, Cart1, D030060O14Rik, Rab11-FIP3, mKIAA0665..." fgcolor="#000000" bgcolor="#BFFFBF"
             type="rectangle" x="959" y="619" width="46" height="17"/>
    </entry>
    <entry id="124" name="mmu:19326 mmu:53869" type="gene"
        link="http://www.kegg.jp/dbget-bin/www_bget?mmu:19326+mmu:53869">
        <graphics name="Rab11b, A730055L17Rik..." fgcolor="#000000" bgcolor="#BFFFBF"
             type="rectangle" x="982" y="593" width="46" height="17"/>
    </entry>
    <entry id="125" name="mmu:77407" type="gene"
        link="http://www.kegg.jp/dbget-bin/www_bget?mmu:77407">
        <graphics name="Rab35, 9530019H02Rik, AU040256, H-ray, RAB1C, RAY" fgcolor="#000000" bgcolor="#BFFFBF"
             type="rectangle" x="877" y="567" width="46" height="17"/>
    </entry>
    <entry id="126" name="mmu:218038 mmu:30948" type="gene"
        link="http://www.kegg.jp/dbget-bin/www_bget?mmu:218038+mmu:30948">
        <graphics name="Amph..." fgcolor="#000000" bgcolor="#BFFFBF"
             type="rectangle" x="184" y="327" width="46" height="17"/>
    </entry>
    <entry id="127" name="mmu:27965" type="gene"
        link="http://www.kegg.jp/dbget-bin/www_bget?mmu:27965">
        <graphics name="Spg21, ACP33, BM-019, C78576, D9Wsu18e, GL010, MAST" fgcolor="#000000" bgcolor="#BFFFBF"
             type="rectangle" x="365" y="867" width="46" height="17"/>
    </entry>
    <entry id="128" name="mmu:11867 mmu:56378 mmu:56443 mmu:67771 mmu:68089 mmu:74192 mmu:76709" type="gene"
        link="http://www.kegg.jp/dbget-bin/www_bget?mmu:11867+mmu:56378+mmu:56443+mmu:67771+mmu:68089+mmu:74192+mmu:76709">
        <graphics name="Arpc1b, 41kDa, AA408064, AA408534, AA571392, AF007010, AW208418, L72, SOP2Hs, p41-ARC..." fgcolor="#000000" bgcolor="#BFFFBF"
             type="rectangle" x="304" y="648" width="46" height="17"/>
    </entry>
    <entry id="129" name="mmu:54198 mmu:55988" type="gene"
        link="http://www.kegg.jp/dbget-bin/www_bget?mmu:54198+mmu:55988">
        <graphics name="Snx3, SDP3..." fgcolor="#000000" bgcolor="#BFFFBF"
             type="rectangle" x="523" y="716" width="45" height="17"/>
    </entry>
    <entry id="130" name="path:mmu04130" type="map"
        link="http://www.kegg.jp/dbget-bin/www_bget?mmu04130">
        <graphics name="SNARE interactions in vesicular transport" fgcolor="#000000" bgcolor="#FFFFFF"
             type="roundrectangle" x="283" y="850" width="110" height="38"/>
    </entry>
    <entry id="131" name="mmu:56440 mmu:67804" type="gene"
        link="http://www.kegg.jp/dbget-bin/www_bget?mmu:56440+mmu:67804">
        <graphics name="Snx1..." fgcolor="#000000" bgcolor="#BFFFBF"
             type="rectangle" x="423" y="912" width="46" height="17"/>
    </entry>
    <entry id="132" name="mmu:225861 mmu:69178 mmu:72183" type="gene"
        link="http://www.kegg.jp/dbget-bin/www_bget?mmu:225861+mmu:69178+mmu:72183">
        <graphics name="Snx32, B930037P14Rik, Snx6b..." fgcolor="#000000" bgcolor="#BFFFBF"
             type="rectangle" x="469" y="912" width="46" height="17"/>
    </entry>
    <entry id="133" name="mmu:16004" type="gene"
        link="http://www.kegg.jp/dbget-bin/www_bget?mmu:16004">
        <graphics name="Igf2r, AI661837, CD222, CI-MPR, M6P/IGF2R, Mpr300" fgcolor="#000000" bgcolor="#BFFFBF"
             type="rectangle" x="402" y="889" width="46" height="17"/>
    </entry>
    <entry id="134" name="mmu:22376 mmu:73178" type="gene"
        link="http://www.kegg.jp/dbget-bin/www_bget?mmu:22376+mmu:73178">
        <graphics name="Was, U42471, Wasp..." fgcolor="#000000" bgcolor="#BFFFBF"
             type="rectangle" x="413" y="329" width="46" height="17"/>
    </entry>
    <entry id="135" name="mmu:215280 mmu:330319 mmu:68524" type="gene"
        link="http://www.kegg.jp/dbget-bin/www_bget?mmu:215280+mmu:330319+mmu:68524">
        <graphics name="Wipf1, AI115543, D2Ertd120e, WIP, Waspip..." fgcolor="#000000" bgcolor="#BFFFBF"
             type="rectangle" x="413" y="358" width="46" height="17"/>
    </entry>
    <entry id="136" name="mmu:11867 mmu:56378 mmu:56443 mmu:67771 mmu:68089 mmu:74192 mmu:76709" type="gene"
        link="http://www.kegg.jp/dbget-bin/www_bget?mmu:11867+mmu:56378+mmu:56443+mmu:67771+mmu:68089+mmu:74192+mmu:76709">
        <graphics name="Arpc1b, 41kDa, AA408064, AA408534, AA571392, AF007010, AW208418, L72, SOP2Hs, p41-ARC..." fgcolor="#000000" bgcolor="#BFFFBF"
             type="rectangle" x="472" y="329" width="46" height="17"/>
    </entry>
    <entry id="137" name="mmu:71955" type="gene"
        link="http://www.kegg.jp/dbget-bin/www_bget?mmu:71955">
        <graphics name="Ist1, 2400003C14Rik, AW536298, mKIAA0174" fgcolor="#000000" bgcolor="#BFFFBF"
             type="rectangle" x="847" y="698" width="46" height="17"/>
    </entry>
    <entry id="138" name="mmu:22187" type="gene"
        link="http://www.kegg.jp/dbget-bin/www_bget?mmu:22187">
        <graphics name="Ubb, AL033289, Rps27a, Uba52, Ubb2, Ubc" fgcolor="#000000" bgcolor="#BFFFBF"
             type="rectangle" x="265" y="407" width="46" height="17"/>
    </entry>
    <entry id="139" name="undefined" type="group">
        <graphics fgcolor="#000000" bgcolor="#FFFFFF"
             type="rectangle" x="583" y="255" width="46" height="34"/>
        <component id="55"/>
        <component id="56"/>
    </entry>
    <entry id="140" name="undefined" type="group">
        <graphics fgcolor="#000000" bgcolor="#FFFFFF"
             type="rectangle" x="235" y="254" width="46" height="34"/>
        <component id="43"/>
        <component id="44"/>
    </entry>
    <entry id="141" name="undefined" type="group">
        <graphics fgcolor="#000000" bgcolor="#FFFFFF"
             type="rectangle" x="184" y="263" width="46" height="51"/>
        <component id="53"/>
        <component id="54"/>
        <component id="90"/>
    </entry>
    <entry id="142" name="undefined" type="group">
        <graphics fgcolor="#000000" bgcolor="#FFFFFF"
             type="rectangle" x="532" y="255" width="46" height="34"/>
        <component id="49"/>
        <component id="50"/>
    </entry>
    <entry id="143" name="undefined" type="group">
        <graphics fgcolor="#000000" bgcolor="#FFFFFF"
             type="rectangle" x="916" y="723" width="46" height="33"/>
        <component id="29"/>
        <component id="30"/>
    </entry>
    <entry id="144" name="undefined" type="group">
        <graphics fgcolor="#000000" bgcolor="#FFFFFF"
             type="rectangle" x="292" y="277" width="46" height="34"/>
        <component id="12"/>
        <component id="13"/>
    </entry>
    <relation entry1="10" entry2="52" type="PPrel">
        <subtype name="ubiquitination" value="+u"/>
    </relation>
    <relation entry1="139" entry2="51" type="PPrel">
        <subtype name="phosphorylation" value="+p"/>
    </relation>
    <relation entry1="140" entry2="52" type="PPrel">
        <subtype name="binding/association" value="---"/>
    </relation>
    <relation entry1="141" entry2="52" type="PPrel">
        <subtype name="binding/association" value="---"/>
    </relation>
    <relation entry1="142" entry2="11" type="PPrel">
        <subtype name="binding/association" value="---"/>
    </relation>
    <relation entry1="74" entry2="71" type="PPrel">
        <subtype name="binding/association" value="---"/>
    </relation>
    <relation entry1="71" entry2="76" type="PPrel">
        <subtype name="binding/association" value="---"/>
    </relation>
    <relation entry1="69" entry2="74" type="PPrel">
        <subtype name="binding/association" value="---"/>
    </relation>
    <relation entry1="74" entry2="75" type="PPrel">
        <subtype name="binding/association" value="---"/>
    </relation>
    <relation entry1="75" entry2="58" type="PPrel">
        <subtype name="binding/association" value="---"/>
    </relation>
    <relation entry1="58" entry2="39" type="PPrel">
        <subtype name="binding/association" value="---"/>
    </relation>
    <relation entry1="14" entry2="28" type="PPrel">
        <subtype name="binding/association" value="---"/>
    </relation>
    <relation entry1="25" entry2="28" type="PPrel">
        <subtype name="binding/association" value="---"/>
    </relation>
    <relation entry1="3" entry2="2" type="PPrel">
        <subtype name="binding/association" value="---"/>
    </relation>
    <relation entry1="29" entry2="30" type="PPrel">
        <subtype name="binding/association" value="---"/>
    </relation>
    <relation entry1="26" entry2="143" type="PPrel">
        <subtype name="binding/association" value="---"/>
    </relation>
    <relation entry1="31" entry2="29" type="PPrel">
        <subtype name="binding/association" value="---"/>
    </relation>
    <relation entry1="26" entry2="27" type="PPrel">
        <subtype name="binding/association" value="---"/>
    </relation>
    <relation entry1="100" entry2="25" type="PPrel">
        <subtype name="binding/association" value="---"/>
    </relation>
    <relation entry1="82" entry2="84" type="PPrel">
        <subtype name="phosphorylation" value="+p"/>
    </relation>
    <relation entry1="144" entry2="73" type="PPrel">
        <subtype name="binding/association" value="---"/>
    </relation>
    <relation entry1="93" entry2="87" type="PPrel">
        <subtype name="phosphorylation" value="+p"/>
    </relation>
    <relation entry1="89" entry2="88" type="PPrel">
        <subtype name="binding/association" value="---"/>
    </relation>
    <relation entry1="77" entry2="74" type="PPrel">
        <subtype name="binding/association" value="---"/>
    </relation>
</pathway>
