<?xml version="1.0"?>
<!DOCTYPE pathway SYSTEM "http://www.kegg.jp/kegg/xml/KGML_v0.7.2_.dtd">
<!-- Creation date: Sep 10, 2014 17:51:36 +0900 (GMT+09:00) -->
<pathway name="path:mmu03008" org="mmu" number="03008"
         title="Ribosome biogenesis in eukaryotes"
         image="http://www.kegg.jp/kegg/pathway/mmu/mmu03008.png"
         link="http://www.kegg.jp/kegg-bin/show_pathway?mmu03008">
    <entry id="1" name="path:mmu03008" type="map"
        link="http://www.kegg.jp/dbget-bin/www_bget?mmu03008">
        <graphics name="TITLE:Ribosome biogenesis in eukaryotes" fgcolor="#000000" bgcolor="#FFFFFF"
             type="roundrectangle" x="195" y="58" width="310" height="25"/>
    </entry>
    <entry id="2" name="path:mmu03010" type="map"
        link="http://www.kegg.jp/dbget-bin/www_bget?mmu03010">
        <graphics name="Ribosome" fgcolor="#000000" bgcolor="#FFFFFF"
             type="roundrectangle" x="416" y="893" width="92" height="25"/>
    </entry>
    <entry id="3" name="mmu:19384 mmu:19428 mmu:75471" type="gene"
        link="http://www.kegg.jp/dbget-bin/www_bget?mmu:19384+mmu:19428+mmu:75471">
        <graphics name="Ran..." fgcolor="#000000" bgcolor="#BFFFBF"
             type="rectangle" x="399" y="704" width="46" height="17"/>
    </entry>
    <entry id="4" name="mmu:103573" type="gene"
        link="http://www.kegg.jp/dbget-bin/www_bget?mmu:103573">
        <graphics name="Xpo1, AA420417, Crm1, Exp1" fgcolor="#000000" bgcolor="#BFFFBF"
             type="rectangle" x="399" y="722" width="46" height="19"/>
    </entry>
    <entry id="5" name="mmu:97112" type="gene"
        link="http://www.kegg.jp/dbget-bin/www_bget?mmu:97112">
        <graphics name="Nmd3, C87860" fgcolor="#000000" bgcolor="#BFFFBF"
             type="rectangle" x="399" y="738" width="46" height="17"/>
    </entry>
    <entry id="6" name="ko:K14483" type="ortholog"
        link="http://www.kegg.jp/dbget-bin/www_bget?K14483">
        <graphics name="K14483" fgcolor="#000000" bgcolor="#FFFFFF"
             type="rectangle" x="380" y="181" width="46" height="17"/>
    </entry>
    <entry id="7" name="mmu:17724" type="gene"
        link="http://www.kegg.jp/dbget-bin/www_bget?mmu:17724">
        <graphics name="Rnr1" fgcolor="#000000" bgcolor="#BFFFBF"
             type="rectangle" x="63" y="141" width="46" height="17"/>
    </entry>
    <entry id="8" name="mmu:790956" type="gene"
        link="http://www.kegg.jp/dbget-bin/www_bget?mmu:790956">
        <graphics name="Rs5-8s1" fgcolor="#000000" bgcolor="#BFFFBF"
             type="rectangle" x="118" y="141" width="46" height="17"/>
    </entry>
    <entry id="9" name="mmu:17725 mmu:236598" type="gene"
        link="http://www.kegg.jp/dbget-bin/www_bget?mmu:17725+mmu:236598">
        <graphics name="Rnr2..." fgcolor="#000000" bgcolor="#BFFFBF"
             type="rectangle" x="173" y="141" width="46" height="17"/>
    </entry>
    <entry id="10" name="mmu:100861471 mmu:100861472 mmu:100861473 mmu:100861474 mmu:100861475 mmu:100861477 mmu:100861478 mmu:100861479 mmu:100861480 mmu:100861481 mmu:100861482 mmu:100861483 mmu:100861484 mmu:100861486 mmu:100861487 mmu:100861488 mmu:100861489 mmu:100861490 mmu:100861491 mmu:100861492 mmu:100861493 mmu:100861494 mmu:100861495 mmu:100861496 mmu:100861497 mmu:100861498 mmu:100861499 mmu:100861500 mmu:100861501 mmu:100861502 mmu:100861503 mmu:19804" type="gene"
        link="http://www.kegg.jp/dbget-bin/www_bget?mmu:100861471+mmu:100861472+mmu:100861473+mmu:100861474+mmu:100861475+mmu:100861477+mmu:100861478+mmu:100861479+mmu:100861480+mmu:100861481+mmu:100861482+mmu:100861483+mmu:100861484+mmu:100861486+mmu:100861487+mmu:100861488+mmu:100861489+mmu:100861490+mmu:100861491+mmu:100861492+mmu:100861493+mmu:100861494+mmu:100861495+mmu:100861496+mmu:100861497+mmu:100861498+mmu:100861499+mmu:100861500+mmu:100861501+mmu:100861502+mmu:100861503+mmu:19804">
        <graphics name="n-R5s100, Rn5s2..." fgcolor="#000000" bgcolor="#BFFFBF"
             type="rectangle" x="228" y="141" width="46" height="17"/>
    </entry>
    <entry id="11" name="mmu:21453" type="gene"
        link="http://www.kegg.jp/dbget-bin/www_bget?mmu:21453">
        <graphics name="Tcof1, AA408847, AW209012, treacle" fgcolor="#000000" bgcolor="#BFFFBF"
             type="rectangle" x="301" y="164" width="46" height="17"/>
    </entry>
    <entry id="12" name="mmu:100862468 mmu:20826" type="gene"
        link="http://www.kegg.jp/dbget-bin/www_bget?mmu:100862468+mmu:20826">
        <graphics name="100862468..." fgcolor="#000000" bgcolor="#BFFFBF"
             type="rectangle" x="378" y="238" width="46" height="17"/>
    </entry>
    <entry id="13" name="mmu:55989" type="gene"
        link="http://www.kegg.jp/dbget-bin/www_bget?mmu:55989">
        <graphics name="Nop58, MSSP, Nol5, SIK, nop5" fgcolor="#000000" bgcolor="#BFFFBF"
             type="rectangle" x="332" y="238" width="46" height="17"/>
    </entry>
    <entry id="14" name="mmu:67134" type="gene"
        link="http://www.kegg.jp/dbget-bin/www_bget?mmu:67134">
        <graphics name="Nop56, 2310044F10Rik, Nol5a" fgcolor="#000000" bgcolor="#BFFFBF"
             type="rectangle" x="378" y="221" width="46" height="17"/>
    </entry>
    <entry id="15" name="mmu:14113 mmu:237730" type="gene"
        link="http://www.kegg.jp/dbget-bin/www_bget?mmu:14113+mmu:237730">
        <graphics name="Fbl, AL022665, FIB, FLRN, RNU3IP1..." fgcolor="#000000" bgcolor="#BFFFBF"
             type="rectangle" x="332" y="221" width="46" height="17"/>
    </entry>
    <entry id="16" name="mmu:66181" type="gene"
        link="http://www.kegg.jp/dbget-bin/www_bget?mmu:66181">
        <graphics name="Nop10, 1110036B12Rik, NOP10P, Nola3" fgcolor="#000000" bgcolor="#BFFFBF"
             type="rectangle" x="509" y="238" width="46" height="17"/>
    </entry>
    <entry id="17" name="mmu:52530" type="gene"
        link="http://www.kegg.jp/dbget-bin/www_bget?mmu:52530">
        <graphics name="Nhp2, 2410130M07Rik, D11Ertd175e, Nola2" fgcolor="#000000" bgcolor="#BFFFBF"
             type="rectangle" x="509" y="221" width="46" height="17"/>
    </entry>
    <entry id="18" name="mmu:68147" type="gene"
        link="http://www.kegg.jp/dbget-bin/www_bget?mmu:68147">
        <graphics name="Gar1, AA409823, AI326794, C430047J18Rik, Nola1" fgcolor="#000000" bgcolor="#BFFFBF"
             type="rectangle" x="463" y="238" width="46" height="17"/>
    </entry>
    <entry id="19" name="mmu:245474" type="gene"
        link="http://www.kegg.jp/dbget-bin/www_bget?mmu:245474">
        <graphics name="Dkc1, BC068171" fgcolor="#000000" bgcolor="#BFFFBF"
             type="rectangle" x="463" y="221" width="46" height="17"/>
    </entry>
    <entry id="20" name="mmu:73736" type="gene"
        link="http://www.kegg.jp/dbget-bin/www_bget?mmu:73736">
        <graphics name="Fcf1, 1110008B24Rik" fgcolor="#000000" bgcolor="#BFFFBF"
             type="rectangle" x="300" y="299" width="46" height="17"/>
    </entry>
    <entry id="21" name="mmu:14000" type="gene"
        link="http://www.kegg.jp/dbget-bin/www_bget?mmu:14000">
        <graphics name="Drosha, 1110013A17Rik, AI874853, Etohi2, Rn3, Rnasen" fgcolor="#000000" bgcolor="#BFFFBF"
             type="rectangle" x="563" y="311" width="46" height="17"/>
    </entry>
    <entry id="22" name="mmu:98956" type="gene"
        link="http://www.kegg.jp/dbget-bin/www_bget?mmu:98956">
        <graphics name="Nat10, AI429152" fgcolor="#000000" bgcolor="#BFFFBF"
             type="rectangle" x="468" y="382" width="46" height="17"/>
    </entry>
    <entry id="23" name="mmu:195434 mmu:72554" type="gene"
        link="http://www.kegg.jp/dbget-bin/www_bget?mmu:195434+mmu:72554">
        <graphics name="Utp14b, 4932411L21Rik, jsd..." fgcolor="#000000" bgcolor="#BFFFBF"
             type="rectangle" x="468" y="299" width="46" height="17"/>
    </entry>
    <entry id="24" name="mmu:213895" type="gene"
        link="http://www.kegg.jp/dbget-bin/www_bget?mmu:213895">
        <graphics name="Bms1, AA408648, AU020092, AU043373, BB007109, BC030906, Bms1l, mKIAA0187" fgcolor="#000000" bgcolor="#BFFFBF"
             type="rectangle" x="373" y="382" width="46" height="17"/>
    </entry>
    <entry id="25" name="mmu:59028" type="gene"
        link="http://www.kegg.jp/dbget-bin/www_bget?mmu:59028">
        <graphics name="Rcl1, 2310040A02Rik, AI789745, C76567, RPCL1, Rnac" fgcolor="#000000" bgcolor="#BFFFBF"
             type="rectangle" x="355" y="410" width="46" height="17"/>
    </entry>
    <entry id="26" name="ko:K14758" type="ortholog"
        link="http://www.kegg.jp/dbget-bin/www_bget?K14758">
        <graphics name="K14758" fgcolor="#000000" bgcolor="#FFFFFF"
             type="rectangle" x="422" y="659" width="46" height="17"/>
    </entry>
    <entry id="27" name="mmu:102614 mmu:117109 mmu:208366 mmu:227522 mmu:54364 mmu:66161 mmu:67724 mmu:69961 mmu:74097" type="gene"
        link="http://www.kegg.jp/dbget-bin/www_bget?mmu:102614+mmu:117109+mmu:208366+mmu:227522+mmu:54364+mmu:66161+mmu:67724+mmu:69961+mmu:74097">
        <graphics name="Rpp25, AI851155..." fgcolor="#000000" bgcolor="#BFFFBF"
             type="rectangle" x="431" y="490" width="46" height="17"/>
    </entry>
    <entry id="28" name="mmu:24127 mmu:24128" type="gene"
        link="http://www.kegg.jp/dbget-bin/www_bget?mmu:24127+mmu:24128">
        <graphics name="Xrn1, Dhm2, exo, mXrn1..." fgcolor="#000000" bgcolor="#BFFFBF"
             type="rectangle" x="573" y="591" width="46" height="17"/>
    </entry>
    <entry id="29" name="mmu:69237" type="gene"
        link="http://www.kegg.jp/dbget-bin/www_bget?mmu:69237">
        <graphics name="Gtpbp4, 2610028C09Rik, Crfg, Gtpbp3, NGB, Nog1" fgcolor="#000000" bgcolor="#BFFFBF"
             type="rectangle" x="651" y="551" width="46" height="17"/>
    </entry>
    <entry id="30" name="mmu:230737 mmu:237107 mmu:30877" type="gene"
        link="http://www.kegg.jp/dbget-bin/www_bget?mmu:230737+mmu:237107+mmu:30877">
        <graphics name="Gnl2, BC003262, HUMAUANTIG, Ngp-1..." fgcolor="#000000" bgcolor="#BFFFBF"
             type="rectangle" x="651" y="583" width="46" height="17"/>
    </entry>
    <entry id="31" name="mmu:100019" type="gene"
        link="http://www.kegg.jp/dbget-bin/www_bget?mmu:100019">
        <graphics name="Mdn1, 4833432B22Rik, A130070M06, AA958993, D4Abb1e, Gm135" fgcolor="#000000" bgcolor="#BFFFBF"
             type="rectangle" x="651" y="625" width="46" height="17"/>
    </entry>
    <entry id="32" name="mmu:67459" type="gene"
        link="http://www.kegg.jp/dbget-bin/www_bget?mmu:67459">
        <graphics name="Nvl, 1200009I24Rik" fgcolor="#000000" bgcolor="#BFFFBF"
             type="rectangle" x="651" y="604" width="46" height="17"/>
    </entry>
    <entry id="33" name="mmu:104444 mmu:434234 mmu:66932" type="gene"
        link="http://www.kegg.jp/dbget-bin/www_bget?mmu:104444+mmu:434234+mmu:66932">
        <graphics name="Rexo2, 1810038D15Rik, AW107347, Rex2, Sfn, Smfn..." fgcolor="#000000" bgcolor="#BFFFBF"
             type="rectangle" x="505" y="591" width="46" height="17"/>
    </entry>
    <entry id="34" name="mmu:170722 mmu:245610 mmu:53319 mmu:83454" type="gene"
        link="http://www.kegg.jp/dbget-bin/www_bget?mmu:170722+mmu:245610+mmu:53319+mmu:83454">
        <graphics name="Nxf7, Nx7, Nxf6, nfx-a1, nxf-a, nxf-a2..." fgcolor="#000000" bgcolor="#BFFFBF"
             type="rectangle" x="453" y="705" width="46" height="17"/>
    </entry>
    <entry id="35" name="mmu:237082 mmu:56488" type="gene"
        link="http://www.kegg.jp/dbget-bin/www_bget?mmu:237082+mmu:56488">
        <graphics name="Nxt2, 6330587F24Rik, AI787442, P15-2..." fgcolor="#000000" bgcolor="#BFFFBF"
             type="rectangle" x="453" y="722" width="46" height="17"/>
    </entry>
    <entry id="36" name="mmu:67973" type="gene"
        link="http://www.kegg.jp/dbget-bin/www_bget?mmu:67973">
        <graphics name="Mphosph10, 2810453H10Rik, 5730405D16Rik, AI326008" fgcolor="#000000" bgcolor="#BFFFBF"
             type="rectangle" x="88" y="467" width="46" height="17"/>
    </entry>
    <entry id="37" name="mmu:27993" type="gene"
        link="http://www.kegg.jp/dbget-bin/www_bget?mmu:27993">
        <graphics name="Imp4, AA409888, AV031295, D1Wsu40e" fgcolor="#000000" bgcolor="#BFFFBF"
             type="rectangle" x="109" y="484" width="46" height="17"/>
    </entry>
    <entry id="38" name="mmu:102462" type="gene"
        link="http://www.kegg.jp/dbget-bin/www_bget?mmu:102462">
        <graphics name="Imp3, 1190002L16Rik, AI256594" fgcolor="#000000" bgcolor="#BFFFBF"
             type="rectangle" x="63" y="484" width="46" height="17"/>
    </entry>
    <entry id="39" name="ko:K14551" type="ortholog"
        link="http://www.kegg.jp/dbget-bin/www_bget?K14551">
        <graphics name="K14551" fgcolor="#000000" bgcolor="#FFFFFF"
             type="rectangle" x="201" y="342" width="46" height="17"/>
    </entry>
    <entry id="40" name="mmu:73674" type="gene"
        link="http://www.kegg.jp/dbget-bin/www_bget?mmu:73674">
        <graphics name="Wdr75, 1300003A18Rik, 2410118I19Rik, C77608" fgcolor="#000000" bgcolor="#BFFFBF"
             type="rectangle" x="201" y="359" width="46" height="17"/>
    </entry>
    <entry id="41" name="mmu:105372" type="gene"
        link="http://www.kegg.jp/dbget-bin/www_bget?mmu:105372">
        <graphics name="Utp15, AW544865" fgcolor="#000000" bgcolor="#BFFFBF"
             type="rectangle" x="155" y="342" width="46" height="17"/>
    </entry>
    <entry id="42" name="mmu:21771" type="gene"
        link="http://www.kegg.jp/dbget-bin/www_bget?mmu:21771">
        <graphics name="Cirh1a, Cirhin, Naic, Teg-292, Tex292, Utp4" fgcolor="#000000" bgcolor="#BFFFBF"
             type="rectangle" x="109" y="359" width="46" height="17"/>
    </entry>
    <entry id="43" name="mmu:217995" type="gene"
        link="http://www.kegg.jp/dbget-bin/www_bget?mmu:217995">
        <graphics name="Heatr1, AA517551, B130016L12Rik, BC019693" fgcolor="#000000" bgcolor="#BFFFBF"
             type="rectangle" x="155" y="359" width="46" height="17"/>
    </entry>
    <entry id="44" name="ko:K14547" type="ortholog"
        link="http://www.kegg.jp/dbget-bin/www_bget?K14547">
        <graphics name="K14547" fgcolor="#000000" bgcolor="#FFFFFF"
             type="rectangle" x="109" y="342" width="46" height="17"/>
    </entry>
    <entry id="45" name="mmu:72515" type="gene"
        link="http://www.kegg.jp/dbget-bin/www_bget?mmu:72515">
        <graphics name="Wdr43, 2610318G08Rik, AU020887, AV024208, Wrd43, mKIAA0007" fgcolor="#000000" bgcolor="#BFFFBF"
             type="rectangle" x="63" y="350" width="46" height="17"/>
    </entry>
    <entry id="46" name="mmu:217109" type="gene"
        link="http://www.kegg.jp/dbget-bin/www_bget?mmu:217109">
        <graphics name="Utp18, 6230425C22Rik, 6430513M13, Wdr50" fgcolor="#000000" bgcolor="#BFFFBF"
             type="rectangle" x="63" y="403" width="46" height="17"/>
    </entry>
    <entry id="47" name="mmu:213773" type="gene"
        link="http://www.kegg.jp/dbget-bin/www_bget?mmu:213773">
        <graphics name="Tbl3, 9430070M15Rik" fgcolor="#000000" bgcolor="#BFFFBF"
             type="rectangle" x="109" y="403" width="46" height="17"/>
    </entry>
    <entry id="48" name="mmu:216987" type="gene"
        link="http://www.kegg.jp/dbget-bin/www_bget?mmu:216987">
        <graphics name="Utp6, 4732497O03Rik, HCA66" fgcolor="#000000" bgcolor="#BFFFBF"
             type="rectangle" x="155" y="412" width="46" height="17"/>
    </entry>
    <entry id="49" name="mmu:110816" type="gene"
        link="http://www.kegg.jp/dbget-bin/www_bget?mmu:110816">
        <graphics name="Pwp2, 6530411D08Rik, Pwp2h, wdp103" fgcolor="#000000" bgcolor="#BFFFBF"
             type="rectangle" x="201" y="412" width="46" height="17"/>
    </entry>
    <entry id="50" name="mmu:225348" type="gene"
        link="http://www.kegg.jp/dbget-bin/www_bget?mmu:225348">
        <graphics name="Wdr36, 5730444A13Rik, Ta-wdrp" fgcolor="#000000" bgcolor="#BFFFBF"
             type="rectangle" x="63" y="420" width="46" height="17"/>
    </entry>
    <entry id="51" name="mmu:269470" type="gene"
        link="http://www.kegg.jp/dbget-bin/www_bget?mmu:269470">
        <graphics name="Wdr3, AW546279, D030020G18Rik" fgcolor="#000000" bgcolor="#BFFFBF"
             type="rectangle" x="109" y="420" width="46" height="17"/>
    </entry>
    <entry id="52" name="mmu:12995 mmu:13000" type="gene"
        link="http://www.kegg.jp/dbget-bin/www_bget?mmu:12995+mmu:13000">
        <graphics name="Csnk2a1, Csnk2a1-rs4..." fgcolor="#000000" bgcolor="#BFFFBF"
             type="rectangle" x="88" y="282" width="46" height="17"/>
    </entry>
    <entry id="53" name="mmu:13001" type="gene"
        link="http://www.kegg.jp/dbget-bin/www_bget?mmu:13001">
        <graphics name="Csnk2b, CK_II_beta" fgcolor="#000000" bgcolor="#BFFFBF"
             type="rectangle" x="88" y="265" width="46" height="17"/>
    </entry>
    <entry id="54" name="mmu:230082" type="gene"
        link="http://www.kegg.jp/dbget-bin/www_bget?mmu:230082">
        <graphics name="Nol6, AA410091, Nrap" fgcolor="#000000" bgcolor="#BFFFBF"
             type="rectangle" x="63" y="299" width="46" height="17"/>
    </entry>
    <entry id="55" name="mmu:224092" type="gene"
        link="http://www.kegg.jp/dbget-bin/www_bget?mmu:224092">
        <graphics name="Lsg1, 5830465I20, AA409273, D16Bwg1547e" fgcolor="#000000" bgcolor="#BFFFBF"
             type="rectangle" x="573" y="787" width="46" height="17"/>
    </entry>
    <entry id="56" name="mmu:101592" type="gene"
        link="http://www.kegg.jp/dbget-bin/www_bget?mmu:101592">
        <graphics name="Efl1, 4932434J20Rik, 6030468D11Rik, AI451340, AU019507, AU022896, D7Ertd791e, Eftud1" fgcolor="#000000" bgcolor="#BFFFBF"
             type="rectangle" x="510" y="797" width="46" height="17"/>
    </entry>
    <entry id="57" name="mmu:74778" type="gene"
        link="http://www.kegg.jp/dbget-bin/www_bget?mmu:74778">
        <graphics name="Rrp7a, 1110014J01Rik, AA408146, Kheg1" fgcolor="#000000" bgcolor="#BFFFBF"
             type="rectangle" x="109" y="299" width="46" height="17"/>
    </entry>
    <entry id="58" name="mmu:71340" type="gene"
        link="http://www.kegg.jp/dbget-bin/www_bget?mmu:71340">
        <graphics name="Riok1, 3110046C13Rik, 5430416A05Rik, Ad034" fgcolor="#000000" bgcolor="#BFFFBF"
             type="rectangle" x="334" y="781" width="46" height="17"/>
    </entry>
    <entry id="59" name="mmu:57815" type="gene"
        link="http://www.kegg.jp/dbget-bin/www_bget?mmu:57815">
        <graphics name="Spata5, 2510048F20Rik, C78064, Spaf" fgcolor="#000000" bgcolor="#BFFFBF"
             type="rectangle" x="627" y="787" width="46" height="17"/>
    </entry>
    <entry id="60" name="mmu:67045" type="gene"
        link="http://www.kegg.jp/dbget-bin/www_bget?mmu:67045">
        <graphics name="Riok2, 2010110K24Rik, 2410085M17Rik" fgcolor="#000000" bgcolor="#BFFFBF"
             type="rectangle" x="334" y="804" width="46" height="17"/>
    </entry>
    <entry id="61" name="mmu:102216272" type="gene"
        link="http://www.kegg.jp/dbget-bin/www_bget?mmu:102216272">
        <graphics name="Ak6, 2810046E22Rik, 4921516M08Rik, AK/ATPase" fgcolor="#000000" bgcolor="#BFFFBF"
             type="rectangle" x="266" y="804" width="46" height="17"/>
    </entry>
    <entry id="62" name="mmu:19782" type="gene"
        link="http://www.kegg.jp/dbget-bin/www_bget?mmu:19782">
        <graphics name="Rmrp, 1110032O22Rik, Rmrpr" fgcolor="#000000" bgcolor="#BFFFBF"
             type="rectangle" x="431" y="507" width="46" height="17"/>
    </entry>
    <entry id="63" name="mmu:16418" type="gene"
        link="http://www.kegg.jp/dbget-bin/www_bget?mmu:16418">
        <graphics name="Eif6, 1110004P11, AA408895, CAB, Itgb4bp, eIF-6, imc-415, p27(BBP), p27BBP" fgcolor="#000000" bgcolor="#BFFFBF"
             type="rectangle" x="510" y="722" width="46" height="17"/>
    </entry>
    <entry id="64" name="mmu:14791" type="gene"
        link="http://www.kegg.jp/dbget-bin/www_bget?mmu:14791">
        <graphics name="Emg1, C2f, Grcc2f" fgcolor="#000000" bgcolor="#BFFFBF"
             type="rectangle" x="373" y="360" width="46" height="17"/>
    </entry>
    <entry id="65" name="mmu:66711" type="gene"
        link="http://www.kegg.jp/dbget-bin/www_bget?mmu:66711">
        <graphics name="Sbds, 4733401P19Rik, AI836084, CGI-97, SDS" fgcolor="#000000" bgcolor="#BFFFBF"
             type="rectangle" x="510" y="780" width="46" height="17"/>
    </entry>
    <entry id="66" name="mmu:68272" type="gene"
        link="http://www.kegg.jp/dbget-bin/www_bget?mmu:68272">
        <graphics name="Rbm28, 2810480G15Rik, AI503051" fgcolor="#000000" bgcolor="#BFFFBF"
             type="rectangle" x="586" y="646" width="46" height="17"/>
    </entry>
    <entry id="67" name="mmu:67619" type="gene"
        link="http://www.kegg.jp/dbget-bin/www_bget?mmu:67619">
        <graphics name="Nob1, 1700021I09Rik, ART-4, Nob1p, Psmd8bp1" fgcolor="#000000" bgcolor="#BFFFBF"
             type="rectangle" x="348" y="660" width="46" height="17"/>
    </entry>
    <relation entry1="65" entry2="56" type="PCrel">
        <subtype name="binding/association" value="---"/>
    </relation>
    <relation entry1="63" entry2="65" type="PCrel">
        <subtype name="binding/association" value="---"/>
    </relation>
</pathway>
