<?xml version="1.0"?>
<!DOCTYPE pathway SYSTEM "http://www.kegg.jp/kegg/xml/KGML_v0.7.2_.dtd">
<!-- Creation date: Oct 12, 2017 11:34:41 +0900 (GMT+9) -->
<pathway name="path:mmu04630" org="mmu" number="04630"
         title="Jak-STAT signaling pathway"
         image="http://www.kegg.jp/kegg/pathway/mmu/mmu04630.png"
         link="http://www.kegg.jp/kegg-bin/show_pathway?mmu04630">
    <entry id="1" name="mmu:17869" type="gene"
        link="http://www.kegg.jp/dbget-bin/www_bget?mmu:17869">
        <graphics name="Myc, AU016757, Myc2, Niard, Nird, bHLHe39" fgcolor="#000000" bgcolor="#BFFFBF"
             type="rectangle" x="900" y="240" width="46" height="17"/>
    </entry>
    <entry id="2" name="mmu:11651 mmu:11652 mmu:23797" type="gene"
        link="http://www.kegg.jp/dbget-bin/www_bget?mmu:11651+mmu:11652+mmu:23797">
        <graphics name="Akt1, Akt, LTR-akt, PKB, PKB/Akt, PKBalpha, Rac..." fgcolor="#000000" bgcolor="#BFFFBF"
             type="rectangle" x="429" y="427" width="46" height="17"/>
    </entry>
    <entry id="3" name="mmu:18706 mmu:18707 mmu:18708 mmu:18709 mmu:18710 mmu:74769" type="gene"
        link="http://www.kegg.jp/dbget-bin/www_bget?mmu:18706+mmu:18707+mmu:18708+mmu:18709+mmu:18710+mmu:74769">
        <graphics name="Pik3ca, 6330412C24Rik, caPI3K, p110, p110alpha..." fgcolor="#000000" bgcolor="#BFFFBF"
             type="rectangle" x="346" y="426" width="46" height="17"/>
    </entry>
    <entry id="4" name="mmu:20662 mmu:20663" type="gene"
        link="http://www.kegg.jp/dbget-bin/www_bget?mmu:20662+mmu:20663">
        <graphics name="Sos1, 4430401P03Rik, 9630010N06, AI449023..." fgcolor="#000000" bgcolor="#BFFFBF"
             type="rectangle" x="429" y="361" width="46" height="17"/>
    </entry>
    <entry id="5" name="mmu:14784" type="gene"
        link="http://www.kegg.jp/dbget-bin/www_bget?mmu:14784">
        <graphics name="Grb2, AA408164, Ash" fgcolor="#000000" bgcolor="#BFFFBF"
             type="rectangle" x="346" y="369" width="46" height="17"/>
    </entry>
    <entry id="6" name="mmu:12700" type="gene"
        link="http://www.kegg.jp/dbget-bin/www_bget?mmu:12700">
        <graphics name="Cish, CIS-1, CIS1, Cis, F17, F23, SOCS" fgcolor="#000000" bgcolor="#BFFFBF"
             type="rectangle" x="900" y="174" width="46" height="17"/>
    </entry>
    <entry id="7" name="mmu:12043" type="gene"
        link="http://www.kegg.jp/dbget-bin/www_bget?mmu:12043">
        <graphics name="Bcl2, AW986256, Bcl-2, C430015F12Rik, D630044D05Rik, D830018M01Rik" fgcolor="#000000" bgcolor="#BFFFBF"
             type="rectangle" x="900" y="197" width="46" height="17"/>
    </entry>
    <entry id="8" name="mmu:12702 mmu:12703 mmu:192157 mmu:216233 mmu:54607 mmu:56468 mmu:67296" type="gene"
        link="http://www.kegg.jp/dbget-bin/www_bget?mmu:12702+mmu:12703+mmu:192157+mmu:216233+mmu:54607+mmu:56468+mmu:67296">
        <graphics name="Socs3, Cis3, Cish3, EF-10, Ef10, SSI-3, Ssi3..." fgcolor="#000000" bgcolor="#BFFFBF"
             type="rectangle" x="948" y="174" width="46" height="17"/>
    </entry>
    <entry id="9" name="mmu:12914 mmu:328572" type="gene"
        link="http://www.kegg.jp/dbget-bin/www_bget?mmu:12914+mmu:328572">
        <graphics name="Crebbp, AW558298, CBP, CBP/p300, KAT3A, p300/CBP..." fgcolor="#000000" bgcolor="#BFFFBF"
             type="rectangle" x="688" y="273" width="46" height="17"/>
    </entry>
    <entry id="10" name="mmu:16391" type="gene"
        link="http://www.kegg.jp/dbget-bin/www_bget?mmu:16391">
        <graphics name="Irf9, Irf-9, Isgf3g, p48" fgcolor="#000000" bgcolor="#BFFFBF"
             type="rectangle" x="584" y="273" width="46" height="17"/>
    </entry>
    <entry id="11" name="mmu:20846 mmu:20847 mmu:20848 mmu:20849 mmu:20850 mmu:20851 mmu:20852" type="gene"
        link="http://www.kegg.jp/dbget-bin/www_bget?mmu:20846+mmu:20847+mmu:20848+mmu:20849+mmu:20850+mmu:20851+mmu:20852">
        <graphics name="Stat1, 2010005J02Rik, AA408197..." fgcolor="#000000" bgcolor="#BFFFBF"
             type="rectangle" x="352" y="240" width="46" height="17"/>
    </entry>
    <entry id="12" name="mmu:17344 mmu:229615 mmu:56469 mmu:59004" type="gene"
        link="http://www.kegg.jp/dbget-bin/www_bget?mmu:17344+mmu:229615+mmu:56469+mmu:59004">
        <graphics name="Pias2, 6330408K17Rik, AI462206, ARIP3, AU018068, Dib, Miz1, PIASxalpha, PIASxb, PIASxbeta, SIZ2..." fgcolor="#000000" bgcolor="#BFFFBF"
             type="rectangle" x="743" y="206" width="46" height="17"/>
    </entry>
    <entry id="13" name="mmu:15170" type="gene"
        link="http://www.kegg.jp/dbget-bin/www_bget?mmu:15170">
        <graphics name="Ptpn6, 70Z-SHP, Hcph, PTPTY-42, Ptp1C, SH-PTP1, SHP-1, hcp, me" fgcolor="#000000" bgcolor="#BFFFBF"
             type="rectangle" x="272" y="284" width="46" height="17"/>
    </entry>
    <entry id="14" name="mmu:20844 mmu:56324" type="gene"
        link="http://www.kegg.jp/dbget-bin/www_bget?mmu:20844+mmu:56324">
        <graphics name="Stam, STAM1..." fgcolor="#000000" bgcolor="#BFFFBF"
             type="rectangle" x="284" y="194" width="46" height="17"/>
    </entry>
    <entry id="15" name="mmu:16451 mmu:16452 mmu:16453 mmu:54721" type="gene"
        link="http://www.kegg.jp/dbget-bin/www_bget?mmu:16451+mmu:16452+mmu:16453+mmu:54721">
        <graphics name="Jak1, AA960307, BAP004, C130039L05Rik..." fgcolor="#000000" bgcolor="#BFFFBF"
             type="rectangle" x="225" y="240" width="46" height="17"/>
    </entry>
    <entry id="16" name="path:mmu04120" type="map"
        link="http://www.kegg.jp/dbget-bin/www_bget?mmu04120">
        <graphics name="Ubiquitin mediated proteolysis" fgcolor="#000000" bgcolor="#FFFFFF"
             type="roundrectangle" x="385" y="122" width="127" height="34"/>
    </entry>
    <entry id="17" name="path:mmu04010" type="map"
        link="http://www.kegg.jp/dbget-bin/www_bget?mmu04010">
        <graphics name="MAPK signaling pathway" fgcolor="#000000" bgcolor="#FFFFFF"
             type="roundrectangle" x="573" y="332" width="105" height="34"/>
    </entry>
    <entry id="18" name="path:mmu04151" type="map"
        link="http://www.kegg.jp/dbget-bin/www_bget?mmu04151">
        <graphics name="PI3K-Akt signaling pathway" fgcolor="#000000" bgcolor="#FFFFFF"
             type="roundrectangle" x="590" y="405" width="105" height="34"/>
    </entry>
    <entry id="19" name="mmu:14199" type="gene"
        link="http://www.kegg.jp/dbget-bin/www_bget?mmu:14199">
        <graphics name="Fhl1, FHL-1, KyoT, RAM14-1, SLIM, SLIM-1" fgcolor="#000000" bgcolor="#BFFFBF"
             type="rectangle" x="746" y="273" width="46" height="17"/>
    </entry>
    <entry id="20" name="path:mmu04060" type="map"
        link="http://www.kegg.jp/dbget-bin/www_bget?mmu04060">
        <graphics name="Cytokine-cytokine receptor interaction" fgcolor="#000000" bgcolor="#FFFFFF"
             type="roundrectangle" x="105" y="177" width="107" height="34"/>
    </entry>
    <entry id="21" name="path:mmu04630" type="map"
        link="http://www.kegg.jp/dbget-bin/www_bget?mmu04630">
        <graphics name="TITLE:Jak-STAT signaling pathway" fgcolor="#000000" bgcolor="#FFFFFF"
             type="roundrectangle" x="164" y="58" width="248" height="25"/>
    </entry>
    <entry id="22" name="mmu:100038993 mmu:100042555 mmu:100861969 mmu:12804 mmu:12982 mmu:12983 mmu:12984 mmu:12986 mmu:13649 mmu:13857 mmu:14600 mmu:15975 mmu:15976 mmu:15979 mmu:15980 mmu:16154 mmu:16155 mmu:16157 mmu:16158 mmu:16161 mmu:16162 mmu:16164 mmu:16165 mmu:16169 mmu:16184 mmu:16185 mmu:16186 mmu:16188 mmu:16190 mmu:16192 mmu:16194 mmu:16195 mmu:16197 mmu:16199 mmu:16847 mmu:16880 mmu:17480 mmu:18414 mmu:18595 mmu:18596 mmu:19116 mmu:209590 mmu:213208 mmu:230828 mmu:237310 mmu:237313 mmu:242700 mmu:50931 mmu:57914 mmu:60504" type="gene"
        link="http://www.kegg.jp/dbget-bin/www_bget?mmu:100038993+mmu:100042555+mmu:100861969+mmu:12804+mmu:12982+mmu:12983+mmu:12984+mmu:12986+mmu:13649+mmu:13857+mmu:14600+mmu:15975+mmu:15976+mmu:15979+mmu:15980+mmu:16154+mmu:16155+mmu:16157+mmu:16158+mmu:16161+mmu:16162+mmu:16164+mmu:16165+mmu:16169+mmu:16184+mmu:16185+mmu:16186+mmu:16188+mmu:16190+mmu:16192+mmu:16194+mmu:16195+mmu:16197+mmu:16199+mmu:16847+mmu:16880+mmu:17480+mmu:18414+mmu:18595+mmu:18596+mmu:19116+mmu:209590+mmu:213208+mmu:230828+mmu:237310+mmu:237313+mmu:242700+mmu:50931+mmu:57914+mmu:60504">
        <graphics name="Gm2002..." fgcolor="#000000" bgcolor="#BFFFBF"
             type="rectangle" x="180" y="240" width="46" height="17"/>
    </entry>
    <entry id="23" name="mmu:19255" type="gene"
        link="http://www.kegg.jp/dbget-bin/www_bget?mmu:19255">
        <graphics name="Ptpn2, AI325124, Ptpt, TC-PTP" fgcolor="#000000" bgcolor="#BFFFBF"
             type="rectangle" x="689" y="206" width="46" height="17"/>
    </entry>
    <entry id="24" name="mmu:17210" type="gene"
        link="http://www.kegg.jp/dbget-bin/www_bget?mmu:17210">
        <graphics name="Mcl1, AW556805, Mcl-1" fgcolor="#000000" bgcolor="#BFFFBF"
             type="rectangle" x="948" y="197" width="46" height="17"/>
    </entry>
    <entry id="25" name="path:mmu04210" type="map"
        link="http://www.kegg.jp/dbget-bin/www_bget?mmu04210">
        <graphics name="Apoptosis" fgcolor="#000000" bgcolor="#FFFFFF"
             type="roundrectangle" x="1135" y="201" width="87" height="25"/>
    </entry>
    <entry id="26" name="path:mmu04110" type="map"
        link="http://www.kegg.jp/dbget-bin/www_bget?mmu04110">
        <graphics name="Cell cycle" fgcolor="#000000" bgcolor="#FFFFFF"
             type="roundrectangle" x="1165" y="252" width="87" height="25"/>
    </entry>
    <entry id="27" name="mmu:18712" type="gene"
        link="http://www.kegg.jp/dbget-bin/www_bget?mmu:18712">
        <graphics name="Pim1, Pim-1" fgcolor="#000000" bgcolor="#BFFFBF"
             type="rectangle" x="948" y="216" width="46" height="17"/>
    </entry>
    <entry id="28" name="mmu:12443 mmu:12444 mmu:12445" type="gene"
        link="http://www.kegg.jp/dbget-bin/www_bget?mmu:12443+mmu:12444+mmu:12445">
        <graphics name="Ccnd1, AI327039, CycD1, Cyl-1, PRAD1, bcl-1, cD1..." fgcolor="#000000" bgcolor="#BFFFBF"
             type="rectangle" x="948" y="240" width="46" height="17"/>
    </entry>
    <entry id="29" name="mmu:19247" type="gene"
        link="http://www.kegg.jp/dbget-bin/www_bget?mmu:19247">
        <graphics name="Ptpn11, 2700084A17Rik, AW536184, PTP1D, PTP2C, SAP-2, SH-PTP2, SH-PTP3, SHP-2, Shp2, Syp" fgcolor="#000000" bgcolor="#BFFFBF"
             type="rectangle" x="346" y="352" width="46" height="17"/>
    </entry>
    <entry id="30" name="mmu:12575" type="gene"
        link="http://www.kegg.jp/dbget-bin/www_bget?mmu:12575">
        <graphics name="Cdkn1a, CAP20, CDKI, CIP1, Cdkn1, P21, SDI1, Waf1, mda6, p21Cip1, p21WAF" fgcolor="#000000" bgcolor="#BFFFBF"
             type="rectangle" x="900" y="259" width="46" height="17"/>
    </entry>
    <entry id="31" name="mmu:12048" type="gene"
        link="http://www.kegg.jp/dbget-bin/www_bget?mmu:12048">
        <graphics name="Bcl2l1, Bcl(X)L, Bcl-XL, Bcl2l, BclX, bcl-x, bcl2-L-1" fgcolor="#000000" bgcolor="#BFFFBF"
             type="rectangle" x="900" y="216" width="46" height="17"/>
    </entry>
    <entry id="32" name="mmu:15461" type="gene"
        link="http://www.kegg.jp/dbget-bin/www_bget?mmu:15461">
        <graphics name="Hras, H-ras, Ha-ras, Harvey-ras, Hras-1, Hras1, Kras2, c-H-ras, c-Ha-ras, c-rasHa, ras" fgcolor="#000000" bgcolor="#BFFFBF"
             type="rectangle" x="510" y="361" width="46" height="17"/>
    </entry>
    <entry id="33" name="mmu:110157" type="gene"
        link="http://www.kegg.jp/dbget-bin/www_bget?mmu:110157">
        <graphics name="Raf1, 6430402F14Rik, AA990557, BB129353, Craf1, D830050J10Rik, Raf-1, c-Raf, v-Raf" fgcolor="#000000" bgcolor="#BFFFBF"
             type="rectangle" x="592" y="361" width="46" height="17"/>
    </entry>
    <entry id="34" name="mmu:11761 mmu:213043 mmu:71724 mmu:71872" type="gene"
        link="http://www.kegg.jp/dbget-bin/www_bget?mmu:11761+mmu:213043+mmu:71724+mmu:71872">
        <graphics name="Aox1, AI196512, AI255253, Ao, Aox-1, Aox-2, Aox2, Moro, Ro..." fgcolor="#000000" bgcolor="#BFFFBF"
             type="rectangle" x="900" y="278" width="46" height="17"/>
    </entry>
    <entry id="35" name="mmu:56717" type="gene"
        link="http://www.kegg.jp/dbget-bin/www_bget?mmu:56717">
        <graphics name="Mtor, 2610315D21Rik, AI327068, FRAP, FRAP2, Frap1, RAFT1, RAPT1, flat" fgcolor="#000000" bgcolor="#BFFFBF"
             type="rectangle" x="510" y="427" width="46" height="17"/>
    </entry>
    <entry id="36" name="mmu:14580" type="gene"
        link="http://www.kegg.jp/dbget-bin/www_bget?mmu:14580">
        <graphics name="Gfap, AI836096" fgcolor="#000000" bgcolor="#BFFFBF"
             type="rectangle" x="900" y="297" width="46" height="17"/>
    </entry>
    <entry id="37" name="mmu:19255" type="gene"
        link="http://www.kegg.jp/dbget-bin/www_bget?mmu:19255">
        <graphics name="Ptpn2, AI325124, Ptpt, TC-PTP" fgcolor="#000000" bgcolor="#BFFFBF"
             type="rectangle" x="223" y="284" width="46" height="17"/>
    </entry>
    <entry id="38" name="mmu:12981 mmu:13019 mmu:15962 mmu:15964 mmu:15965 mmu:15967 mmu:15968 mmu:15969 mmu:15970 mmu:15972 mmu:15974 mmu:15977 mmu:15978 mmu:16153 mmu:16156 mmu:16159 mmu:16160 mmu:16163 mmu:16168 mmu:16183 mmu:16187 mmu:16189 mmu:16191 mmu:16193 mmu:16196 mmu:16198 mmu:16878 mmu:18413 mmu:230396 mmu:230405 mmu:239114 mmu:242517 mmu:242519 mmu:329244 mmu:330496 mmu:338374 mmu:387510 mmu:404549 mmu:50929 mmu:53603 mmu:58181 mmu:60505 mmu:83430 mmu:93672" type="gene"
        link="http://www.kegg.jp/dbget-bin/www_bget?mmu:12981+mmu:13019+mmu:15962+mmu:15964+mmu:15965+mmu:15967+mmu:15968+mmu:15969+mmu:15970+mmu:15972+mmu:15974+mmu:15977+mmu:15978+mmu:16153+mmu:16156+mmu:16159+mmu:16160+mmu:16163+mmu:16168+mmu:16183+mmu:16187+mmu:16189+mmu:16191+mmu:16193+mmu:16196+mmu:16198+mmu:16878+mmu:18413+mmu:230396+mmu:230405+mmu:239114+mmu:242517+mmu:242519+mmu:329244+mmu:330496+mmu:338374+mmu:387510+mmu:404549+mmu:50929+mmu:53603+mmu:58181+mmu:60505+mmu:83430+mmu:93672">
        <graphics name="Csf2, Csfgm, GMCSF, Gm-CSf, MGI-IGM..." fgcolor="#000000" bgcolor="#BFFFBF"
             type="rectangle" x="99" y="215" width="46" height="17"/>
    </entry>
    <entry id="39" name="mmu:12803 mmu:12985 mmu:13856 mmu:14599 mmu:16846 mmu:19109 mmu:21832" type="gene"
        link="http://www.kegg.jp/dbget-bin/www_bget?mmu:12803+mmu:12985+mmu:13856+mmu:14599+mmu:16846+mmu:19109+mmu:21832">
        <graphics name="Cntf, AI429687..." fgcolor="#000000" bgcolor="#BFFFBF"
             type="rectangle" x="99" y="247" width="46" height="17"/>
    </entry>
    <entry id="40" name="mmu:20846 mmu:20847 mmu:20848 mmu:20849 mmu:20850 mmu:20851 mmu:20852" type="gene"
        link="http://www.kegg.jp/dbget-bin/www_bget?mmu:20846+mmu:20847+mmu:20848+mmu:20849+mmu:20850+mmu:20851+mmu:20852">
        <graphics name="Stat1, 2010005J02Rik, AA408197..." fgcolor="#000000" bgcolor="#BFFFBF"
             type="rectangle" x="454" y="231" width="46" height="17"/>
    </entry>
    <entry id="41" name="mmu:20846 mmu:20847 mmu:20848 mmu:20849 mmu:20850 mmu:20851 mmu:20852" type="gene"
        link="http://www.kegg.jp/dbget-bin/www_bget?mmu:20846+mmu:20847+mmu:20848+mmu:20849+mmu:20850+mmu:20851+mmu:20852">
        <graphics name="Stat1, 2010005J02Rik, AA408197..." fgcolor="#000000" bgcolor="#BFFFBF"
             type="rectangle" x="454" y="248" width="46" height="17"/>
    </entry>
    <entry id="42" name="mmu:13645 mmu:18590 mmu:18591" type="gene"
        link="http://www.kegg.jp/dbget-bin/www_bget?mmu:13645+mmu:18590+mmu:18591">
        <graphics name="Egf, AI790464..." fgcolor="#000000" bgcolor="#BFFFBF"
             type="rectangle" x="99" y="279" width="46" height="17"/>
    </entry>
    <entry id="43" name="undefined" type="group">
        <graphics fgcolor="#000000" bgcolor="#FFFFFF"
             type="rectangle" x="454" y="239" width="46" height="34"/>
        <component id="40"/>
        <component id="41"/>
    </entry>
    <entry id="44" name="undefined" type="group">
        <graphics fgcolor="#000000" bgcolor="#FFFFFF"
             type="rectangle" x="346" y="360" width="46" height="34"/>
        <component id="29"/>
        <component id="5"/>
    </entry>
    <relation entry1="38" entry2="22" type="PPrel">
        <subtype name="activation" value="--&gt;"/>
    </relation>
    <relation entry1="39" entry2="22" type="PPrel">
        <subtype name="activation" value="--&gt;"/>
    </relation>
    <relation entry1="9" entry2="43" type="PPrel">
        <subtype name="activation" value="--&gt;"/>
    </relation>
    <relation entry1="44" entry2="4" type="PPrel">
        <subtype name="activation" value="--&gt;"/>
    </relation>
    <relation entry1="4" entry2="32" type="PPrel">
        <subtype name="activation" value="--&gt;"/>
    </relation>
    <relation entry1="32" entry2="33" type="PPrel">
        <subtype name="activation" value="--&gt;"/>
    </relation>
    <relation entry1="15" entry2="11" type="PPrel">
        <subtype name="activation" value="--&gt;"/>
        <subtype name="phosphorylation" value="+p"/>
    </relation>
    <relation entry1="15" entry2="29" type="PPrel">
        <subtype name="activation" value="--&gt;"/>
        <subtype name="phosphorylation" value="+p"/>
    </relation>
    <relation entry1="15" entry2="3" type="PPrel">
        <subtype name="activation" value="--&gt;"/>
        <subtype name="phosphorylation" value="+p"/>
    </relation>
    <relation entry1="3" entry2="2" type="PPrel">
        <subtype name="activation" value="--&gt;"/>
        <subtype name="indirect effect" value="..&gt;"/>
    </relation>
    <relation entry1="2" entry2="35" type="PPrel">
        <subtype name="activation" value="--&gt;"/>
        <subtype name="indirect effect" value="..&gt;"/>
    </relation>
    <relation entry1="11" entry2="43" type="PPrel">
        <subtype name="state change" value="..."/>
    </relation>
    <relation entry1="43" entry2="6" type="GErel">
        <subtype name="expression" value="--&gt;"/>
    </relation>
    <relation entry1="43" entry2="7" type="GErel">
        <subtype name="expression" value="--&gt;"/>
    </relation>
    <relation entry1="43" entry2="31" type="GErel">
        <subtype name="expression" value="--&gt;"/>
    </relation>
    <relation entry1="43" entry2="1" type="GErel">
        <subtype name="expression" value="--&gt;"/>
    </relation>
    <relation entry1="43" entry2="30" type="GErel">
        <subtype name="expression" value="--&gt;"/>
    </relation>
    <relation entry1="43" entry2="34" type="GErel">
        <subtype name="expression" value="--&gt;"/>
    </relation>
    <relation entry1="43" entry2="36" type="GErel">
        <subtype name="expression" value="--&gt;"/>
    </relation>
    <relation entry1="43" entry2="8" type="GErel">
        <subtype name="expression" value="--&gt;"/>
    </relation>
    <relation entry1="43" entry2="24" type="GErel">
        <subtype name="expression" value="--&gt;"/>
    </relation>
    <relation entry1="43" entry2="27" type="GErel">
        <subtype name="expression" value="--&gt;"/>
    </relation>
    <relation entry1="43" entry2="28" type="GErel">
        <subtype name="expression" value="--&gt;"/>
    </relation>
    <relation entry1="22" entry2="15" type="PPrel">
        <subtype name="binding/association" value="---"/>
    </relation>
    <relation entry1="43" entry2="10" type="PPrel">
        <subtype name="binding/association" value="---"/>
    </relation>
    <relation entry1="12" entry2="43" type="PPrel">
        <subtype name="inhibition" value="--|"/>
    </relation>
    <relation entry1="23" entry2="43" type="PPrel">
        <subtype name="inhibition" value="--|"/>
        <subtype name="dephosphorylation" value="-p"/>
    </relation>
    <relation entry1="37" entry2="15" type="PPrel">
        <subtype name="inhibition" value="--|"/>
        <subtype name="dephosphorylation" value="-p"/>
    </relation>
    <relation entry1="13" entry2="15" type="PPrel">
        <subtype name="inhibition" value="--|"/>
        <subtype name="dephosphorylation" value="-p"/>
    </relation>
    <relation entry1="19" entry2="43" type="PPrel">
        <subtype name="ubiquitination" value="+u"/>
    </relation>
    <relation entry1="6" entry2="11" type="PPrel">
        <subtype name="inhibition" value="--|"/>
    </relation>
    <relation entry1="8" entry2="15" type="PPrel">
        <subtype name="inhibition" value="--|"/>
    </relation>
    <relation entry1="14" entry2="15" type="PPrel">
        <subtype name="activation" value="--&gt;"/>
    </relation>
    <relation entry1="42" entry2="22" type="PPrel">
    </relation>
</pathway>
