<?xml version="1.0"?>
<!DOCTYPE pathway SYSTEM "http://www.kegg.jp/kegg/xml/KGML_v0.7.2_.dtd">
<!-- Creation date: Jan 18, 2016 14:25:47 +0900 (GMT+9) -->
<pathway name="path:mmu04114" org="mmu" number="04114"
         title="Oocyte meiosis"
         image="http://www.kegg.jp/kegg/pathway/mmu/mmu04114.png"
         link="http://www.kegg.jp/kegg-bin/show_pathway?mmu04114">
    <entry id="1" name="mmu:17451" type="gene"
        link="http://www.kegg.jp/dbget-bin/www_bget?mmu:17451">
        <graphics name="Mos, c-mos" fgcolor="#000000" bgcolor="#BFFFBF"
             type="rectangle" x="258" y="319" width="46" height="17"/>
    </entry>
    <entry id="2" name="mmu:12534" type="gene"
        link="http://www.kegg.jp/dbget-bin/www_bget?mmu:12534">
        <graphics name="Cdk1, Cdc2, Cdc2a, p34&lt;CDC2&gt;" fgcolor="#000000" bgcolor="#BFFFBF"
             type="rectangle" x="437" y="713" width="46" height="17"/>
    </entry>
    <entry id="3" name="mmu:56150 mmu:71890" type="gene"
        link="http://www.kegg.jp/dbget-bin/www_bget?mmu:56150+mmu:71890">
        <graphics name="Mad2l1, AA673185, MAD2..." fgcolor="#000000" bgcolor="#BFFFBF"
             type="rectangle" x="925" y="544" width="46" height="17"/>
    </entry>
    <entry id="4" name="mmu:12442" type="gene"
        link="http://www.kegg.jp/dbget-bin/www_bget?mmu:12442">
        <graphics name="Ccnb2, CycB2" fgcolor="#000000" bgcolor="#BFFFBF"
             type="rectangle" x="437" y="697" width="46" height="17"/>
    </entry>
    <entry id="5" name="mmu:268930" type="gene"
        link="http://www.kegg.jp/dbget-bin/www_bget?mmu:268930">
        <graphics name="Pkmyt1, 6230424P17, AW209059, Myt1" fgcolor="#000000" bgcolor="#BFFFBF"
             type="rectangle" x="392" y="557" width="46" height="17"/>
    </entry>
    <entry id="6" name="mmu:110651 mmu:20111 mmu:20112 mmu:67071" type="gene"
        link="http://www.kegg.jp/dbget-bin/www_bget?mmu:110651+mmu:20111+mmu:20112+mmu:67071">
        <graphics name="Rps6ka3, MAPKAPK-1b, MPK-9, Rsk2, S6K-alpha3, p90RSK3, pp90RSK2..." fgcolor="#000000" bgcolor="#BFFFBF"
             type="rectangle" x="392" y="362" width="46" height="17"/>
    </entry>
    <entry id="7" name="mmu:26413 mmu:26417" type="gene"
        link="http://www.kegg.jp/dbget-bin/www_bget?mmu:26413+mmu:26417">
        <graphics name="Mapk1, 9030612K14Rik, AA407128, AU018647, C78273, ERK, Erk2, MAPK2, PRKM2, Prkm1, p41mapk, p42mapk..." fgcolor="#000000" bgcolor="#BFFFBF"
             type="rectangle" x="392" y="319" width="46" height="17"/>
    </entry>
    <entry id="8" name="mmu:26395" type="gene"
        link="http://www.kegg.jp/dbget-bin/www_bget?mmu:26395">
        <graphics name="Map2k1, MAPKK1, MEKK1, Mek1, Prkmk1" fgcolor="#000000" bgcolor="#BFFFBF"
             type="rectangle" x="325" y="319" width="46" height="17"/>
    </entry>
    <entry id="9" name="cpd:C00410" type="compound"
        link="http://www.kegg.jp/dbget-bin/www_bget?C00410">
        <graphics name="C00410" fgcolor="#000000" bgcolor="#FFFFFF"
             type="circle" x="206" y="102" width="8" height="8"/>
    </entry>
    <entry id="10" name="path:mmu04114" type="map"
        link="http://www.kegg.jp/dbget-bin/www_bget?mmu04114">
        <graphics name="TITLE:Oocyte meiosis" fgcolor="#000000" bgcolor="#FFFFFF"
             type="roundrectangle" x="114" y="58" width="147" height="25"/>
    </entry>
    <entry id="11" name="mmu:17222 mmu:217232 mmu:52206 mmu:52563 mmu:56317 mmu:59008 mmu:66156 mmu:66440 mmu:68999 mmu:69010 mmu:69957 mmu:99152" type="gene"
        link="http://www.kegg.jp/dbget-bin/www_bget?mmu:17222+mmu:217232+mmu:52206+mmu:52563+mmu:56317+mmu:59008+mmu:66156+mmu:66440+mmu:68999+mmu:69010+mmu:69957+mmu:99152">
        <graphics name="Anapc1, 2610021O03Rik, AI047775, AI853536, AW547281, Apc1, Mcpr, tsg24..." fgcolor="#000000" bgcolor="#BFFFBF"
             type="rectangle" x="653" y="610" width="46" height="17"/>
    </entry>
    <entry id="12" name="mmu:107995" type="gene"
        link="http://www.kegg.jp/dbget-bin/www_bget?mmu:107995">
        <graphics name="Cdc20, 2310042N09Rik, C87100, p55CDC" fgcolor="#000000" bgcolor="#BFFFBF"
             type="rectangle" x="653" y="627" width="46" height="17"/>
    </entry>
    <entry id="13" name="mmu:30939" type="gene"
        link="http://www.kegg.jp/dbget-bin/www_bget?mmu:30939">
        <graphics name="Pttg1, AW555095, C87862, Pttg, Pttg3" fgcolor="#000000" bgcolor="#BFFFBF"
             type="rectangle" x="653" y="683" width="46" height="17"/>
    </entry>
    <entry id="14" name="mmu:268697" type="gene"
        link="http://www.kegg.jp/dbget-bin/www_bget?mmu:268697">
        <graphics name="Ccnb1, Ccnb1-rs1, Ccnb1-rs13, CycB1, Cycb-4, Cycb-5, Cycb1-rs1" fgcolor="#000000" bgcolor="#BFFFBF"
             type="rectangle" x="786" y="695" width="46" height="17"/>
    </entry>
    <entry id="15" name="mmu:12534" type="gene"
        link="http://www.kegg.jp/dbget-bin/www_bget?mmu:12534">
        <graphics name="Cdk1, Cdc2, Cdc2a, p34&lt;CDC2&gt;" fgcolor="#000000" bgcolor="#BFFFBF"
             type="rectangle" x="786" y="712" width="46" height="17"/>
    </entry>
    <entry id="16" name="mmu:67141" type="gene"
        link="http://www.kegg.jp/dbget-bin/www_bget?mmu:67141">
        <graphics name="Fbxo5, 2510044I10Rik, C85305, Emi1, Fbxo31" fgcolor="#000000" bgcolor="#BFFFBF"
             type="rectangle" x="210" y="555" width="46" height="17"/>
    </entry>
    <entry id="17" name="mmu:100043674 mmu:21402 mmu:26965 mmu:56438" type="gene"
        link="http://www.kegg.jp/dbget-bin/www_bget?mmu:100043674+mmu:21402+mmu:26965+mmu:56438">
        <graphics name="Rbx1-ps, Gm9840..." fgcolor="#000000" bgcolor="#BFFFBF"
             type="rectangle" x="1207" y="496" width="46" height="17"/>
    </entry>
    <entry id="18" name="mmu:12447 mmu:12448" type="gene"
        link="http://www.kegg.jp/dbget-bin/www_bget?mmu:12447+mmu:12448">
        <graphics name="Ccne1, AW538188, CycE1..." fgcolor="#000000" bgcolor="#BFFFBF"
             type="rectangle" x="1007" y="540" width="46" height="17"/>
    </entry>
    <entry id="19" name="mmu:78803" type="gene"
        link="http://www.kegg.jp/dbget-bin/www_bget?mmu:78803">
        <graphics name="Fbxo43, 4930533G20Rik, Emi2" fgcolor="#000000" bgcolor="#BFFFBF"
             type="rectangle" x="1129" y="555" width="46" height="17"/>
    </entry>
    <entry id="20" name="mmu:17222 mmu:217232 mmu:52206 mmu:52563 mmu:56317 mmu:59008 mmu:66156 mmu:66440 mmu:68999 mmu:69010 mmu:69957 mmu:99152" type="gene"
        link="http://www.kegg.jp/dbget-bin/www_bget?mmu:17222+mmu:217232+mmu:52206+mmu:52563+mmu:56317+mmu:59008+mmu:66156+mmu:66440+mmu:68999+mmu:69010+mmu:69957+mmu:99152">
        <graphics name="Anapc1, 2610021O03Rik, AI047775, AI853536, AW547281, Apc1, Mcpr, tsg24..." fgcolor="#000000" bgcolor="#BFFFBF"
             type="rectangle" x="1007" y="613" width="46" height="17"/>
    </entry>
    <entry id="21" name="mmu:107995" type="gene"
        link="http://www.kegg.jp/dbget-bin/www_bget?mmu:107995">
        <graphics name="Cdc20, 2310042N09Rik, C87100, p55CDC" fgcolor="#000000" bgcolor="#BFFFBF"
             type="rectangle" x="1007" y="630" width="46" height="17"/>
    </entry>
    <entry id="22" name="mmu:30939" type="gene"
        link="http://www.kegg.jp/dbget-bin/www_bget?mmu:30939">
        <graphics name="Pttg1, AW555095, C87862, Pttg, Pttg3" fgcolor="#000000" bgcolor="#BFFFBF"
             type="rectangle" x="1007" y="683" width="46" height="17"/>
    </entry>
    <entry id="23" name="mmu:100043674 mmu:21402 mmu:26965 mmu:56438" type="gene"
        link="http://www.kegg.jp/dbget-bin/www_bget?mmu:100043674+mmu:21402+mmu:26965+mmu:56438">
        <graphics name="Rbx1-ps, Gm9840..." fgcolor="#000000" bgcolor="#BFFFBF"
             type="rectangle" x="210" y="488" width="46" height="17"/>
    </entry>
    <entry id="24" name="ko:K13056" type="ortholog"
        link="http://www.kegg.jp/dbget-bin/www_bget?K13056">
        <graphics name="K13056" fgcolor="#000000" bgcolor="#FFFFFF"
             type="rectangle" x="259" y="403" width="46" height="17"/>
    </entry>
    <entry id="25" name="mmu:12532" type="gene"
        link="http://www.kegg.jp/dbget-bin/www_bget?mmu:12532">
        <graphics name="Cdc25c, Cdc25" fgcolor="#000000" bgcolor="#BFFFBF"
             type="rectangle" x="494" y="555" width="46" height="17"/>
    </entry>
    <entry id="26" name="mmu:78803" type="gene"
        link="http://www.kegg.jp/dbget-bin/www_bget?mmu:78803">
        <graphics name="Fbxo43, 4930533G20Rik, Emi2" fgcolor="#000000" bgcolor="#BFFFBF"
             type="rectangle" x="703" y="555" width="46" height="17"/>
    </entry>
    <entry id="27" name="mmu:12566" type="gene"
        link="http://www.kegg.jp/dbget-bin/www_bget?mmu:12566">
        <graphics name="Cdk2, A630093N05Rik" fgcolor="#000000" bgcolor="#BFFFBF"
             type="rectangle" x="1007" y="557" width="46" height="17"/>
    </entry>
    <entry id="28" name="mmu:103583 mmu:12234" type="gene"
        link="http://www.kegg.jp/dbget-bin/www_bget?mmu:103583+mmu:12234">
        <graphics name="Fbxw11, 2310065A07Rik, AA536858, BTRC2, BTRCP2, Fbxw1b, HOS..." fgcolor="#000000" bgcolor="#BFFFBF"
             type="rectangle" x="210" y="505" width="46" height="17"/>
    </entry>
    <entry id="29" name="mmu:103583 mmu:12234" type="gene"
        link="http://www.kegg.jp/dbget-bin/www_bget?mmu:103583+mmu:12234">
        <graphics name="Fbxw11, 2310065A07Rik, AA536858, BTRC2, BTRCP2, Fbxw1b, HOS..." fgcolor="#000000" bgcolor="#BFFFBF"
             type="rectangle" x="1207" y="513" width="46" height="17"/>
    </entry>
    <entry id="30" name="mmu:108058 mmu:12322 mmu:12323 mmu:12325" type="gene"
        link="http://www.kegg.jp/dbget-bin/www_bget?mmu:108058+mmu:12322+mmu:12323+mmu:12325">
        <graphics name="Camk2d, 2810011D23Rik, 8030469K03Rik, CaMK_II, [d]-CaMKII..." fgcolor="#000000" bgcolor="#BFFFBF"
             type="rectangle" x="1129" y="466" width="46" height="17"/>
    </entry>
    <entry id="31" name="mmu:18817" type="gene"
        link="http://www.kegg.jp/dbget-bin/www_bget?mmu:18817">
        <graphics name="Plk1, Plk, STPK13" fgcolor="#000000" bgcolor="#BFFFBF"
             type="rectangle" x="1178" y="466" width="46" height="17"/>
    </entry>
    <entry id="32" name="mmu:20878" type="gene"
        link="http://www.kegg.jp/dbget-bin/www_bget?mmu:20878">
        <graphics name="Aurka, AIRK1, ARK-1, AU019385, AW539821, Ark1, Aurora-A, Ayk1, IAK, IAK1, Stk6" fgcolor="#000000" bgcolor="#BFFFBF"
             type="rectangle" x="324" y="183" width="46" height="17"/>
    </entry>
    <entry id="33" name="mmu:17222 mmu:217232 mmu:52206 mmu:52563 mmu:56317 mmu:59008 mmu:66156 mmu:66440 mmu:68999 mmu:69010 mmu:69957 mmu:99152" type="gene"
        link="http://www.kegg.jp/dbget-bin/www_bget?mmu:17222+mmu:217232+mmu:52206+mmu:52563+mmu:56317+mmu:59008+mmu:66156+mmu:66440+mmu:68999+mmu:69010+mmu:69957+mmu:99152">
        <graphics name="Anapc1, 2610021O03Rik, AI047775, AI853536, AW547281, Apc1, Mcpr, tsg24..." fgcolor="#000000" bgcolor="#BFFFBF"
             type="rectangle" x="255" y="610" width="46" height="17"/>
    </entry>
    <entry id="34" name="mmu:107995" type="gene"
        link="http://www.kegg.jp/dbget-bin/www_bget?mmu:107995">
        <graphics name="Cdc20, 2310042N09Rik, C87100, p55CDC" fgcolor="#000000" bgcolor="#BFFFBF"
             type="rectangle" x="255" y="627" width="46" height="17"/>
    </entry>
    <entry id="35" name="mmu:114875" type="gene"
        link="http://www.kegg.jp/dbget-bin/www_bget?mmu:114875">
        <graphics name="Plcz1, 1700041H07Rik, PLCzeta" fgcolor="#000000" bgcolor="#BFFFBF"
             type="rectangle" x="1129" y="263" width="46" height="17"/>
    </entry>
    <entry id="36" name="cpd:C01245" type="compound"
        link="http://www.kegg.jp/dbget-bin/www_bget?C01245">
        <graphics name="C01245" fgcolor="#000000" bgcolor="#FFFFFF"
             type="circle" x="1129" y="302" width="8" height="8"/>
    </entry>
    <entry id="37" name="mmu:16438 mmu:16439 mmu:16440" type="gene"
        link="http://www.kegg.jp/dbget-bin/www_bget?mmu:16438+mmu:16439+mmu:16440">
        <graphics name="Itpr1, D6Pas2, Gm10429, IP3R_1, IP3R1, InsP3R, Ip3r, Itpr-1, P400, Pcp-1, Pcp1, insP3R1, opt, wblo..." fgcolor="#000000" bgcolor="#BFFFBF"
             type="rectangle" x="1130" y="341" width="46" height="17"/>
    </entry>
    <entry id="38" name="cpd:C00076" type="compound"
        link="http://www.kegg.jp/dbget-bin/www_bget?C00076">
        <graphics name="C00076" fgcolor="#000000" bgcolor="#FFFFFF"
             type="circle" x="1129" y="379" width="8" height="8"/>
    </entry>
    <entry id="39" name="mmu:12313 mmu:12314 mmu:12315 mmu:494124 mmu:70405 mmu:75600 mmu:80796" type="gene"
        link="http://www.kegg.jp/dbget-bin/www_bget?mmu:12313+mmu:12314+mmu:12315+mmu:494124+mmu:70405+mmu:75600+mmu:80796">
        <graphics name="Calm1, AI256814, AI327027, AI461935, AL024000, CaM, Calm, Cam1..." fgcolor="#000000" bgcolor="#BFFFBF"
             type="rectangle" x="1129" y="418" width="46" height="17"/>
    </entry>
    <entry id="40" name="mmu:19055 mmu:19056 mmu:19057 mmu:19058 mmu:19059" type="gene"
        link="http://www.kegg.jp/dbget-bin/www_bget?mmu:19055+mmu:19056+mmu:19057+mmu:19058+mmu:19059">
        <graphics name="Ppp3ca, 2900074D19Rik, CN, Caln, Calna, CnA..." fgcolor="#000000" bgcolor="#BFFFBF"
             type="rectangle" x="1066" y="466" width="46" height="17"/>
    </entry>
    <entry id="41" name="mmu:12877 mmu:208922 mmu:231207 mmu:67579" type="gene"
        link="http://www.kegg.jp/dbget-bin/www_bget?mmu:12877+mmu:208922+mmu:231207+mmu:67579">
        <graphics name="Cpeb1, AU024112, Cpeb, mCPEB..." fgcolor="#000000" bgcolor="#BFFFBF"
             type="rectangle" x="278" y="237" width="46" height="17"/>
    </entry>
    <entry id="42" name="mmu:12877 mmu:208922 mmu:231207 mmu:67579" type="gene"
        link="http://www.kegg.jp/dbget-bin/www_bget?mmu:12877+mmu:208922+mmu:231207+mmu:67579">
        <graphics name="Cpeb1, AU024112, Cpeb, mCPEB..." fgcolor="#000000" bgcolor="#BFFFBF"
             type="rectangle" x="786" y="295" width="46" height="17"/>
    </entry>
    <entry id="43" name="mmu:18817" type="gene"
        link="http://www.kegg.jp/dbget-bin/www_bget?mmu:18817">
        <graphics name="Plk1, Plk, STPK13" fgcolor="#000000" bgcolor="#BFFFBF"
             type="rectangle" x="842" y="249" width="46" height="17"/>
    </entry>
    <entry id="44" name="mmu:100043674 mmu:21402 mmu:26965 mmu:56438" type="gene"
        link="http://www.kegg.jp/dbget-bin/www_bget?mmu:100043674+mmu:21402+mmu:26965+mmu:56438">
        <graphics name="Rbx1-ps, Gm9840..." fgcolor="#000000" bgcolor="#BFFFBF"
             type="rectangle" x="703" y="488" width="46" height="17"/>
    </entry>
    <entry id="45" name="mmu:103583 mmu:12234" type="gene"
        link="http://www.kegg.jp/dbget-bin/www_bget?mmu:103583+mmu:12234">
        <graphics name="Fbxw11, 2310065A07Rik, AA536858, BTRC2, BTRCP2, Fbxw1b, HOS..." fgcolor="#000000" bgcolor="#BFFFBF"
             type="rectangle" x="703" y="505" width="46" height="17"/>
    </entry>
    <entry id="46" name="mmu:18747 mmu:18749" type="gene"
        link="http://www.kegg.jp/dbget-bin/www_bget?mmu:18747+mmu:18749">
        <graphics name="Prkaca, PKCD, Pkaca..." fgcolor="#000000" bgcolor="#BFFFBF"
             type="rectangle" x="157" y="257" width="46" height="17"/>
    </entry>
    <entry id="47" name="mmu:104110 mmu:104111 mmu:11512 mmu:11513 mmu:11514 mmu:11515 mmu:210044 mmu:224129 mmu:432530" type="gene"
        link="http://www.kegg.jp/dbget-bin/www_bget?mmu:104110+mmu:104111+mmu:11512+mmu:11513+mmu:11514+mmu:11515+mmu:210044+mmu:224129+mmu:432530">
        <graphics name="Adcy4, mKIAA4004..." fgcolor="#000000" bgcolor="#BFFFBF"
             type="rectangle" x="157" y="191" width="46" height="17"/>
    </entry>
    <entry id="48" name="cpd:C00575" type="compound"
        link="http://www.kegg.jp/dbget-bin/www_bget?C00575">
        <graphics name="C00575" fgcolor="#000000" bgcolor="#FFFFFF"
             type="circle" x="157" y="225" width="8" height="8"/>
    </entry>
    <entry id="49" name="mmu:22627 mmu:22628 mmu:22629 mmu:22630 mmu:22631 mmu:54401" type="gene"
        link="http://www.kegg.jp/dbget-bin/www_bget?mmu:22627+mmu:22628+mmu:22629+mmu:22630+mmu:22631+mmu:54401">
        <graphics name="Ywhae, AU019196..." fgcolor="#000000" bgcolor="#BFFFBF"
             type="rectangle" x="434" y="578" width="46" height="17"/>
    </entry>
    <entry id="50" name="mmu:19045 mmu:19046 mmu:19047 mmu:434233" type="gene"
        link="http://www.kegg.jp/dbget-bin/www_bget?mmu:19045+mmu:19046+mmu:19047+mmu:434233">
        <graphics name="Ppp1ca, Ppp1c, dism2..." fgcolor="#000000" bgcolor="#BFFFBF"
             type="rectangle" x="561" y="483" width="46" height="17"/>
    </entry>
    <entry id="51" name="mmu:29857" type="gene"
        link="http://www.kegg.jp/dbget-bin/www_bget?mmu:29857">
        <graphics name="Mapk12, AW123708, Erk6, P38gamma, Prkm12, Sapk3" fgcolor="#000000" bgcolor="#BFFFBF"
             type="rectangle" x="526" y="459" width="46" height="17"/>
    </entry>
    <entry id="52" name="mmu:18817" type="gene"
        link="http://www.kegg.jp/dbget-bin/www_bget?mmu:18817">
        <graphics name="Plk1, Plk, STPK13" fgcolor="#000000" bgcolor="#BFFFBF"
             type="rectangle" x="578" y="516" width="46" height="17"/>
    </entry>
    <entry id="53" name="mmu:105988" type="gene"
        link="http://www.kegg.jp/dbget-bin/www_bget?mmu:105988">
        <graphics name="Espl1, AL024103, AU045071, Cerp, ESP1, PRCE, SSE" fgcolor="#000000" bgcolor="#BFFFBF"
             type="rectangle" x="653" y="722" width="46" height="17"/>
    </entry>
    <entry id="54" name="mmu:105988" type="gene"
        link="http://www.kegg.jp/dbget-bin/www_bget?mmu:105988">
        <graphics name="Espl1, AL024103, AU045071, Cerp, ESP1, PRCE, SSE" fgcolor="#000000" bgcolor="#BFFFBF"
             type="rectangle" x="1007" y="722" width="46" height="17"/>
    </entry>
    <entry id="55" name="mmu:140557 mmu:24061" type="gene"
        link="http://www.kegg.jp/dbget-bin/www_bget?mmu:140557+mmu:24061">
        <graphics name="Smc1b, SMC-1B, SMC1beta, Smc1l2..." fgcolor="#000000" bgcolor="#BFFFBF"
             type="rectangle" x="630" y="803" width="46" height="17"/>
    </entry>
    <entry id="56" name="mmu:56739" type="gene"
        link="http://www.kegg.jp/dbget-bin/www_bget?mmu:56739">
        <graphics name="Rec8, Rec8L1, mrec" fgcolor="#000000" bgcolor="#BFFFBF"
             type="rectangle" x="653" y="769" width="46" height="17"/>
    </entry>
    <entry id="57" name="mmu:50878" type="gene"
        link="http://www.kegg.jp/dbget-bin/www_bget?mmu:50878">
        <graphics name="Stag3, SA-2" fgcolor="#000000" bgcolor="#BFFFBF"
             type="rectangle" x="653" y="786" width="46" height="17"/>
    </entry>
    <entry id="58" name="mmu:140557 mmu:24061" type="gene"
        link="http://www.kegg.jp/dbget-bin/www_bget?mmu:140557+mmu:24061">
        <graphics name="Smc1b, SMC-1B, SMC1beta, Smc1l2..." fgcolor="#000000" bgcolor="#BFFFBF"
             type="rectangle" x="984" y="803" width="46" height="17"/>
    </entry>
    <entry id="59" name="mmu:56739" type="gene"
        link="http://www.kegg.jp/dbget-bin/www_bget?mmu:56739">
        <graphics name="Rec8, Rec8L1, mrec" fgcolor="#000000" bgcolor="#BFFFBF"
             type="rectangle" x="1007" y="769" width="46" height="17"/>
    </entry>
    <entry id="60" name="mmu:50878" type="gene"
        link="http://www.kegg.jp/dbget-bin/www_bget?mmu:50878">
        <graphics name="Stag3, SA-2" fgcolor="#000000" bgcolor="#BFFFBF"
             type="rectangle" x="1007" y="786" width="46" height="17"/>
    </entry>
    <entry id="61" name="mmu:72415" type="gene"
        link="http://www.kegg.jp/dbget-bin/www_bget?mmu:72415">
        <graphics name="Sgo1, 3300001M08Rik, C81037, Sgol1" fgcolor="#000000" bgcolor="#BFFFBF"
             type="rectangle" x="950" y="683" width="46" height="17"/>
    </entry>
    <entry id="62" name="mmu:21770 mmu:225849 mmu:226849 mmu:26931 mmu:26932" type="gene"
        link="http://www.kegg.jp/dbget-bin/www_bget?mmu:21770+mmu:225849+mmu:226849+mmu:26931+mmu:26932">
        <graphics name="Ppp2r5d, B'delta, TEG-271, Tex271..." fgcolor="#000000" bgcolor="#BFFFBF"
             type="rectangle" x="950" y="722" width="46" height="17"/>
    </entry>
    <entry id="63" name="mmu:19052 mmu:19053 mmu:51792 mmu:73699" type="gene"
        link="http://www.kegg.jp/dbget-bin/www_bget?mmu:19052+mmu:19053+mmu:51792+mmu:73699">
        <graphics name="Ppp2ca, PP2A, R75353..." fgcolor="#000000" bgcolor="#BFFFBF"
             type="rectangle" x="950" y="739" width="46" height="17"/>
    </entry>
    <entry id="65" name="mmu:13006" type="gene"
        link="http://www.kegg.jp/dbget-bin/www_bget?mmu:13006">
        <graphics name="Smc3, Bamacan, Cspg6, HCAP, Mmip1, SMC-3, SmcD" fgcolor="#000000" bgcolor="#BFFFBF"
             type="rectangle" x="676" y="803" width="46" height="17"/>
    </entry>
    <entry id="66" name="mmu:19052 mmu:19053 mmu:51792 mmu:73699" type="gene"
        link="http://www.kegg.jp/dbget-bin/www_bget?mmu:19052+mmu:19053+mmu:51792+mmu:73699">
        <graphics name="Ppp2ca, PP2A, R75353..." fgcolor="#000000" bgcolor="#BFFFBF"
             type="rectangle" x="1094" y="490" width="46" height="17"/>
    </entry>
    <entry id="67" name="mmu:18667" type="gene"
        link="http://www.kegg.jp/dbget-bin/www_bget?mmu:18667">
        <graphics name="Pgr, 9930019P03Rik, BB114106, NR3C3, PR, PR-A, PR-B" fgcolor="#000000" bgcolor="#BFFFBF"
             type="rectangle" x="206" y="154" width="46" height="17"/>
    </entry>
    <entry id="68" name="mmu:11835" type="gene"
        link="http://www.kegg.jp/dbget-bin/www_bget?mmu:11835">
        <graphics name="Ar, AW320017, Tfm" fgcolor="#000000" bgcolor="#BFFFBF"
             type="rectangle" x="255" y="154" width="46" height="17"/>
    </entry>
    <entry id="69" name="mmu:16001" type="gene"
        link="http://www.kegg.jp/dbget-bin/www_bget?mmu:16001">
        <graphics name="Igf1r, A330103N21Rik, CD221, D930020L01, IGF-1R, hyft" fgcolor="#000000" bgcolor="#BFFFBF"
             type="rectangle" x="98" y="154" width="46" height="17"/>
    </entry>
    <entry id="70" name="mmu:16333 mmu:16334" type="gene"
        link="http://www.kegg.jp/dbget-bin/www_bget?mmu:16333+mmu:16334">
        <graphics name="Ins1, Ins-1, Ins2-rs1..." fgcolor="#000000" bgcolor="#BFFFBF"
             type="rectangle" x="73" y="103" width="46" height="17"/>
    </entry>
    <entry id="71" name="mmu:16000" type="gene"
        link="http://www.kegg.jp/dbget-bin/www_bget?mmu:16000">
        <graphics name="Igf1, C730016P09Rik, Igf-1, Igf-I" fgcolor="#000000" bgcolor="#BFFFBF"
             type="rectangle" x="123" y="103" width="46" height="17"/>
    </entry>
    <entry id="72" name="mmu:241634 mmu:330228 mmu:70891 mmu:74673" type="gene"
        link="http://www.kegg.jp/dbget-bin/www_bget?mmu:241634+mmu:330228+mmu:70891+mmu:74673">
        <graphics name="Spdye4c, Gm355, SpeedyB3, SpyB3..." fgcolor="#000000" bgcolor="#BFFFBF"
             type="rectangle" x="431" y="433" width="46" height="17"/>
    </entry>
    <entry id="73" name="mmu:12534" type="gene"
        link="http://www.kegg.jp/dbget-bin/www_bget?mmu:12534">
        <graphics name="Cdk1, Cdc2, Cdc2a, p34&lt;CDC2&gt;" fgcolor="#000000" bgcolor="#BFFFBF"
             type="rectangle" x="431" y="450" width="46" height="17"/>
    </entry>
    <entry id="74" name="mmu:12566" type="gene"
        link="http://www.kegg.jp/dbget-bin/www_bget?mmu:12566">
        <graphics name="Cdk2, A630093N05Rik" fgcolor="#000000" bgcolor="#BFFFBF"
             type="rectangle" x="487" y="436" width="46" height="17"/>
    </entry>
    <entry id="75" name="mmu:20874" type="gene"
        link="http://www.kegg.jp/dbget-bin/www_bget?mmu:20874">
        <graphics name="Slk, 9A2, AV021402, AW411554, Etk4, SMAK, Stk2, mKIAA0204, mSLK" fgcolor="#000000" bgcolor="#BFFFBF"
             type="rectangle" x="578" y="556" width="46" height="17"/>
    </entry>
    <entry id="76" name="path:mmu04914" type="map"
        link="http://www.kegg.jp/dbget-bin/www_bget?mmu04914">
        <graphics name="Progesterone-mediated oocyte maturation" fgcolor="#000000" bgcolor="#FFFFFF"
             type="roundrectangle" x="423" y="114" width="139" height="34"/>
    </entry>
    <entry id="77" name="path:mmu04120" type="map"
        link="http://www.kegg.jp/dbget-bin/www_bget?mmu04120">
        <graphics name="Ubiquitin mediated proteolysis" fgcolor="#000000" bgcolor="#FFFFFF"
             type="roundrectangle" x="139" y="620" width="119" height="34"/>
    </entry>
    <entry id="78" name="path:mmu04010" type="map"
        link="http://www.kegg.jp/dbget-bin/www_bget?mmu04010">
        <graphics name="MAPK signaling pathway" fgcolor="#000000" bgcolor="#FFFFFF"
             type="roundrectangle" x="357" y="278" width="111" height="34"/>
    </entry>
    <entry id="79" name="mmu:12235" type="gene"
        link="http://www.kegg.jp/dbget-bin/www_bget?mmu:12235">
        <graphics name="Bub1, AL022991, Bub1a, C80208, D2Xrf87" fgcolor="#000000" bgcolor="#BFFFBF"
             type="rectangle" x="860" y="500" width="46" height="17"/>
    </entry>
    <entry id="80" name="mmu:12532" type="gene"
        link="http://www.kegg.jp/dbget-bin/www_bget?mmu:12532">
        <graphics name="Cdc25c, Cdc25" fgcolor="#000000" bgcolor="#BFFFBF"
             type="rectangle" x="1204" y="636" width="46" height="17"/>
    </entry>
    <entry id="81" name="mmu:13006" type="gene"
        link="http://www.kegg.jp/dbget-bin/www_bget?mmu:13006">
        <graphics name="Smc3, Bamacan, Cspg6, HCAP, Mmip1, SMC-3, SmcD" fgcolor="#000000" bgcolor="#BFFFBF"
             type="rectangle" x="1030" y="803" width="46" height="17"/>
    </entry>
    <entry id="82" name="undefined" type="group">
        <graphics fgcolor="#000000" bgcolor="#FFFFFF"
             type="rectangle" x="431" y="441" width="46" height="34"/>
        <component id="72"/>
        <component id="73"/>
    </entry>
    <entry id="83" name="undefined" type="group">
        <graphics fgcolor="#000000" bgcolor="#FFFFFF"
             type="rectangle" x="437" y="705" width="46" height="33"/>
        <component id="2"/>
        <component id="4"/>
    </entry>
    <entry id="84" name="undefined" type="group">
        <graphics fgcolor="#000000" bgcolor="#FFFFFF"
             type="rectangle" x="210" y="496" width="46" height="34"/>
        <component id="23"/>
        <component id="28"/>
    </entry>
    <entry id="85" name="undefined" type="group">
        <graphics fgcolor="#000000" bgcolor="#FFFFFF"
             type="rectangle" x="255" y="618" width="46" height="34"/>
        <component id="33"/>
        <component id="34"/>
    </entry>
    <entry id="86" name="undefined" type="group">
        <graphics fgcolor="#000000" bgcolor="#FFFFFF"
             type="rectangle" x="653" y="618" width="46" height="34"/>
        <component id="11"/>
        <component id="12"/>
    </entry>
    <entry id="87" name="undefined" type="group">
        <graphics fgcolor="#000000" bgcolor="#FFFFFF"
             type="rectangle" x="703" y="496" width="46" height="34"/>
        <component id="44"/>
        <component id="45"/>
    </entry>
    <entry id="88" name="undefined" type="group">
        <graphics fgcolor="#000000" bgcolor="#FFFFFF"
             type="rectangle" x="1007" y="548" width="46" height="34"/>
        <component id="18"/>
        <component id="27"/>
    </entry>
    <entry id="89" name="undefined" type="group">
        <graphics fgcolor="#000000" bgcolor="#FFFFFF"
             type="rectangle" x="1007" y="621" width="46" height="34"/>
        <component id="20"/>
        <component id="21"/>
    </entry>
    <entry id="90" name="undefined" type="group">
        <graphics fgcolor="#000000" bgcolor="#FFFFFF"
             type="rectangle" x="1207" y="504" width="46" height="34"/>
        <component id="17"/>
        <component id="29"/>
    </entry>
    <entry id="91" name="undefined" type="group">
        <graphics fgcolor="#000000" bgcolor="#FFFFFF"
             type="rectangle" x="950" y="730" width="46" height="34"/>
        <component id="62"/>
        <component id="63"/>
    </entry>
    <entry id="92" name="undefined" type="group">
        <graphics fgcolor="#000000" bgcolor="#FFFFFF"
             type="rectangle" x="786" y="703" width="46" height="34"/>
        <component id="14"/>
        <component id="15"/>
    </entry>
    <relation entry1="1" entry2="8" type="PPrel">
        <subtype name="activation" value="--&gt;"/>
        <subtype name="phosphorylation" value="+p"/>
    </relation>
    <relation entry1="8" entry2="7" type="PPrel">
        <subtype name="activation" value="--&gt;"/>
        <subtype name="phosphorylation" value="+p"/>
    </relation>
    <relation entry1="7" entry2="6" type="PPrel">
        <subtype name="activation" value="--&gt;"/>
        <subtype name="phosphorylation" value="+p"/>
    </relation>
    <relation entry1="6" entry2="79" type="PPrel">
        <subtype name="activation" value="--&gt;"/>
        <subtype name="phosphorylation" value="+p"/>
    </relation>
    <relation entry1="6" entry2="5" type="PPrel">
        <subtype name="inhibition" value="--|"/>
        <subtype name="phosphorylation" value="+p"/>
    </relation>
    <relation entry1="5" entry2="2" type="PPrel">
        <subtype name="inhibition" value="--|"/>
        <subtype name="phosphorylation" value="+p"/>
    </relation>
    <relation entry1="79" entry2="3" type="PPrel">
        <subtype name="activation" value="--&gt;"/>
    </relation>
    <relation entry1="70" entry2="69" type="PPrel">
        <subtype name="activation" value="--&gt;"/>
    </relation>
    <relation entry1="71" entry2="69" type="PPrel">
        <subtype name="activation" value="--&gt;"/>
    </relation>
    <relation entry1="9" entry2="67" type="PCrel">
    </relation>
    <relation entry1="9" entry2="68" type="PCrel">
    </relation>
    <relation entry1="47" entry2="46" type="ECrel">
        <subtype name="compound" value="48"/>
    </relation>
    <relation entry1="67" entry2="46" type="ECrel">
        <subtype name="compound" value="48"/>
    </relation>
    <relation entry1="68" entry2="46" type="ECrel">
        <subtype name="compound" value="48"/>
    </relation>
    <relation entry1="69" entry2="46" type="ECrel">
        <subtype name="compound" value="48"/>
    </relation>
    <relation entry1="9" entry2="32" type="PCrel">
    </relation>
    <relation entry1="32" entry2="41" type="PPrel">
        <subtype name="activation" value="--&gt;"/>
        <subtype name="phosphorylation" value="+p"/>
    </relation>
    <relation entry1="32" entry2="42" type="PPrel">
        <subtype name="activation" value="--&gt;"/>
        <subtype name="phosphorylation" value="+p"/>
    </relation>
    <relation entry1="43" entry2="42" type="PPrel">
        <subtype name="activation" value="--&gt;"/>
        <subtype name="phosphorylation" value="+p"/>
    </relation>
    <relation entry1="82" entry2="25" type="PPrel">
        <subtype name="activation" value="--&gt;"/>
        <subtype name="phosphorylation" value="+p"/>
    </relation>
    <relation entry1="74" entry2="25" type="PPrel">
        <subtype name="activation" value="--&gt;"/>
        <subtype name="phosphorylation" value="+p"/>
    </relation>
    <relation entry1="51" entry2="25" type="PPrel">
        <subtype name="activation" value="--&gt;"/>
        <subtype name="phosphorylation" value="+p"/>
    </relation>
    <relation entry1="50" entry2="25" type="PPrel">
        <subtype name="activation" value="--&gt;"/>
        <subtype name="dephosphorylation" value="-p"/>
    </relation>
    <relation entry1="52" entry2="25" type="PPrel">
        <subtype name="activation" value="--&gt;"/>
        <subtype name="phosphorylation" value="+p"/>
    </relation>
    <relation entry1="83" entry2="75" type="PPrel">
        <subtype name="activation" value="--&gt;"/>
        <subtype name="phosphorylation" value="+p"/>
    </relation>
    <relation entry1="75" entry2="52" type="PPrel">
        <subtype name="activation" value="--&gt;"/>
        <subtype name="phosphorylation" value="+p"/>
    </relation>
    <relation entry1="83" entry2="25" type="PPrel">
        <subtype name="activation" value="--&gt;"/>
        <subtype name="phosphorylation" value="+p"/>
    </relation>
    <relation entry1="46" entry2="25" type="PPrel">
        <subtype name="inhibition" value="--|"/>
        <subtype name="phosphorylation" value="+p"/>
    </relation>
    <relation entry1="84" entry2="16" type="PPrel">
        <subtype name="inhibition" value="--|"/>
    </relation>
    <relation entry1="16" entry2="34" type="PPrel">
        <subtype name="inhibition" value="--|"/>
    </relation>
    <relation entry1="85" entry2="4" type="PPrel">
        <subtype name="inhibition" value="--|"/>
        <subtype name="ubiquitination" value="+u"/>
    </relation>
    <relation entry1="86" entry2="4" type="PPrel">
        <subtype name="inhibition" value="--|"/>
        <subtype name="ubiquitination" value="+u"/>
    </relation>
    <relation entry1="86" entry2="13" type="PPrel">
        <subtype name="inhibition" value="--|"/>
        <subtype name="ubiquitination" value="+u"/>
    </relation>
    <relation entry1="13" entry2="53" type="PPrel">
        <subtype name="inhibition" value="--|"/>
    </relation>
    <relation entry1="53" entry2="56" type="PPrel">
        <subtype name="inhibition" value="--|"/>
    </relation>
    <relation entry1="83" entry2="42" type="PPrel">
        <subtype name="activation" value="--&gt;"/>
        <subtype name="phosphorylation" value="+p"/>
    </relation>
    <relation entry1="87" entry2="26" type="PPrel">
        <subtype name="inhibition" value="--|"/>
    </relation>
    <relation entry1="26" entry2="12" type="PPrel">
        <subtype name="inhibition" value="--|"/>
    </relation>
    <relation entry1="3" entry2="20" type="PPrel">
        <subtype name="inhibition" value="--|"/>
        <subtype name="phosphorylation" value="+p"/>
    </relation>
    <relation entry1="88" entry2="20" type="PPrel">
        <subtype name="inhibition" value="--|"/>
        <subtype name="phosphorylation" value="+p"/>
    </relation>
    <relation entry1="35" entry2="37" type="ECrel">
        <subtype name="compound" value="36"/>
    </relation>
    <relation entry1="37" entry2="39" type="ECrel">
        <subtype name="compound" value="38"/>
    </relation>
    <relation entry1="39" entry2="40" type="PPrel">
        <subtype name="activation" value="--&gt;"/>
    </relation>
    <relation entry1="39" entry2="30" type="PPrel">
        <subtype name="activation" value="--&gt;"/>
    </relation>
    <relation entry1="40" entry2="89" type="PPrel">
        <subtype name="activation" value="--&gt;"/>
        <subtype name="dephosphorylation" value="-p"/>
    </relation>
    <relation entry1="66" entry2="19" type="PPrel">
        <subtype name="activation" value="--&gt;"/>
        <subtype name="dephosphorylation" value="-p"/>
    </relation>
    <relation entry1="30" entry2="19" type="PPrel">
        <subtype name="inhibition" value="--|"/>
        <subtype name="phosphorylation" value="+p"/>
    </relation>
    <relation entry1="31" entry2="19" type="PPrel">
        <subtype name="inhibition" value="--|"/>
        <subtype name="phosphorylation" value="+p"/>
    </relation>
    <relation entry1="90" entry2="19" type="PPrel">
        <subtype name="inhibition" value="--|"/>
    </relation>
    <relation entry1="30" entry2="80" type="PPrel">
        <subtype name="inhibition" value="--|"/>
        <subtype name="phosphorylation" value="+p"/>
    </relation>
    <relation entry1="19" entry2="21" type="PPrel">
        <subtype name="inhibition" value="--|"/>
    </relation>
    <relation entry1="89" entry2="22" type="PPrel">
        <subtype name="inhibition" value="--|"/>
        <subtype name="ubiquitination" value="+u"/>
    </relation>
    <relation entry1="89" entry2="14" type="PPrel">
        <subtype name="inhibition" value="--|"/>
        <subtype name="ubiquitination" value="+u"/>
    </relation>
    <relation entry1="79" entry2="61" type="PPrel">
        <subtype name="indirect effect" value="..&gt;"/>
    </relation>
    <relation entry1="61" entry2="91" type="PPrel">
        <subtype name="binding/association" value="---"/>
    </relation>
    <relation entry1="91" entry2="59" type="PPrel">
        <subtype name="activation" value="--&gt;"/>
    </relation>
    <relation entry1="22" entry2="54" type="PPrel">
        <subtype name="inhibition" value="--|"/>
    </relation>
    <relation entry1="54" entry2="59" type="PPrel">
        <subtype name="inhibition" value="--|"/>
    </relation>
    <relation entry1="92" entry2="19" type="PPrel">
        <subtype name="inhibition" value="--|"/>
        <subtype name="phosphorylation" value="+p"/>
    </relation>
    <relation entry1="49" entry2="25" type="PPrel">
        <subtype name="dissociation" value="-+-"/>
    </relation>
    <relation entry1="25" entry2="2" type="PPrel">
        <subtype name="activation" value="--&gt;"/>
        <subtype name="dephosphorylation" value="-p"/>
    </relation>
    <relation entry1="1" entry2="5" type="PPrel">
        <subtype name="inhibition" value="--|"/>
        <subtype name="phosphorylation" value="+p"/>
    </relation>
</pathway>
