<?xml version="1.0"?>
<!DOCTYPE pathway SYSTEM "http://www.kegg.jp/kegg/xml/KGML_v0.7.2_.dtd">
<!-- Creation date: Aug 29, 2014 13:26:56 +0900 (GMT+09:00) -->
<pathway name="path:mmu04810" org="mmu" number="04810"
         title="Regulation of actin cytoskeleton"
         image="http://www.kegg.jp/kegg/pathway/mmu/mmu04810.png"
         link="http://www.kegg.jp/kegg-bin/show_pathway?mmu04810">
    <entry id="1" name="mmu:14061" type="gene"
        link="http://www.kegg.jp/dbget-bin/www_bget?mmu:14061">
        <graphics name="F2, Cf-2, Cf2, FII" fgcolor="#000000" bgcolor="#BFFFBF"
             type="rectangle" x="460" y="102" width="46" height="17"/>
    </entry>
    <entry id="2" name="cpd:C04637 cpd:C11554" type="compound"
        link="http://www.kegg.jp/dbget-bin/www_bget?C04637+C11554">
        <graphics name="C04637..." fgcolor="#000000" bgcolor="#FFFFFF"
             type="circle" x="583" y="693" width="8" height="8"/>
    </entry>
    <entry id="3" name="cpd:C04637 cpd:C11554" type="compound"
        link="http://www.kegg.jp/dbget-bin/www_bget?C04637+C11554">
        <graphics name="C04637..." fgcolor="#000000" bgcolor="#FFFFFF"
             type="circle" x="269" y="553" width="8" height="8"/>
    </entry>
    <entry id="4" name="cpd:C05981" type="compound"
        link="http://www.kegg.jp/dbget-bin/www_bget?C05981">
        <graphics name="C05981" fgcolor="#000000" bgcolor="#FFFFFF"
             type="circle" x="514" y="303" width="8" height="8"/>
    </entry>
    <entry id="5" name="cpd:C00306" type="compound"
        link="http://www.kegg.jp/dbget-bin/www_bget?C00306">
        <graphics name="C00306" fgcolor="#000000" bgcolor="#FFFFFF"
             type="circle" x="717" y="90" width="8" height="8"/>
    </entry>
    <entry id="6" name="cpd:C01996" type="compound"
        link="http://www.kegg.jp/dbget-bin/www_bget?C01996">
        <graphics name="C01996" fgcolor="#000000" bgcolor="#FFFFFF"
             type="circle" x="717" y="104" width="8" height="8"/>
    </entry>
    <entry id="7" name="mmu:19241" type="gene"
        link="http://www.kegg.jp/dbget-bin/www_bget?mmu:19241">
        <graphics name="Tmsb4x, Ptmb4, Tb4" fgcolor="#000000" bgcolor="#BFFFBF"
             type="rectangle" x="1128" y="464" width="46" height="17"/>
    </entry>
    <entry id="8" name="mmu:11867 mmu:56378 mmu:56443 mmu:67771 mmu:68089 mmu:74192 mmu:76709" type="gene"
        link="http://www.kegg.jp/dbget-bin/www_bget?mmu:11867+mmu:56378+mmu:56443+mmu:67771+mmu:68089+mmu:74192+mmu:76709">
        <graphics name="Arpc1b, 41kDa, AA408064, AA408534, AA571392, AF007010, AW208418, L72, SOP2Hs, p41-ARC..." fgcolor="#000000" bgcolor="#BFFFBF"
             type="rectangle" x="1037" y="351" width="46" height="17"/>
    </entry>
    <entry id="9" name="mmu:18643 mmu:18645 mmu:382562 mmu:75477" type="gene"
        link="http://www.kegg.jp/dbget-bin/www_bget?mmu:18643+mmu:18645+mmu:382562+mmu:75477">
        <graphics name="Pfn1, Pfn..." fgcolor="#000000" bgcolor="#BFFFBF"
             type="rectangle" x="976" y="505" width="46" height="17"/>
    </entry>
    <entry id="10" name="mmu:242687" type="gene"
        link="http://www.kegg.jp/dbget-bin/www_bget?mmu:242687">
        <graphics name="Wasf2, AW742646, D4Ertd13e, WAVE2" fgcolor="#000000" bgcolor="#BFFFBF"
             type="rectangle" x="894" y="526" width="46" height="17"/>
    </entry>
    <entry id="11" name="mmu:83767" type="gene"
        link="http://www.kegg.jp/dbget-bin/www_bget?mmu:83767">
        <graphics name="Wasf1, AI195380, AI838537, Scar, WAVE, WAVE-1" fgcolor="#000000" bgcolor="#BFFFBF"
             type="rectangle" x="894" y="474" width="46" height="17"/>
    </entry>
    <entry id="12" name="mmu:101314" type="gene"
        link="http://www.kegg.jp/dbget-bin/www_bget?mmu:101314">
        <graphics name="Brk1, 6720456B07Rik, AW011779" fgcolor="#000000" bgcolor="#BFFFBF"
             type="rectangle" x="894" y="457" width="46" height="17"/>
    </entry>
    <entry id="13" name="mmu:11789 mmu:23805" type="gene"
        link="http://www.kegg.jp/dbget-bin/www_bget?mmu:11789+mmu:23805">
        <graphics name="Apc, AI047805, AU020952, AW124434, CC1, Min, mAPC..." fgcolor="#000000" bgcolor="#BFFFBF"
             type="rectangle" x="940" y="416" width="46" height="17"/>
    </entry>
    <entry id="14" name="mmu:22376 mmu:73178" type="gene"
        link="http://www.kegg.jp/dbget-bin/www_bget?mmu:22376+mmu:73178">
        <graphics name="Was, U42471, Wasp..." fgcolor="#000000" bgcolor="#BFFFBF"
             type="rectangle" x="894" y="374" width="46" height="17"/>
    </entry>
    <entry id="15" name="mmu:219140 mmu:226970" type="gene"
        link="http://www.kegg.jp/dbget-bin/www_bget?mmu:219140+mmu:226970">
        <graphics name="Spata13, C79050, ESTM11, X83327, mFLJ00298..." fgcolor="#000000" bgcolor="#BFFFBF"
             type="rectangle" x="830" y="416" width="46" height="17"/>
    </entry>
    <entry id="16" name="mmu:329165" type="gene"
        link="http://www.kegg.jp/dbget-bin/www_bget?mmu:329165">
        <graphics name="Abi2, 8430425M24Rik, AI839867, C130078H13" fgcolor="#000000" bgcolor="#BFFFBF"
             type="rectangle" x="813" y="483" width="46" height="17"/>
    </entry>
    <entry id="17" name="mmu:105855 mmu:50884" type="gene"
        link="http://www.kegg.jp/dbget-bin/www_bget?mmu:105855+mmu:50884">
        <graphics name="Nckap1l, 4930568P13Rik, AI463083, Hem1, Hemp1..." fgcolor="#000000" bgcolor="#BFFFBF"
             type="rectangle" x="813" y="466" width="46" height="17"/>
    </entry>
    <entry id="18" name="mmu:20430 mmu:76884" type="gene"
        link="http://www.kegg.jp/dbget-bin/www_bget?mmu:20430+mmu:76884">
        <graphics name="Cyfip1, E030028J09Rik, P140SRA-1, P140sra1, Shyc, Sra-1, Sra1, l(7)1Rl, l71Rl, l7Rl1, mKIAA0068, pl-1..." fgcolor="#000000" bgcolor="#BFFFBF"
             type="rectangle" x="813" y="449" width="46" height="17"/>
    </entry>
    <entry id="19" name="mmu:108100" type="gene"
        link="http://www.kegg.jp/dbget-bin/www_bget?mmu:108100">
        <graphics name="Baiap2, IRSp53, R75030" fgcolor="#000000" bgcolor="#BFFFBF"
             type="rectangle" x="813" y="526" width="46" height="17"/>
    </entry>
    <entry id="20" name="mmu:231637 mmu:237860 mmu:245857" type="gene"
        link="http://www.kegg.jp/dbget-bin/www_bget?mmu:231637+mmu:237860+mmu:245857">
        <graphics name="Ssh1, AW551225, Gm1394, Gm1395, SSH-1, SSH-1L..." fgcolor="#000000" bgcolor="#BFFFBF"
             type="rectangle" x="695" y="710" width="46" height="17"/>
    </entry>
    <entry id="21" name="mmu:12631 mmu:12632" type="gene"
        link="http://www.kegg.jp/dbget-bin/www_bget?mmu:12631+mmu:12632">
        <graphics name="Cfl1, AA959946, Cof..." fgcolor="#000000" bgcolor="#BFFFBF"
             type="rectangle" x="695" y="664" width="46" height="17"/>
    </entry>
    <entry id="22" name="mmu:16885 mmu:16886" type="gene"
        link="http://www.kegg.jp/dbget-bin/www_bget?mmu:16885+mmu:16886">
        <graphics name="Limk1, KIZ-1, LIMK-1, Limk..." fgcolor="#000000" bgcolor="#BFFFBF"
             type="rectangle" x="695" y="616" width="46" height="17"/>
    </entry>
    <entry id="23" name="mmu:20259 mmu:227753" type="gene"
        link="http://www.kegg.jp/dbget-bin/www_bget?mmu:20259+mmu:227753">
        <graphics name="Scin, AW545522, adseverin..." fgcolor="#000000" bgcolor="#BFFFBF"
             type="rectangle" x="609" y="799" width="46" height="17"/>
    </entry>
    <entry id="24" name="mmu:22330" type="gene"
        link="http://www.kegg.jp/dbget-bin/www_bget?mmu:22330">
        <graphics name="Vcl, 9430097D22, AA571387, AI462105, AW545629" fgcolor="#000000" bgcolor="#BFFFBF"
             type="rectangle" x="558" y="799" width="46" height="17"/>
    </entry>
    <entry id="25" name="mmu:108083 mmu:117150 mmu:18711 mmu:18717 mmu:18718 mmu:18719 mmu:18720" type="gene"
        link="http://www.kegg.jp/dbget-bin/www_bget?mmu:108083+mmu:117150+mmu:18711+mmu:18717+mmu:18718+mmu:18719+mmu:18720">
        <graphics name="Pip4k2b, AI848124, PI5P4Kbeta, Pip5k2b, c11..." fgcolor="#000000" bgcolor="#BFFFBF"
             type="rectangle" x="584" y="616" width="46" height="17"/>
    </entry>
    <entry id="26" name="mmu:18643 mmu:18645 mmu:382562 mmu:75477" type="gene"
        link="http://www.kegg.jp/dbget-bin/www_bget?mmu:18643+mmu:18645+mmu:382562+mmu:75477">
        <graphics name="Pfn1, Pfn..." fgcolor="#000000" bgcolor="#BFFFBF"
             type="rectangle" x="358" y="682" width="46" height="17"/>
    </entry>
    <entry id="27" name="mmu:13367 mmu:54004" type="gene"
        link="http://www.kegg.jp/dbget-bin/www_bget?mmu:13367+mmu:54004">
        <graphics name="Diaph1, D18Wsu154e, Dia1, Diap1, Drf1, p140mDia..." fgcolor="#000000" bgcolor="#BFFFBF"
             type="rectangle" x="358" y="616" width="46" height="17"/>
    </entry>
    <entry id="28" name="mmu:108083 mmu:117150 mmu:18711 mmu:18717 mmu:18718 mmu:18719 mmu:18720" type="gene"
        link="http://www.kegg.jp/dbget-bin/www_bget?mmu:108083+mmu:117150+mmu:18711+mmu:18717+mmu:18718+mmu:18719+mmu:18720">
        <graphics name="Pip4k2b, AI848124, PI5P4Kbeta, Pip5k2b, c11..." fgcolor="#000000" bgcolor="#BFFFBF"
             type="rectangle" x="328" y="554" width="46" height="17"/>
    </entry>
    <entry id="29" name="mmu:109711 mmu:60595" type="gene"
        link="http://www.kegg.jp/dbget-bin/www_bget?mmu:109711+mmu:60595">
        <graphics name="Actn1, 3110023F10Rik, Actn1a..." fgcolor="#000000" bgcolor="#BFFFBF"
             type="rectangle" x="204" y="565" width="46" height="17"/>
    </entry>
    <entry id="30" name="mmu:22330" type="gene"
        link="http://www.kegg.jp/dbget-bin/www_bget?mmu:22330">
        <graphics name="Vcl, 9430097D22, AA571387, AI462105, AW545629" fgcolor="#000000" bgcolor="#BFFFBF"
             type="rectangle" x="204" y="542" width="46" height="17"/>
    </entry>
    <entry id="31" name="mmu:17698 mmu:19684 mmu:22350" type="gene"
        link="http://www.kegg.jp/dbget-bin/www_bget?mmu:17698+mmu:19684+mmu:22350">
        <graphics name="Msn, C78546..." fgcolor="#000000" bgcolor="#BFFFBF"
             type="rectangle" x="244" y="518" width="46" height="17"/>
    </entry>
    <entry id="32" name="mmu:19303" type="gene"
        link="http://www.kegg.jp/dbget-bin/www_bget?mmu:19303">
        <graphics name="Pxn, AW108311, AW123232, Pax" fgcolor="#000000" bgcolor="#BFFFBF"
             type="rectangle" x="244" y="489" width="46" height="17"/>
    </entry>
    <entry id="33" name="mmu:20544" type="gene"
        link="http://www.kegg.jp/dbget-bin/www_bget?mmu:20544">
        <graphics name="Slc9a1, AW554487, Apnh, Mir5122, Nhe1, mir-5122, swe" fgcolor="#000000" bgcolor="#BFFFBF"
             type="rectangle" x="328" y="518" width="46" height="17"/>
    </entry>
    <entry id="34" name="mmu:17931 mmu:19045 mmu:19046 mmu:19047 mmu:232807 mmu:329251 mmu:434233" type="gene"
        link="http://www.kegg.jp/dbget-bin/www_bget?mmu:17931+mmu:19045+mmu:19046+mmu:19047+mmu:232807+mmu:329251+mmu:434233">
        <graphics name="Ppp1r12a, 1200015F06Rik, 5730577I22Rik, AA792106, AV099298, D10Ertd625e, Mypt1..." fgcolor="#000000" bgcolor="#BFFFBF"
             type="rectangle" x="430" y="616" width="46" height="17"/>
    </entry>
    <entry id="35" name="mmu:17898 mmu:17906 mmu:17907 mmu:59310 mmu:67268 mmu:67938 mmu:98932" type="gene"
        link="http://www.kegg.jp/dbget-bin/www_bget?mmu:17898+mmu:17906+mmu:17907+mmu:59310+mmu:67268+mmu:67938+mmu:98932">
        <graphics name="Myl7, MLC-2alpha, MLC2a, MYL2A, Mylc2a, RLC-A..." fgcolor="#000000" bgcolor="#BFFFBF"
             type="rectangle" x="460" y="692" width="46" height="17"/>
    </entry>
    <entry id="36" name="mmu:107589 mmu:213435 mmu:228785 mmu:238564" type="gene"
        link="http://www.kegg.jp/dbget-bin/www_bget?mmu:107589+mmu:213435+mmu:228785+mmu:238564">
        <graphics name="Mylk, 9530072E15Rik, A930019C19Rik, AW489456, KRP, MLCK108, MLCK210, Mlck, nmMlck, smMLCK..." fgcolor="#000000" bgcolor="#BFFFBF"
             type="rectangle" x="508" y="616" width="46" height="17"/>
    </entry>
    <entry id="37" name="mmu:216963" type="gene"
        link="http://www.kegg.jp/dbget-bin/www_bget?mmu:216963">
        <graphics name="Git1, Cat-1, p95Cat" fgcolor="#000000" bgcolor="#BFFFBF"
             type="rectangle" x="328" y="489" width="46" height="17"/>
    </entry>
    <entry id="38" name="mmu:13800" type="gene"
        link="http://www.kegg.jp/dbget-bin/www_bget?mmu:13800">
        <graphics name="Enah, Mena, NDPP-1, Ndpp1, WBP8" fgcolor="#000000" bgcolor="#BFFFBF"
             type="rectangle" x="959" y="336" width="46" height="17"/>
    </entry>
    <entry id="39" name="mmu:108100" type="gene"
        link="http://www.kegg.jp/dbget-bin/www_bget?mmu:108100">
        <graphics name="Baiap2, IRSp53, R75030" fgcolor="#000000" bgcolor="#BFFFBF"
             type="rectangle" x="894" y="336" width="46" height="17"/>
    </entry>
    <entry id="40" name="mmu:56419" type="gene"
        link="http://www.kegg.jp/dbget-bin/www_bget?mmu:56419">
        <graphics name="Diaph3, 4930417P13Rik, Dia2, Diap3, Drf3, mDia2, mKIAA4117, p134MDia2" fgcolor="#000000" bgcolor="#BFFFBF"
             type="rectangle" x="830" y="336" width="46" height="17"/>
    </entry>
    <entry id="41" name="mmu:19877 mmu:19878" type="gene"
        link="http://www.kegg.jp/dbget-bin/www_bget?mmu:19877+mmu:19878">
        <graphics name="Rock1, 1110055K06Rik, Rock-I..." fgcolor="#000000" bgcolor="#BFFFBF"
             type="rectangle" x="460" y="534" width="46" height="17"/>
    </entry>
    <entry id="42" name="mmu:18479 mmu:18481 mmu:214230 mmu:224105 mmu:241656 mmu:70584" type="gene"
        link="http://www.kegg.jp/dbget-bin/www_bget?mmu:18479+mmu:18481+mmu:214230+mmu:224105+mmu:241656+mmu:70584">
        <graphics name="Pak1, AW045634, PAK-1, Paka..." fgcolor="#000000" bgcolor="#BFFFBF"
             type="rectangle" x="648" y="518" width="46" height="17"/>
    </entry>
    <entry id="43" name="mmu:54126 mmu:73341" type="gene"
        link="http://www.kegg.jp/dbget-bin/www_bget?mmu:54126+mmu:73341">
        <graphics name="Arhgef7, Cool, PIX, Pak3bp, betaPix, betaPix-b, betaPix-c, cool-1, mKIAA0142, p85Cool1, p85SPR..." fgcolor="#000000" bgcolor="#BFFFBF"
             type="rectangle" x="554" y="490" width="46" height="17"/>
    </entry>
    <entry id="44" name="mmu:12540" type="gene"
        link="http://www.kegg.jp/dbget-bin/www_bget?mmu:12540">
        <graphics name="Cdc42, AI747189, AU018915" fgcolor="#000000" bgcolor="#BFFFBF"
             type="rectangle" x="718" y="354" width="46" height="17"/>
    </entry>
    <entry id="45" name="mmu:170758 mmu:19353 mmu:19354" type="gene"
        link="http://www.kegg.jp/dbget-bin/www_bget?mmu:170758+mmu:19353+mmu:19354">
        <graphics name="Rac3, Rac1B..." fgcolor="#000000" bgcolor="#BFFFBF"
             type="rectangle" x="610" y="443" width="46" height="17"/>
    </entry>
    <entry id="46" name="mmu:11848 mmu:67653" type="gene"
        link="http://www.kegg.jp/dbget-bin/www_bget?mmu:11848+mmu:67653">
        <graphics name="Rhoa, Arha, Arha1, Arha2..." fgcolor="#000000" bgcolor="#BFFFBF"
             type="rectangle" x="460" y="443" width="46" height="17"/>
    </entry>
    <entry id="47" name="mmu:16801 mmu:69632" type="gene"
        link="http://www.kegg.jp/dbget-bin/www_bget?mmu:16801+mmu:69632">
        <graphics name="Arhgef1, Lbcl2, Lsc..." fgcolor="#000000" bgcolor="#BFFFBF"
             type="rectangle" x="460" y="394" width="46" height="17"/>
    </entry>
    <entry id="48" name="mmu:29875 mmu:404710 mmu:544963" type="gene"
        link="http://www.kegg.jp/dbget-bin/www_bget?mmu:29875+mmu:404710+mmu:544963">
        <graphics name="Iqgap1, AA682088, D7Ertd237e, D7Ertd257e, mKIAA0051..." fgcolor="#000000" bgcolor="#BFFFBF"
             type="rectangle" x="273" y="358" width="46" height="17"/>
    </entry>
    <entry id="49" name="mmu:232906" type="gene"
        link="http://www.kegg.jp/dbget-bin/www_bget?mmu:232906">
        <graphics name="Arhgap35, 6430596G11Rik, AI841135, Grlf1, mKIAA1722, p190A, p190RhoGAP" fgcolor="#000000" bgcolor="#BFFFBF"
             type="rectangle" x="541" y="411" width="46" height="17"/>
    </entry>
    <entry id="50" name="mmu:21844 mmu:22324 mmu:22325 mmu:57257" type="gene"
        link="http://www.kegg.jp/dbget-bin/www_bget?mmu:21844+mmu:22324+mmu:22325+mmu:57257">
        <graphics name="Tiam1, AI847750, D16Ium10, D16Ium10e..." fgcolor="#000000" bgcolor="#BFFFBF"
             type="rectangle" x="535" y="334" width="46" height="17"/>
    </entry>
    <entry id="51" name="mmu:26413 mmu:26417" type="gene"
        link="http://www.kegg.jp/dbget-bin/www_bget?mmu:26413+mmu:26417">
        <graphics name="Mapk1, 9030612K14Rik, AA407128, AU018647, C78273, ERK, Erk2, MAPK2, PRKM2, Prkm1, p41mapk, p42mapk..." fgcolor="#000000" bgcolor="#BFFFBF"
             type="rectangle" x="383" y="311" width="46" height="17"/>
    </entry>
    <entry id="52" name="mmu:26395 mmu:26396" type="gene"
        link="http://www.kegg.jp/dbget-bin/www_bget?mmu:26395+mmu:26396">
        <graphics name="Map2k1, MAPKK1, MEKK1, Mek1, Prkmk1..." fgcolor="#000000" bgcolor="#BFFFBF"
             type="rectangle" x="383" y="270" width="46" height="17"/>
    </entry>
    <entry id="53" name="mmu:109880 mmu:110157 mmu:11836 mmu:17451" type="gene"
        link="http://www.kegg.jp/dbget-bin/www_bget?mmu:109880+mmu:110157+mmu:11836+mmu:17451">
        <graphics name="Braf, 9930012E13Rik, AA120551, AA387315, AA473386, B-raf, Braf-2, Braf2, C230098H17, C87398, D6Ertd631e..." fgcolor="#000000" bgcolor="#BFFFBF"
             type="rectangle" x="383" y="229" width="46" height="17"/>
    </entry>
    <entry id="54" name="mmu:18706 mmu:18707 mmu:18708 mmu:18709 mmu:18710 mmu:74769" type="gene"
        link="http://www.kegg.jp/dbget-bin/www_bget?mmu:18706+mmu:18707+mmu:18708+mmu:18709+mmu:18710+mmu:74769">
        <graphics name="Pik3ca, 6330412C24Rik, caPI3K, p110, p110alpha..." fgcolor="#000000" bgcolor="#BFFFBF"
             type="rectangle" x="515" y="269" width="46" height="17"/>
    </entry>
    <entry id="55" name="mmu:73341" type="gene"
        link="http://www.kegg.jp/dbget-bin/www_bget?mmu:73341">
        <graphics name="Arhgef6, 1600028C08Rik, 1700038J06Rik, 4930592P22Rik, alpha-PIX" fgcolor="#000000" bgcolor="#BFFFBF"
             type="rectangle" x="566" y="269" width="46" height="17"/>
    </entry>
    <entry id="56" name="mmu:330662" type="gene"
        link="http://www.kegg.jp/dbget-bin/www_bget?mmu:330662">
        <graphics name="Dock1, 9130006G06Rik, AI854900, D630004B07Rik" fgcolor="#000000" bgcolor="#BFFFBF"
             type="rectangle" x="657" y="265" width="46" height="17"/>
    </entry>
    <entry id="57" name="mmu:14163 mmu:30938" type="gene"
        link="http://www.kegg.jp/dbget-bin/www_bget?mmu:14163+mmu:30938">
        <graphics name="Fgd1, ZFYVE3..." fgcolor="#000000" bgcolor="#BFFFBF"
             type="rectangle" x="718" y="231" width="46" height="17"/>
    </entry>
    <entry id="58" name="mmu:100503710 mmu:14701" type="gene"
        link="http://www.kegg.jp/dbget-bin/www_bget?mmu:100503710+mmu:14701">
        <graphics name="Gm5741, EG436049..." fgcolor="#000000" bgcolor="#BFFFBF"
             type="rectangle" x="718" y="193" width="46" height="17"/>
    </entry>
    <entry id="59" name="mmu:12928 mmu:12929" type="gene"
        link="http://www.kegg.jp/dbget-bin/www_bget?mmu:12928+mmu:12929">
        <graphics name="Crk, Crk-I, Crk-II, Crk-III, Crk3, CrkIII, Crko, c-Crk, p38..." fgcolor="#000000" bgcolor="#BFFFBF"
             type="rectangle" x="657" y="224" width="46" height="17"/>
    </entry>
    <entry id="60" name="mmu:12927" type="gene"
        link="http://www.kegg.jp/dbget-bin/www_bget?mmu:12927">
        <graphics name="Bcar1, AI385681, Cas, Crkas" fgcolor="#000000" bgcolor="#BFFFBF"
             type="rectangle" x="657" y="207" width="46" height="17"/>
    </entry>
    <entry id="61" name="mmu:14083" type="gene"
        link="http://www.kegg.jp/dbget-bin/www_bget?mmu:14083">
        <graphics name="Ptk2, FAK, FRNK, Fadk, mKIAA4203, p125FAK" fgcolor="#000000" bgcolor="#BFFFBF"
             type="rectangle" x="657" y="190" width="46" height="17"/>
    </entry>
    <entry id="62" name="mmu:12061 mmu:12062 mmu:12669 mmu:12671 mmu:12672 mmu:213788 mmu:243764" type="gene"
        link="http://www.kegg.jp/dbget-bin/www_bget?mmu:12061+mmu:12062+mmu:12669+mmu:12671+mmu:12672+mmu:213788+mmu:243764">
        <graphics name="Bdkrb1, B1BKR, B1R, BKR1, BRADYB1, Bdkrb..." fgcolor="#000000" bgcolor="#BFFFBF"
             type="rectangle" x="718" y="152" width="46" height="17"/>
    </entry>
    <entry id="63" name="mmu:20779" type="gene"
        link="http://www.kegg.jp/dbget-bin/www_bget?mmu:20779">
        <graphics name="Src, AW259666, pp60c-src" fgcolor="#000000" bgcolor="#BFFFBF"
             type="rectangle" x="610" y="244" width="46" height="17"/>
    </entry>
    <entry id="64" name="mmu:104099 mmu:109700 mmu:16398 mmu:16399 mmu:16400 mmu:16401 mmu:16402 mmu:16403 mmu:16404 mmu:16407 mmu:16408 mmu:16409 mmu:16410 mmu:16411 mmu:16412 mmu:16414 mmu:16415 mmu:16416 mmu:16419 mmu:16420 mmu:16421 mmu:192897 mmu:213119 mmu:241226 mmu:319480 mmu:320910 mmu:381924" type="gene"
        link="http://www.kegg.jp/dbget-bin/www_bget?mmu:104099+mmu:109700+mmu:16398+mmu:16399+mmu:16400+mmu:16401+mmu:16402+mmu:16403+mmu:16404+mmu:16407+mmu:16408+mmu:16409+mmu:16410+mmu:16411+mmu:16412+mmu:16414+mmu:16415+mmu:16416+mmu:16419+mmu:16420+mmu:16421+mmu:192897+mmu:213119+mmu:241226+mmu:319480+mmu:320910+mmu:381924">
        <graphics name="Itga9, (alpha)9, 2610002H11Rik, 6720458D17Rik, AI461869, D130073C02, D9Ertd428e..." fgcolor="#000000" bgcolor="#BFFFBF"
             type="rectangle" x="634" y="151" width="46" height="17"/>
    </entry>
    <entry id="65" name="mmu:14268" type="gene"
        link="http://www.kegg.jp/dbget-bin/www_bget?mmu:14268">
        <graphics name="Fn1, E330027I09, Fn, Fn-1" fgcolor="#000000" bgcolor="#BFFFBF"
             type="rectangle" x="634" y="99" width="46" height="17"/>
    </entry>
    <entry id="66" name="mmu:15461 mmu:16653 mmu:17532 mmu:18176 mmu:20130 mmu:66922" type="gene"
        link="http://www.kegg.jp/dbget-bin/www_bget?mmu:15461+mmu:16653+mmu:17532+mmu:18176+mmu:20130+mmu:66922">
        <graphics name="Hras, H-ras, Ha-ras, Harvey-ras, Hras-1, Hras1, Kras2, c-H-ras, c-Ha-ras, c-rasHa, ras..." fgcolor="#000000" bgcolor="#BFFFBF"
             type="rectangle" x="541" y="230" width="46" height="17"/>
    </entry>
    <entry id="67" name="mmu:14673 mmu:14674" type="gene"
        link="http://www.kegg.jp/dbget-bin/www_bget?mmu:14673+mmu:14674">
        <graphics name="Gna12, AI414047, AI504261, Galpha12..." fgcolor="#000000" bgcolor="#BFFFBF"
             type="rectangle" x="460" y="201" width="46" height="17"/>
    </entry>
    <entry id="68" name="mmu:20662 mmu:20663" type="gene"
        link="http://www.kegg.jp/dbget-bin/www_bget?mmu:20662+mmu:20663">
        <graphics name="Sos1, 4430401P03Rik, 9630010N06, AI449023..." fgcolor="#000000" bgcolor="#BFFFBF"
             type="rectangle" x="541" y="192" width="46" height="17"/>
    </entry>
    <entry id="69" name="mmu:13649 mmu:14182 mmu:14183 mmu:14184 mmu:14186 mmu:18595 mmu:18596 mmu:23920" type="gene"
        link="http://www.kegg.jp/dbget-bin/www_bget?mmu:13649+mmu:14182+mmu:14183+mmu:14184+mmu:14186+mmu:18595+mmu:18596+mmu:23920">
        <graphics name="Egfr, 9030024J15Rik, AI552599, Erbb, Errb1, Errp, Wa5, wa-2, wa2..." fgcolor="#000000" bgcolor="#BFFFBF"
             type="rectangle" x="540" y="151" width="46" height="17"/>
    </entry>
    <entry id="70" name="mmu:13645 mmu:14164 mmu:14165 mmu:14166 mmu:14167 mmu:14168 mmu:14169 mmu:14170 mmu:14171 mmu:14172 mmu:14173 mmu:14174 mmu:14175 mmu:14176 mmu:14177 mmu:14178 mmu:14179 mmu:14180 mmu:18590 mmu:18591 mmu:54635 mmu:56636 mmu:64654 mmu:67112 mmu:71785 mmu:80857 mmu:80903" type="gene"
        link="http://www.kegg.jp/dbget-bin/www_bget?mmu:13645+mmu:14164+mmu:14165+mmu:14166+mmu:14167+mmu:14168+mmu:14169+mmu:14170+mmu:14171+mmu:14172+mmu:14173+mmu:14174+mmu:14175+mmu:14176+mmu:14177+mmu:14178+mmu:14179+mmu:14180+mmu:18590+mmu:18591+mmu:54635+mmu:56636+mmu:64654+mmu:67112+mmu:71785+mmu:80857+mmu:80903">
        <graphics name="Egf, AI790464..." fgcolor="#000000" bgcolor="#BFFFBF"
             type="rectangle" x="541" y="112" width="46" height="17"/>
    </entry>
    <entry id="71" name="mmu:16333 mmu:16334" type="gene"
        link="http://www.kegg.jp/dbget-bin/www_bget?mmu:16333+mmu:16334">
        <graphics name="Ins1, Ins-1, Ins2-rs1..." fgcolor="#000000" bgcolor="#BFFFBF"
             type="rectangle" x="541" y="90" width="46" height="17"/>
    </entry>
    <entry id="72" name="cpd:C00338" type="compound"
        link="http://www.kegg.jp/dbget-bin/www_bget?C00338">
        <graphics name="C00338" fgcolor="#000000" bgcolor="#FFFFFF"
             type="circle" x="459" y="82" width="8" height="8"/>
    </entry>
    <entry id="73" name="mmu:12475 mmu:14062" type="gene"
        link="http://www.kegg.jp/dbget-bin/www_bget?mmu:12475+mmu:14062">
        <graphics name="Cd14..." fgcolor="#000000" bgcolor="#BFFFBF"
             type="rectangle" x="460" y="151" width="46" height="17"/>
    </entry>
    <entry id="74" name="path:mmu04810" type="map"
        link="http://www.kegg.jp/dbget-bin/www_bget?mmu04810">
        <graphics name="TITLE:Regulation of actin cytoskeleton" fgcolor="#000000" bgcolor="#FFFFFF"
             type="roundrectangle" x="194" y="58" width="307" height="25"/>
    </entry>
    <entry id="75" name="path:mmu04010" type="map"
        link="http://www.kegg.jp/dbget-bin/www_bget?mmu04010">
        <graphics name="MAPK signaling pathway" fgcolor="#000000" bgcolor="#FFFFFF"
             type="roundrectangle" x="894" y="217" width="110" height="34"/>
    </entry>
    <entry id="76" name="path:mmu04520" type="map"
        link="http://www.kegg.jp/dbget-bin/www_bget?mmu04520">
        <graphics name="Adherens junction" fgcolor="#000000" bgcolor="#FFFFFF"
             type="roundrectangle" x="127" y="358" width="110" height="25"/>
    </entry>
    <entry id="77" name="path:mmu04510" type="map"
        link="http://www.kegg.jp/dbget-bin/www_bget?mmu04510">
        <graphics name="Focal adhesion" fgcolor="#000000" bgcolor="#FFFFFF"
             type="roundrectangle" x="88" y="592" width="111" height="25"/>
    </entry>
    <entry id="78" name="path:mmu04510" type="map"
        link="http://www.kegg.jp/dbget-bin/www_bget?mmu04510">
        <graphics name="Focal adhesion" fgcolor="#000000" bgcolor="#FFFFFF"
             type="roundrectangle" x="662" y="861" width="112" height="25"/>
    </entry>
    <entry id="79" name="mmu:11461 mmu:11465" type="gene"
        link="http://www.kegg.jp/dbget-bin/www_bget?mmu:11461+mmu:11465">
        <graphics name="Actb, Actx, E430023M04Rik, beta-actin..." fgcolor="#000000" bgcolor="#BFFFBF"
             type="rectangle" x="1117" y="345" width="46" height="17"/>
    </entry>
    <entry id="80" name="mmu:11461 mmu:11465" type="gene"
        link="http://www.kegg.jp/dbget-bin/www_bget?mmu:11461+mmu:11465">
        <graphics name="Actb, Actx, E430023M04Rik, beta-actin..." fgcolor="#000000" bgcolor="#BFFFBF"
             type="rectangle" x="224" y="806" width="46" height="17"/>
    </entry>
    <entry id="81" name="mmu:17886 mmu:71960 mmu:77579" type="gene"
        link="http://www.kegg.jp/dbget-bin/www_bget?mmu:17886+mmu:71960+mmu:77579">
        <graphics name="Myh9, Fltn, Myhn-1, Myhn1, NMHCIIA, NMMHC-A, NMMHC-IIA, TU72.6..." fgcolor="#000000" bgcolor="#BFFFBF"
             type="rectangle" x="327" y="844" width="46" height="17"/>
    </entry>
    <entry id="82" name="mmu:11461 mmu:11465" type="gene"
        link="http://www.kegg.jp/dbget-bin/www_bget?mmu:11461+mmu:11465">
        <graphics name="Actb, Actx, E430023M04Rik, beta-actin..." fgcolor="#000000" bgcolor="#BFFFBF"
             type="rectangle" x="1061" y="590" width="46" height="17"/>
    </entry>
    <entry id="83" name="mmu:11867 mmu:56378 mmu:56443 mmu:67771 mmu:68089 mmu:74192 mmu:76709" type="gene"
        link="http://www.kegg.jp/dbget-bin/www_bget?mmu:11867+mmu:56378+mmu:56443+mmu:67771+mmu:68089+mmu:74192+mmu:76709">
        <graphics name="Arpc1b, 41kDa, AA408064, AA408534, AA571392, AF007010, AW208418, L72, SOP2Hs, p41-ARC..." fgcolor="#000000" bgcolor="#BFFFBF"
             type="rectangle" x="1013" y="644" width="46" height="17"/>
    </entry>
    <entry id="84" name="undefined" type="group">
        <graphics fgcolor="#000000" bgcolor="#FFFFFF"
             type="rectangle" x="657" y="207" width="46" height="51"/>
        <component id="59"/>
        <component id="60"/>
        <component id="61"/>
    </entry>
    <entry id="85" name="undefined" type="group">
        <graphics fgcolor="#000000" bgcolor="#FFFFFF"
             type="rectangle" x="894" y="465" width="46" height="34"/>
        <component id="11"/>
        <component id="12"/>
    </entry>
    <entry id="86" name="undefined" type="group">
        <graphics fgcolor="#000000" bgcolor="#FFFFFF"
             type="rectangle" x="813" y="466" width="46" height="51"/>
        <component id="16"/>
        <component id="17"/>
        <component id="18"/>
    </entry>
    <relation entry1="50" entry2="54" type="PPrel">
        <subtype name="compound" value="4"/>
    </relation>
    <relation entry1="28" entry2="30" type="PPrel">
        <subtype name="compound" value="3"/>
    </relation>
    <relation entry1="28" entry2="29" type="PPrel">
        <subtype name="compound" value="3"/>
    </relation>
    <relation entry1="24" entry2="25" type="PPrel">
        <subtype name="compound" value="2"/>
    </relation>
    <relation entry1="73" entry2="67" type="PPrel">
        <subtype name="activation" value="--&gt;"/>
    </relation>
    <relation entry1="67" entry2="47" type="PPrel">
        <subtype name="activation" value="--&gt;"/>
    </relation>
    <relation entry1="47" entry2="46" type="PPrel">
        <subtype name="activation" value="--&gt;"/>
    </relation>
    <relation entry1="46" entry2="41" type="PPrel">
        <subtype name="activation" value="--&gt;"/>
    </relation>
    <relation entry1="46" entry2="27" type="PPrel">
        <subtype name="activation" value="--&gt;"/>
    </relation>
    <relation entry1="27" entry2="26" type="PPrel">
        <subtype name="activation" value="--&gt;"/>
    </relation>
    <relation entry1="41" entry2="35" type="PPrel">
        <subtype name="activation" value="--&gt;"/>
    </relation>
    <relation entry1="69" entry2="68" type="PPrel">
        <subtype name="activation" value="--&gt;"/>
    </relation>
    <relation entry1="68" entry2="66" type="PPrel">
        <subtype name="activation" value="--&gt;"/>
    </relation>
    <relation entry1="66" entry2="53" type="PPrel">
        <subtype name="activation" value="--&gt;"/>
    </relation>
    <relation entry1="66" entry2="54" type="PPrel">
        <subtype name="activation" value="--&gt;"/>
    </relation>
    <relation entry1="66" entry2="55" type="PPrel">
        <subtype name="activation" value="--&gt;"/>
    </relation>
    <relation entry1="64" entry2="63" type="PPrel">
        <subtype name="activation" value="--&gt;"/>
    </relation>
    <relation entry1="64" entry2="84" type="PPrel">
        <subtype name="activation" value="--&gt;"/>
    </relation>
    <relation entry1="62" entry2="58" type="PPrel">
        <subtype name="activation" value="--&gt;"/>
    </relation>
    <relation entry1="58" entry2="57" type="PPrel">
        <subtype name="activation" value="--&gt;"/>
    </relation>
    <relation entry1="57" entry2="44" type="PPrel">
        <subtype name="activation" value="--&gt;"/>
    </relation>
    <relation entry1="44" entry2="42" type="PPrel">
        <subtype name="activation" value="--&gt;"/>
    </relation>
    <relation entry1="45" entry2="48" type="PPrel">
        <subtype name="activation" value="--&gt;"/>
    </relation>
    <relation entry1="44" entry2="48" type="PPrel">
        <subtype name="activation" value="--&gt;"/>
    </relation>
    <relation entry1="44" entry2="40" type="PPrel">
        <subtype name="activation" value="--&gt;"/>
    </relation>
    <relation entry1="44" entry2="14" type="PPrel">
        <subtype name="activation" value="--&gt;"/>
    </relation>
    <relation entry1="40" entry2="39" type="PPrel">
        <subtype name="activation" value="--&gt;"/>
    </relation>
    <relation entry1="39" entry2="38" type="PPrel">
        <subtype name="activation" value="--&gt;"/>
    </relation>
    <relation entry1="14" entry2="8" type="PPrel">
        <subtype name="activation" value="--&gt;"/>
    </relation>
    <relation entry1="13" entry2="15" type="PPrel">
        <subtype name="activation" value="--&gt;"/>
    </relation>
    <relation entry1="15" entry2="45" type="PPrel">
        <subtype name="activation" value="--&gt;"/>
    </relation>
    <relation entry1="85" entry2="83" type="PPrel">
        <subtype name="activation" value="--&gt;"/>
    </relation>
    <relation entry1="45" entry2="19" type="PPrel">
        <subtype name="activation" value="--&gt;"/>
    </relation>
    <relation entry1="19" entry2="10" type="PPrel">
        <subtype name="activation" value="--&gt;"/>
    </relation>
    <relation entry1="10" entry2="83" type="PPrel">
        <subtype name="activation" value="--&gt;"/>
    </relation>
    <relation entry1="33" entry2="31" type="PPrel">
        <subtype name="activation" value="--&gt;"/>
    </relation>
    <relation entry1="84" entry2="56" type="PPrel">
        <subtype name="activation" value="--&gt;"/>
    </relation>
    <relation entry1="56" entry2="45" type="PPrel">
        <subtype name="activation" value="--&gt;"/>
    </relation>
    <relation entry1="45" entry2="42" type="PPrel">
        <subtype name="activation" value="--&gt;"/>
    </relation>
    <relation entry1="53" entry2="52" type="PPrel">
        <subtype name="phosphorylation" value="+p"/>
    </relation>
    <relation entry1="52" entry2="51" type="PPrel">
        <subtype name="phosphorylation" value="+p"/>
    </relation>
    <relation entry1="41" entry2="33" type="PPrel">
        <subtype name="phosphorylation" value="+p"/>
    </relation>
    <relation entry1="41" entry2="28" type="PPrel">
        <subtype name="phosphorylation" value="+p"/>
    </relation>
    <relation entry1="42" entry2="43" type="PPrel">
        <subtype name="phosphorylation" value="+p"/>
    </relation>
    <relation entry1="63" entry2="49" type="PPrel">
        <subtype name="phosphorylation" value="+p"/>
    </relation>
    <relation entry1="42" entry2="22" type="PPrel">
        <subtype name="phosphorylation" value="+p"/>
    </relation>
    <relation entry1="41" entry2="22" type="PPrel">
        <subtype name="phosphorylation" value="+p"/>
    </relation>
    <relation entry1="51" entry2="41" type="PPrel">
        <subtype name="inhibition" value="--|"/>
        <subtype name="phosphorylation" value="+p"/>
    </relation>
    <relation entry1="41" entry2="34" type="PPrel">
        <subtype name="inhibition" value="--|"/>
        <subtype name="phosphorylation" value="+p"/>
    </relation>
    <relation entry1="42" entry2="36" type="PPrel">
        <subtype name="inhibition" value="--|"/>
        <subtype name="phosphorylation" value="+p"/>
    </relation>
    <relation entry1="36" entry2="35" type="PPrel">
        <subtype name="phosphorylation" value="+p"/>
    </relation>
    <relation entry1="22" entry2="21" type="PPrel">
        <subtype name="inhibition" value="--|"/>
        <subtype name="phosphorylation" value="+p"/>
    </relation>
    <relation entry1="20" entry2="21" type="PPrel">
        <subtype name="dephosphorylation" value="-p"/>
    </relation>
    <relation entry1="34" entry2="35" type="PPrel">
        <subtype name="inhibition" value="--|"/>
        <subtype name="dephosphorylation" value="-p"/>
    </relation>
    <relation entry1="43" entry2="37" type="PPrel">
        <subtype name="activation" value="--&gt;"/>
    </relation>
    <relation entry1="37" entry2="32" type="PPrel">
        <subtype name="inhibition" value="--|"/>
    </relation>
    <relation entry1="80" entry2="26" type="PPrel">
        <subtype name="binding/association" value="---"/>
    </relation>
    <relation entry1="81" entry2="80" type="PPrel">
        <subtype name="binding/association" value="---"/>
    </relation>
    <relation entry1="81" entry2="35" type="PPrel">
        <subtype name="binding/association" value="---"/>
    </relation>
    <relation entry1="82" entry2="21" type="PPrel">
        <subtype name="binding/association" value="---"/>
    </relation>
    <relation entry1="82" entry2="83" type="PPrel">
        <subtype name="binding/association" value="---"/>
    </relation>
    <relation entry1="82" entry2="9" type="PPrel">
        <subtype name="binding/association" value="---"/>
    </relation>
    <relation entry1="82" entry2="7" type="PPrel">
        <subtype name="binding/association" value="---"/>
    </relation>
    <relation entry1="79" entry2="8" type="PPrel">
        <subtype name="binding/association" value="---"/>
    </relation>
    <relation entry1="49" entry2="46" type="PPrel">
        <subtype name="inhibition" value="--|"/>
    </relation>
    <relation entry1="43" entry2="47" type="PPrel">
        <subtype name="inhibition" value="--|"/>
    </relation>
    <relation entry1="46" entry2="45" type="PPrel">
        <subtype name="inhibition" value="--|"/>
    </relation>
    <relation entry1="25" entry2="23" type="PPrel">
        <subtype name="inhibition" value="--|"/>
    </relation>
    <relation entry1="55" entry2="45" type="PPrel">
        <subtype name="activation" value="--&gt;"/>
    </relation>
    <relation entry1="43" entry2="45" type="PPrel">
        <subtype name="activation" value="--&gt;"/>
    </relation>
    <relation entry1="58" entry2="42" type="PPrel">
        <subtype name="activation" value="--&gt;"/>
    </relation>
    <relation entry1="45" entry2="86" type="PPrel">
        <subtype name="inhibition" value="--|"/>
    </relation>
    <relation entry1="86" entry2="85" type="PPrel">
        <subtype name="inhibition" value="--|"/>
    </relation>
    <relation entry1="82" entry2="8" type="PPrel">
        <subtype name="binding/association" value="---"/>
    </relation>
    <relation entry1="50" entry2="45" type="PPrel">
        <subtype name="activation" value="--&gt;"/>
    </relation>
</pathway>
