<?xml version="1.0"?>
<!DOCTYPE pathway SYSTEM "http://www.kegg.jp/kegg/xml/KGML_v0.7.2_.dtd">
<!-- Creation date: May 14, 2014 13:41:21 +0900 (GMT+09:00) -->
<pathway name="path:mmu03050" org="mmu" number="03050"
         title="Proteasome"
         image="http://www.kegg.jp/kegg/pathway/mmu/mmu03050.png"
         link="http://www.kegg.jp/kegg-bin/show_pathway?mmu03050">
    <entry id="1" name="mmu:15978" type="gene"
        link="http://www.kegg.jp/dbget-bin/www_bget?mmu:15978">
        <graphics name="Ifng, IFN-g, Ifg" fgcolor="#000000" bgcolor="#BFFFBF"
             type="rectangle" x="342" y="653" width="46" height="17"/>
    </entry>
    <entry id="2" name="mmu:22123" type="gene"
        link="http://www.kegg.jp/dbget-bin/www_bget?mmu:22123">
        <graphics name="Psmd3, AI255837, AntP91a, D11Bwg1349e, Psd3, Tstap91a" fgcolor="#000000" bgcolor="#BFFFBF"
             type="rectangle" x="693" y="106" width="46" height="17"/>
    </entry>
    <entry id="3" name="mmu:66997" type="gene"
        link="http://www.kegg.jp/dbget-bin/www_bget?mmu:66997">
        <graphics name="Psmd12, 1500002F15Rik, AI480719, P55" fgcolor="#000000" bgcolor="#BFFFBF"
             type="rectangle" x="739" y="106" width="46" height="17"/>
    </entry>
    <entry id="4" name="mmu:69077" type="gene"
        link="http://www.kegg.jp/dbget-bin/www_bget?mmu:69077">
        <graphics name="Psmd11, 1700089D09Rik, 1810019E17Rik, 2610024G20Rik, 2810055C24Rik, C78232, P44.5, S9" fgcolor="#000000" bgcolor="#BFFFBF"
             type="rectangle" x="784" y="106" width="46" height="17"/>
    </entry>
    <entry id="5" name="mmu:66413" type="gene"
        link="http://www.kegg.jp/dbget-bin/www_bget?mmu:66413">
        <graphics name="Psmd6, 2400006A19Rik" fgcolor="#000000" bgcolor="#BFFFBF"
             type="rectangle" x="830" y="106" width="46" height="17"/>
    </entry>
    <entry id="6" name="mmu:17463" type="gene"
        link="http://www.kegg.jp/dbget-bin/www_bget?mmu:17463">
        <graphics name="Psmd7, AW107203, Mov-34, Mov34" fgcolor="#000000" bgcolor="#BFFFBF"
             type="rectangle" x="693" y="123" width="46" height="17"/>
    </entry>
    <entry id="7" name="mmu:23997" type="gene"
        link="http://www.kegg.jp/dbget-bin/www_bget?mmu:23997">
        <graphics name="Psmd13, S11" fgcolor="#000000" bgcolor="#BFFFBF"
             type="rectangle" x="739" y="123" width="46" height="17"/>
    </entry>
    <entry id="8" name="mmu:59029" type="gene"
        link="http://www.kegg.jp/dbget-bin/www_bget?mmu:59029">
        <graphics name="Psmd14, 2610312C03Rik, 3200001M20Rik, AA986732, Pad1, Poh1, rpm11" fgcolor="#000000" bgcolor="#BFFFBF"
             type="rectangle" x="785" y="123" width="46" height="17"/>
    </entry>
    <entry id="9" name="mmu:57296" type="gene"
        link="http://www.kegg.jp/dbget-bin/www_bget?mmu:57296">
        <graphics name="Psmd8, 6720456J22Rik, AA407360, AL033291, AL033322, AL033323, C76433" fgcolor="#000000" bgcolor="#BFFFBF"
             type="rectangle" x="830" y="123" width="46" height="17"/>
    </entry>
    <entry id="10" name="mmu:20422" type="gene"
        link="http://www.kegg.jp/dbget-bin/www_bget?mmu:20422">
        <graphics name="Shfm1, DSS1, Shfdg1, Shfg" fgcolor="#000000" bgcolor="#BFFFBF"
             type="rectangle" x="876" y="123" width="46" height="17"/>
    </entry>
    <entry id="11" name="mmu:19185" type="gene"
        link="http://www.kegg.jp/dbget-bin/www_bget?mmu:19185">
        <graphics name="Psmd4, Af1, Mcb1, angiocidin" fgcolor="#000000" bgcolor="#BFFFBF"
             type="rectangle" x="693" y="153" width="46" height="17"/>
    </entry>
    <entry id="12" name="mmu:21762" type="gene"
        link="http://www.kegg.jp/dbget-bin/www_bget?mmu:21762">
        <graphics name="Psmd2, 9430095H01Rik, AA407121, TEG-190, Tex190" fgcolor="#000000" bgcolor="#BFFFBF"
             type="rectangle" x="693" y="204" width="46" height="17"/>
    </entry>
    <entry id="13" name="mmu:70247" type="gene"
        link="http://www.kegg.jp/dbget-bin/www_bget?mmu:70247">
        <graphics name="Psmd1, 2410026J11Rik, P112, S1" fgcolor="#000000" bgcolor="#BFFFBF"
             type="rectangle" x="739" y="204" width="46" height="17"/>
    </entry>
    <entry id="14" name="mmu:56436" type="gene"
        link="http://www.kegg.jp/dbget-bin/www_bget?mmu:56436">
        <graphics name="Adrm1, 1110063P18Rik, 2510006J17Rik, AA408205, ARM-1, AU043535, Arm1, Gp110, Rpn13" fgcolor="#000000" bgcolor="#BFFFBF"
             type="rectangle" x="785" y="204" width="46" height="17"/>
    </entry>
    <entry id="15" name="mmu:19181" type="gene"
        link="http://www.kegg.jp/dbget-bin/www_bget?mmu:19181">
        <graphics name="Psmc2" fgcolor="#000000" bgcolor="#BFFFBF"
             type="rectangle" x="693" y="221" width="46" height="17"/>
    </entry>
    <entry id="16" name="mmu:19179" type="gene"
        link="http://www.kegg.jp/dbget-bin/www_bget?mmu:19179">
        <graphics name="Psmc1, AI325227, P26s4, Rpt2/S4, S4, rpt2" fgcolor="#000000" bgcolor="#BFFFBF"
             type="rectangle" x="739" y="221" width="46" height="17"/>
    </entry>
    <entry id="17" name="mmu:23996" type="gene"
        link="http://www.kegg.jp/dbget-bin/www_bget?mmu:23996">
        <graphics name="Psmc4, CIP21, MIP224" fgcolor="#000000" bgcolor="#BFFFBF"
             type="rectangle" x="922" y="221" width="46" height="17"/>
    </entry>
    <entry id="18" name="mmu:67089" type="gene"
        link="http://www.kegg.jp/dbget-bin/www_bget?mmu:67089">
        <graphics name="Psmc6, 2300001E01Rik, AI451058" fgcolor="#000000" bgcolor="#BFFFBF"
             type="rectangle" x="830" y="221" width="46" height="17"/>
    </entry>
    <entry id="19" name="mmu:19182" type="gene"
        link="http://www.kegg.jp/dbget-bin/www_bget?mmu:19182">
        <graphics name="Psmc3, TBP-1" fgcolor="#000000" bgcolor="#BFFFBF"
             type="rectangle" x="876" y="221" width="46" height="17"/>
    </entry>
    <entry id="20" name="mmu:19184" type="gene"
        link="http://www.kegg.jp/dbget-bin/www_bget?mmu:19184">
        <graphics name="Psmc5, mSUG1" fgcolor="#000000" bgcolor="#BFFFBF"
             type="rectangle" x="785" y="221" width="46" height="17"/>
    </entry>
    <entry id="21" name="mmu:19186" type="gene"
        link="http://www.kegg.jp/dbget-bin/www_bget?mmu:19186">
        <graphics name="Psme1, AW413925, PA28a" fgcolor="#000000" bgcolor="#BFFFBF"
             type="rectangle" x="971" y="122" width="46" height="17"/>
    </entry>
    <entry id="22" name="mmu:19188 mmu:621823" type="gene"
        link="http://www.kegg.jp/dbget-bin/www_bget?mmu:19188+mmu:621823">
        <graphics name="Psme2, AA589371, AI788882, PA28b..." fgcolor="#000000" bgcolor="#BFFFBF"
             type="rectangle" x="1017" y="122" width="46" height="17"/>
    </entry>
    <entry id="23" name="mmu:19192" type="gene"
        link="http://www.kegg.jp/dbget-bin/www_bget?mmu:19192">
        <graphics name="Psme3, AA410043, AU020960, Ki, PA28gamma, REGgamma, pa28g" fgcolor="#000000" bgcolor="#BFFFBF"
             type="rectangle" x="1086" y="124" width="46" height="17"/>
    </entry>
    <entry id="24" name="mmu:103554" type="gene"
        link="http://www.kegg.jp/dbget-bin/www_bget?mmu:103554">
        <graphics name="Psme4, AA409398, AU041366, TEMO, mKIAA0077" fgcolor="#000000" bgcolor="#BFFFBF"
             type="rectangle" x="993" y="220" width="46" height="17"/>
    </entry>
    <entry id="25" name="mmu:26443" type="gene"
        link="http://www.kegg.jp/dbget-bin/www_bget?mmu:26443">
        <graphics name="Psma6, IOTA" fgcolor="#000000" bgcolor="#BFFFBF"
             type="rectangle" x="699" y="403" width="46" height="17"/>
    </entry>
    <entry id="26" name="mmu:19166" type="gene"
        link="http://www.kegg.jp/dbget-bin/www_bget?mmu:19166">
        <graphics name="Psma2, Lmpc3" fgcolor="#000000" bgcolor="#BFFFBF"
             type="rectangle" x="745" y="403" width="46" height="17"/>
    </entry>
    <entry id="27" name="mmu:26441" type="gene"
        link="http://www.kegg.jp/dbget-bin/www_bget?mmu:26441">
        <graphics name="Psma4, C9" fgcolor="#000000" bgcolor="#BFFFBF"
             type="rectangle" x="791" y="403" width="46" height="17"/>
    </entry>
    <entry id="28" name="mmu:26444 mmu:73677" type="gene"
        link="http://www.kegg.jp/dbget-bin/www_bget?mmu:26444+mmu:73677">
        <graphics name="Psma7, C6-I..." fgcolor="#000000" bgcolor="#BFFFBF"
             type="rectangle" x="837" y="403" width="46" height="17"/>
    </entry>
    <entry id="29" name="mmu:26442" type="gene"
        link="http://www.kegg.jp/dbget-bin/www_bget?mmu:26442">
        <graphics name="Psma5, ZETA" fgcolor="#000000" bgcolor="#BFFFBF"
             type="rectangle" x="883" y="403" width="46" height="17"/>
    </entry>
    <entry id="30" name="mmu:26440" type="gene"
        link="http://www.kegg.jp/dbget-bin/www_bget?mmu:26440">
        <graphics name="Psma1, C2, HC2, Pros-30, alpha-type" fgcolor="#000000" bgcolor="#BFFFBF"
             type="rectangle" x="929" y="403" width="46" height="17"/>
    </entry>
    <entry id="31" name="mmu:19167" type="gene"
        link="http://www.kegg.jp/dbget-bin/www_bget?mmu:19167">
        <graphics name="Psma3, Lmpc8" fgcolor="#000000" bgcolor="#BFFFBF"
             type="rectangle" x="975" y="403" width="46" height="17"/>
    </entry>
    <entry id="32" name="mmu:19175" type="gene"
        link="http://www.kegg.jp/dbget-bin/www_bget?mmu:19175">
        <graphics name="Psmb6, Lmp19, Mpnd" fgcolor="#000000" bgcolor="#BFFFBF"
             type="rectangle" x="699" y="420" width="46" height="17"/>
    </entry>
    <entry id="33" name="mmu:19177" type="gene"
        link="http://www.kegg.jp/dbget-bin/www_bget?mmu:19177">
        <graphics name="Psmb7, AU020723, MC14" fgcolor="#000000" bgcolor="#BFFFBF"
             type="rectangle" x="745" y="420" width="46" height="17"/>
    </entry>
    <entry id="34" name="mmu:26446" type="gene"
        link="http://www.kegg.jp/dbget-bin/www_bget?mmu:26446">
        <graphics name="Psmb3, AL033320, C10-II" fgcolor="#000000" bgcolor="#BFFFBF"
             type="rectangle" x="791" y="420" width="46" height="17"/>
    </entry>
    <entry id="35" name="mmu:26445" type="gene"
        link="http://www.kegg.jp/dbget-bin/www_bget?mmu:26445">
        <graphics name="Psmb2, AU045357, AW108089, C7-I, D4Wsu33e, HC7-I" fgcolor="#000000" bgcolor="#BFFFBF"
             type="rectangle" x="837" y="420" width="46" height="17"/>
    </entry>
    <entry id="36" name="mmu:19173" type="gene"
        link="http://www.kegg.jp/dbget-bin/www_bget?mmu:19173">
        <graphics name="Psmb5" fgcolor="#000000" bgcolor="#BFFFBF"
             type="rectangle" x="883" y="420" width="46" height="17"/>
    </entry>
    <entry id="37" name="mmu:19170" type="gene"
        link="http://www.kegg.jp/dbget-bin/www_bget?mmu:19170">
        <graphics name="Psmb1, AA409053, C81484, Lmpc5" fgcolor="#000000" bgcolor="#BFFFBF"
             type="rectangle" x="929" y="420" width="46" height="17"/>
    </entry>
    <entry id="38" name="mmu:19172" type="gene"
        link="http://www.kegg.jp/dbget-bin/www_bget?mmu:19172">
        <graphics name="Psmb4, Pros-27" fgcolor="#000000" bgcolor="#BFFFBF"
             type="rectangle" x="975" y="420" width="46" height="17"/>
    </entry>
    <entry id="39" name="mmu:16912" type="gene"
        link="http://www.kegg.jp/dbget-bin/www_bget?mmu:16912">
        <graphics name="Psmb9, Lmp-2, Lmp2" fgcolor="#000000" bgcolor="#BFFFBF"
             type="rectangle" x="699" y="487" width="46" height="17"/>
    </entry>
    <entry id="40" name="mmu:19171" type="gene"
        link="http://www.kegg.jp/dbget-bin/www_bget?mmu:19171">
        <graphics name="Psmb10, Mecl-1, Mecl1" fgcolor="#000000" bgcolor="#BFFFBF"
             type="rectangle" x="759" y="487" width="46" height="17"/>
    </entry>
    <entry id="41" name="mmu:16913" type="gene"
        link="http://www.kegg.jp/dbget-bin/www_bget?mmu:16913">
        <graphics name="Psmb8, Lmp-7, Lmp7" fgcolor="#000000" bgcolor="#BFFFBF"
             type="rectangle" x="815" y="487" width="46" height="17"/>
    </entry>
    <entry id="42" name="mmu:73902" type="gene"
        link="http://www.kegg.jp/dbget-bin/www_bget?mmu:73902">
        <graphics name="Psmb11, 5830406J20Rik, beta5t" fgcolor="#000000" bgcolor="#BFFFBF"
             type="rectangle" x="929" y="487" width="46" height="17"/>
    </entry>
    <entry id="43" name="ko:K03432" type="ortholog"
        link="http://www.kegg.jp/dbget-bin/www_bget?K03432">
        <graphics name="K03432" fgcolor="#000000" bgcolor="#FFFFFF"
             type="rectangle" x="699" y="561" width="46" height="17"/>
    </entry>
    <entry id="44" name="ko:K03433" type="ortholog"
        link="http://www.kegg.jp/dbget-bin/www_bget?K03433">
        <graphics name="K03433" fgcolor="#000000" bgcolor="#FFFFFF"
             type="rectangle" x="699" y="578" width="46" height="17"/>
    </entry>
    <entry id="45" name="ko:K03420" type="ortholog"
        link="http://www.kegg.jp/dbget-bin/www_bget?K03420">
        <graphics name="K03420" fgcolor="#000000" bgcolor="#FFFFFF"
             type="rectangle" x="993" y="304" width="46" height="17"/>
    </entry>
    <entry id="46" name="path:mmu04120" type="map"
        link="http://www.kegg.jp/dbget-bin/www_bget?mmu04120">
        <graphics name="Ubiquitin mediated proteolysis" fgcolor="#000000" bgcolor="#FFFFFF"
             type="roundrectangle" x="126" y="448" width="128" height="34"/>
    </entry>
    <entry id="47" name="path:mmu03050" type="map"
        link="http://www.kegg.jp/dbget-bin/www_bget?mmu03050">
        <graphics name="TITLE:Proteasome" fgcolor="#000000" bgcolor="#FFFFFF"
             type="roundrectangle" x="102" y="58" width="124" height="25"/>
    </entry>
    <entry id="48" name="mmu:228769" type="gene"
        link="http://www.kegg.jp/dbget-bin/www_bget?mmu:228769">
        <graphics name="Psmf1, AW048666, BC012260, PI31" fgcolor="#000000" bgcolor="#BFFFBF"
             type="rectangle" x="393" y="845" width="46" height="17"/>
    </entry>
    <entry id="49" name="mmu:66537" type="gene"
        link="http://www.kegg.jp/dbget-bin/www_bget?mmu:66537">
        <graphics name="Pomp, 2510048O06Rik, Ump1" fgcolor="#000000" bgcolor="#BFFFBF"
             type="rectangle" x="343" y="813" width="46" height="17"/>
    </entry>
    <entry id="50" name="mmu:16912" type="gene"
        link="http://www.kegg.jp/dbget-bin/www_bget?mmu:16912">
        <graphics name="Psmb9, Lmp-2, Lmp2" fgcolor="#000000" bgcolor="#BFFFBF"
             type="rectangle" x="293" y="693" width="46" height="17"/>
    </entry>
    <entry id="51" name="mmu:19171" type="gene"
        link="http://www.kegg.jp/dbget-bin/www_bget?mmu:19171">
        <graphics name="Psmb10, Mecl-1, Mecl1" fgcolor="#000000" bgcolor="#BFFFBF"
             type="rectangle" x="343" y="693" width="46" height="17"/>
    </entry>
    <entry id="52" name="mmu:16913" type="gene"
        link="http://www.kegg.jp/dbget-bin/www_bget?mmu:16913">
        <graphics name="Psmb8, Lmp-7, Lmp7" fgcolor="#000000" bgcolor="#BFFFBF"
             type="rectangle" x="393" y="693" width="46" height="17"/>
    </entry>
    <entry id="53" name="mmu:19186" type="gene"
        link="http://www.kegg.jp/dbget-bin/www_bget?mmu:19186">
        <graphics name="Psme1, AW413925, PA28a" fgcolor="#000000" bgcolor="#BFFFBF"
             type="rectangle" x="343" y="756" width="46" height="17"/>
    </entry>
    <entry id="54" name="mmu:19188 mmu:621823" type="gene"
        link="http://www.kegg.jp/dbget-bin/www_bget?mmu:19188+mmu:621823">
        <graphics name="Psme2, AA589371, AI788882, PA28b..." fgcolor="#000000" bgcolor="#BFFFBF"
             type="rectangle" x="343" y="773" width="46" height="17"/>
    </entry>
    <entry id="55" name="ko:K13527" type="ortholog"
        link="http://www.kegg.jp/dbget-bin/www_bget?K13527">
        <graphics name="K13527" fgcolor="#000000" bgcolor="#FFFFFF"
             type="rectangle" x="762" y="304" width="46" height="17"/>
    </entry>
</pathway>
