<?xml version="1.0"?>
<!DOCTYPE pathway SYSTEM "http://www.kegg.jp/kegg/xml/KGML_v0.7.2_.dtd">
<!-- Creation date: Jun 16, 2015 15:41:14 +0900 (GMT+9) -->
<pathway name="path:mmu00190" org="mmu" number="00190"
         title="Oxidative phosphorylation"
         image="http://www.kegg.jp/kegg/pathway/mmu/mmu00190.png"
         link="http://www.kegg.jp/kegg-bin/show_pathway?mmu00190">
    <entry id="1" name="mmu:12857 mmu:84682" type="gene"
        link="http://www.kegg.jp/dbget-bin/www_bget?mmu:12857+mmu:84682">
        <graphics name="Cox4i1, AL024441, COX, COX_IV-1, COXIV, Cox4, Cox4a, IV-1..." fgcolor="#000000" bgcolor="#BFFFBF"
             type="rectangle" x="320" y="755" width="46" height="17"/>
    </entry>
    <entry id="2" name="cpd:C00061" type="compound"
        link="http://www.kegg.jp/dbget-bin/www_bget?C00061">
        <graphics name="C00061" fgcolor="#000000" bgcolor="none"
             type="circle" x="188" y="372" width="14" height="14"/>
    </entry>
    <entry id="3" name="cpd:C00390" type="compound"
        link="http://www.kegg.jp/dbget-bin/www_bget?C00390">
        <graphics name="C00390" fgcolor="none" bgcolor="none"
             type="circle" x="568" y="277" width="38" height="38"/>
    </entry>
    <entry id="4" name="cpd:C00399" type="compound"
        link="http://www.kegg.jp/dbget-bin/www_bget?C00399">
        <graphics name="C00399" fgcolor="none" bgcolor="none"
             type="circle" x="532" y="248" width="30" height="30"/>
    </entry>
    <entry id="5" name="cpd:C00524" type="compound"
        link="http://www.kegg.jp/dbget-bin/www_bget?C00524">
        <graphics name="C00524" fgcolor="none" bgcolor="none"
             type="circle" x="768" y="198" width="36" height="36"/>
    </entry>
    <entry id="6" name="mmu:68197" type="gene"
        link="http://www.kegg.jp/dbget-bin/www_bget?mmu:68197">
        <graphics name="Ndufc2, 1810004I06Rik, 2010300P09Rik, G1, R75094" fgcolor="#000000" bgcolor="#BFFFBF"
             type="rectangle" x="642" y="614" width="46" height="17"/>
    </entry>
    <entry id="7" name="mmu:66377" type="gene"
        link="http://www.kegg.jp/dbget-bin/www_bget?mmu:66377">
        <graphics name="Ndufc1, 2310016K22Rik, KFYI" fgcolor="#000000" bgcolor="#BFFFBF"
             type="rectangle" x="596" y="614" width="46" height="17"/>
    </entry>
    <entry id="8" name="mmu:68342" type="gene"
        link="http://www.kegg.jp/dbget-bin/www_bget?mmu:68342">
        <graphics name="Ndufb10, 0610011B04Rik, 22kDa, PDSW" fgcolor="#000000" bgcolor="#BFFFBF"
             type="rectangle" x="504" y="614" width="46" height="17"/>
    </entry>
    <entry id="9" name="mmu:66218" type="gene"
        link="http://www.kegg.jp/dbget-bin/www_bget?mmu:66218">
        <graphics name="Ndufb9, 1190008J14Rik" fgcolor="#000000" bgcolor="#BFFFBF"
             type="rectangle" x="458" y="614" width="46" height="17"/>
    </entry>
    <entry id="10" name="mmu:67264" type="gene"
        link="http://www.kegg.jp/dbget-bin/www_bget?mmu:67264">
        <graphics name="Ndufb8, 2900010I05Rik, AI987932" fgcolor="#000000" bgcolor="#BFFFBF"
             type="rectangle" x="412" y="614" width="46" height="17"/>
    </entry>
    <entry id="11" name="mmu:66916" type="gene"
        link="http://www.kegg.jp/dbget-bin/www_bget?mmu:66916">
        <graphics name="Ndufb7, 1110002H15Rik" fgcolor="#000000" bgcolor="#BFFFBF"
             type="rectangle" x="366" y="614" width="46" height="17"/>
    </entry>
    <entry id="12" name="mmu:230075" type="gene"
        link="http://www.kegg.jp/dbget-bin/www_bget?mmu:230075">
        <graphics name="Ndufb6, CI-B17, Gm137" fgcolor="#000000" bgcolor="#BFFFBF"
             type="rectangle" x="320" y="614" width="46" height="17"/>
    </entry>
    <entry id="13" name="mmu:66046" type="gene"
        link="http://www.kegg.jp/dbget-bin/www_bget?mmu:66046">
        <graphics name="Ndufb5, 0610007D05Rik, AU015782, CI-SGDH, SGDH" fgcolor="#000000" bgcolor="#BFFFBF"
             type="rectangle" x="274" y="614" width="46" height="17"/>
    </entry>
    <entry id="14" name="mmu:100041273 mmu:100042503 mmu:68194" type="gene"
        link="http://www.kegg.jp/dbget-bin/www_bget?mmu:100041273+mmu:100042503+mmu:68194">
        <graphics name="Gm3244..." fgcolor="#000000" bgcolor="#BFFFBF"
             type="rectangle" x="228" y="614" width="46" height="17"/>
    </entry>
    <entry id="15" name="mmu:66495" type="gene"
        link="http://www.kegg.jp/dbget-bin/www_bget?mmu:66495">
        <graphics name="Ndufb3, 2700033I16Rik, CI-B12" fgcolor="#000000" bgcolor="#BFFFBF"
             type="rectangle" x="182" y="614" width="46" height="17"/>
    </entry>
    <entry id="16" name="mmu:68198" type="gene"
        link="http://www.kegg.jp/dbget-bin/www_bget?mmu:68198">
        <graphics name="Ndufb2, 1810011O01Rik, 8kDa, AGGG, AI325567, CI-AGGG" fgcolor="#000000" bgcolor="#BFFFBF"
             type="rectangle" x="136" y="614" width="46" height="17"/>
    </entry>
    <entry id="17" name="ko:K03957" type="ortholog"
        link="http://www.kegg.jp/dbget-bin/www_bget?K03957">
        <graphics name="K03957" fgcolor="#000000" bgcolor="#FFFFFF"
             type="rectangle" x="90" y="614" width="46" height="17"/>
    </entry>
    <entry id="18" name="mmu:239760 mmu:69875" type="gene"
        link="http://www.kegg.jp/dbget-bin/www_bget?mmu:239760+mmu:69875">
        <graphics name="Gm4943, EG239760..." fgcolor="#000000" bgcolor="#BFFFBF"
             type="rectangle" x="596" y="590" width="46" height="17"/>
    </entry>
    <entry id="19" name="mmu:70316" type="gene"
        link="http://www.kegg.jp/dbget-bin/www_bget?mmu:70316">
        <graphics name="Ndufab1, 2210401F17Rik, 2310039H15Rik, 2610003B19Rik, 8kDa, 9130423F15Rik, ACP, CI-SDAP, SDAP" fgcolor="#000000" bgcolor="#BFFFBF"
             type="rectangle" x="550" y="590" width="46" height="17"/>
    </entry>
    <entry id="20" name="mmu:67273" type="gene"
        link="http://www.kegg.jp/dbget-bin/www_bget?mmu:67273">
        <graphics name="Ndufa10, 2900053E13Rik" fgcolor="#000000" bgcolor="#BFFFBF"
             type="rectangle" x="504" y="590" width="46" height="17"/>
    </entry>
    <entry id="21" name="mmu:66108" type="gene"
        link="http://www.kegg.jp/dbget-bin/www_bget?mmu:66108">
        <graphics name="Ndufa9, 1010001N11Rik" fgcolor="#000000" bgcolor="#BFFFBF"
             type="rectangle" x="458" y="590" width="46" height="17"/>
    </entry>
    <entry id="22" name="mmu:68375" type="gene"
        link="http://www.kegg.jp/dbget-bin/www_bget?mmu:68375">
        <graphics name="Ndufa8, 0610033L03Rik, AW261656" fgcolor="#000000" bgcolor="#BFFFBF"
             type="rectangle" x="412" y="590" width="46" height="17"/>
    </entry>
    <entry id="23" name="mmu:66416" type="gene"
        link="http://www.kegg.jp/dbget-bin/www_bget?mmu:66416">
        <graphics name="Ndufa7, 14.5kDa, 2400007M02Rik, CI-B14.5a" fgcolor="#000000" bgcolor="#BFFFBF"
             type="rectangle" x="366" y="590" width="46" height="17"/>
    </entry>
    <entry id="24" name="mmu:67130" type="gene"
        link="http://www.kegg.jp/dbget-bin/www_bget?mmu:67130">
        <graphics name="Ndufa6, 14kDa, 2700038D15Rik, B230217P19Rik" fgcolor="#000000" bgcolor="#BFFFBF"
             type="rectangle" x="320" y="590" width="46" height="17"/>
    </entry>
    <entry id="25" name="mmu:68202" type="gene"
        link="http://www.kegg.jp/dbget-bin/www_bget?mmu:68202">
        <graphics name="Ndufa5, 2900002J19Rik" fgcolor="#000000" bgcolor="#BFFFBF"
             type="rectangle" x="274" y="590" width="46" height="17"/>
    </entry>
    <entry id="26" name="mmu:17992 mmu:407790" type="gene"
        link="http://www.kegg.jp/dbget-bin/www_bget?mmu:17992+mmu:407790">
        <graphics name="Ndufa4, MLRQ..." fgcolor="#000000" bgcolor="#BFFFBF"
             type="rectangle" x="228" y="590" width="46" height="17"/>
    </entry>
    <entry id="27" name="mmu:66091" type="gene"
        link="http://www.kegg.jp/dbget-bin/www_bget?mmu:66091">
        <graphics name="Ndufa3, 1010001M12Rik, 1700022J01Rik" fgcolor="#000000" bgcolor="#BFFFBF"
             type="rectangle" x="182" y="590" width="46" height="17"/>
    </entry>
    <entry id="28" name="mmu:17991" type="gene"
        link="http://www.kegg.jp/dbget-bin/www_bget?mmu:17991">
        <graphics name="Ndufa2, AV000592, B8, C1-B8, CI-B8" fgcolor="#000000" bgcolor="#BFFFBF"
             type="rectangle" x="136" y="590" width="46" height="17"/>
    </entry>
    <entry id="29" name="mmu:54405" type="gene"
        link="http://www.kegg.jp/dbget-bin/www_bget?mmu:54405">
        <graphics name="Ndufa1, 1810049F12Rik, MWFE" fgcolor="#000000" bgcolor="#BFFFBF"
             type="rectangle" x="90" y="590" width="46" height="17"/>
    </entry>
    <entry id="31" name="cpd:C00080" type="compound"
        link="http://www.kegg.jp/dbget-bin/www_bget?C00080">
        <graphics name="C00080" fgcolor="#000000" bgcolor="#FFFFFF"
             type="circle" x="283" y="314" width="8" height="8"/>
    </entry>
    <entry id="32" name="cpd:C00080" type="compound"
        link="http://www.kegg.jp/dbget-bin/www_bget?C00080">
        <graphics name="C00080" fgcolor="#000000" bgcolor="#FFFFFF"
             type="circle" x="307" y="314" width="8" height="8"/>
    </entry>
    <entry id="33" name="mmu:78330" type="gene"
        link="http://www.kegg.jp/dbget-bin/www_bget?mmu:78330">
        <graphics name="Ndufv3, 1500032D16Rik" fgcolor="#000000" bgcolor="#BFFFBF"
             type="rectangle" x="550" y="518" width="46" height="17"/>
    </entry>
    <entry id="34" name="mmu:72900" type="gene"
        link="http://www.kegg.jp/dbget-bin/www_bget?mmu:72900">
        <graphics name="Ndufv2, 2900010C23Rik" fgcolor="#000000" bgcolor="#BFFFBF"
             type="rectangle" x="504" y="518" width="46" height="17"/>
    </entry>
    <entry id="35" name="mmu:17995" type="gene"
        link="http://www.kegg.jp/dbget-bin/www_bget?mmu:17995">
        <graphics name="Ndufv1, CI-51kD" fgcolor="#000000" bgcolor="#BFFFBF"
             type="rectangle" x="458" y="518" width="46" height="17"/>
    </entry>
    <entry id="36" name="mmu:225887" type="gene"
        link="http://www.kegg.jp/dbget-bin/www_bget?mmu:225887">
        <graphics name="Ndufs8, BC021616, CI-23kD, TYKY" fgcolor="#000000" bgcolor="#BFFFBF"
             type="rectangle" x="412" y="518" width="46" height="17"/>
    </entry>
    <entry id="37" name="mmu:75406" type="gene"
        link="http://www.kegg.jp/dbget-bin/www_bget?mmu:75406">
        <graphics name="Ndufs7, 1010001M04Rik" fgcolor="#000000" bgcolor="#BFFFBF"
             type="rectangle" x="366" y="518" width="46" height="17"/>
    </entry>
    <entry id="38" name="mmu:407785" type="gene"
        link="http://www.kegg.jp/dbget-bin/www_bget?mmu:407785">
        <graphics name="Ndufs6, BC059730, IP13" fgcolor="#000000" bgcolor="#BFFFBF"
             type="rectangle" x="320" y="518" width="46" height="17"/>
    </entry>
    <entry id="39" name="mmu:595136" type="gene"
        link="http://www.kegg.jp/dbget-bin/www_bget?mmu:595136">
        <graphics name="Ndufs5, AI256693" fgcolor="#000000" bgcolor="#BFFFBF"
             type="rectangle" x="274" y="518" width="46" height="17"/>
    </entry>
    <entry id="40" name="mmu:17993" type="gene"
        link="http://www.kegg.jp/dbget-bin/www_bget?mmu:17993">
        <graphics name="Ndufs4, 6720411N02Rik, C1-18k" fgcolor="#000000" bgcolor="#BFFFBF"
             type="rectangle" x="228" y="518" width="46" height="17"/>
    </entry>
    <entry id="41" name="mmu:68349" type="gene"
        link="http://www.kegg.jp/dbget-bin/www_bget?mmu:68349">
        <graphics name="Ndufs3, 0610010M09Rik, CI-30kD" fgcolor="#000000" bgcolor="#BFFFBF"
             type="rectangle" x="182" y="518" width="46" height="17"/>
    </entry>
    <entry id="42" name="mmu:226646" type="gene"
        link="http://www.kegg.jp/dbget-bin/www_bget?mmu:226646">
        <graphics name="Ndufs2, CI-49kD" fgcolor="#000000" bgcolor="#BFFFBF"
             type="rectangle" x="136" y="518" width="46" height="17"/>
    </entry>
    <entry id="43" name="mmu:227197" type="gene"
        link="http://www.kegg.jp/dbget-bin/www_bget?mmu:227197">
        <graphics name="Ndufs1, 5830412M15Rik, 9930026A05Rik" fgcolor="#000000" bgcolor="#BFFFBF"
             type="rectangle" x="90" y="518" width="46" height="17"/>
    </entry>
    <entry id="44" name="ko:K05585" type="ortholog"
        link="http://www.kegg.jp/dbget-bin/www_bget?K05585">
        <graphics name="K05585" fgcolor="#000000" bgcolor="#FFFFFF"
             type="rectangle" x="688" y="566" width="46" height="17"/>
    </entry>
    <entry id="45" name="ko:K05584" type="ortholog"
        link="http://www.kegg.jp/dbget-bin/www_bget?K05584">
        <graphics name="K05584" fgcolor="#000000" bgcolor="#FFFFFF"
             type="rectangle" x="642" y="566" width="46" height="17"/>
    </entry>
    <entry id="46" name="ko:K05583" type="ortholog"
        link="http://www.kegg.jp/dbget-bin/www_bget?K05583">
        <graphics name="K05583" fgcolor="#000000" bgcolor="#FFFFFF"
             type="rectangle" x="596" y="566" width="46" height="17"/>
    </entry>
    <entry id="47" name="ko:K05573" type="ortholog"
        link="http://www.kegg.jp/dbget-bin/www_bget?K05573">
        <graphics name="K05573" fgcolor="#000000" bgcolor="#FFFFFF"
             type="rectangle" x="550" y="566" width="46" height="17"/>
    </entry>
    <entry id="48" name="ko:K05575" type="ortholog"
        link="http://www.kegg.jp/dbget-bin/www_bget?K05575">
        <graphics name="K05575" fgcolor="#000000" bgcolor="#FFFFFF"
             type="rectangle" x="504" y="566" width="46" height="17"/>
    </entry>
    <entry id="49" name="ko:K05577" type="ortholog"
        link="http://www.kegg.jp/dbget-bin/www_bget?K05577">
        <graphics name="K05577" fgcolor="#000000" bgcolor="#FFFFFF"
             type="rectangle" x="458" y="566" width="46" height="17"/>
    </entry>
    <entry id="50" name="ko:K05576" type="ortholog"
        link="http://www.kegg.jp/dbget-bin/www_bget?K05576">
        <graphics name="K05576" fgcolor="#000000" bgcolor="#FFFFFF"
             type="rectangle" x="412" y="566" width="46" height="17"/>
    </entry>
    <entry id="51" name="ko:K05578" type="ortholog"
        link="http://www.kegg.jp/dbget-bin/www_bget?K05578">
        <graphics name="K05578" fgcolor="#000000" bgcolor="#FFFFFF"
             type="rectangle" x="366" y="566" width="46" height="17"/>
    </entry>
    <entry id="52" name="ko:K05580" type="ortholog"
        link="http://www.kegg.jp/dbget-bin/www_bget?K05580">
        <graphics name="K05580" fgcolor="#000000" bgcolor="#FFFFFF"
             type="rectangle" x="320" y="566" width="46" height="17"/>
    </entry>
    <entry id="53" name="ko:K05572" type="ortholog"
        link="http://www.kegg.jp/dbget-bin/www_bget?K05572">
        <graphics name="K05572" fgcolor="#000000" bgcolor="#FFFFFF"
             type="rectangle" x="274" y="566" width="46" height="17"/>
    </entry>
    <entry id="54" name="ko:K05588" type="ortholog"
        link="http://www.kegg.jp/dbget-bin/www_bget?K05588">
        <graphics name="K05588" fgcolor="#000000" bgcolor="#FFFFFF"
             type="rectangle" x="826" y="566" width="46" height="17"/>
    </entry>
    <entry id="55" name="ko:K05587" type="ortholog"
        link="http://www.kegg.jp/dbget-bin/www_bget?K05587">
        <graphics name="K05587" fgcolor="#000000" bgcolor="#FFFFFF"
             type="rectangle" x="780" y="566" width="46" height="17"/>
    </entry>
    <entry id="56" name="ko:K05586" type="ortholog"
        link="http://www.kegg.jp/dbget-bin/www_bget?K05586">
        <graphics name="K05586" fgcolor="#000000" bgcolor="#FFFFFF"
             type="rectangle" x="734" y="566" width="46" height="17"/>
    </entry>
    <entry id="57" name="ko:K05579" type="ortholog"
        link="http://www.kegg.jp/dbget-bin/www_bget?K05579">
        <graphics name="K05579" fgcolor="#000000" bgcolor="#FFFFFF"
             type="rectangle" x="228" y="566" width="46" height="17"/>
    </entry>
    <entry id="58" name="ko:K05581" type="ortholog"
        link="http://www.kegg.jp/dbget-bin/www_bget?K05581">
        <graphics name="K05581" fgcolor="#000000" bgcolor="#FFFFFF"
             type="rectangle" x="182" y="566" width="46" height="17"/>
    </entry>
    <entry id="59" name="ko:K05582" type="ortholog"
        link="http://www.kegg.jp/dbget-bin/www_bget?K05582">
        <graphics name="K05582" fgcolor="#000000" bgcolor="#FFFFFF"
             type="rectangle" x="136" y="566" width="46" height="17"/>
    </entry>
    <entry id="60" name="ko:K05574" type="ortholog"
        link="http://www.kegg.jp/dbget-bin/www_bget?K05574">
        <graphics name="K05574" fgcolor="#000000" bgcolor="#FFFFFF"
             type="rectangle" x="90" y="566" width="46" height="17"/>
    </entry>
    <entry id="61" name="ko:K00343" type="ortholog"
        link="http://www.kegg.jp/dbget-bin/www_bget?K00343">
        <graphics name="K00343" fgcolor="#000000" bgcolor="#FFFFFF"
             type="rectangle" x="688" y="542" width="46" height="17"/>
    </entry>
    <entry id="62" name="ko:K00342 ko:K15863" type="ortholog"
        link="http://www.kegg.jp/dbget-bin/www_bget?K00342+K15863">
        <graphics name="K00342..." fgcolor="#000000" bgcolor="#FFFFFF"
             type="rectangle" x="642" y="542" width="46" height="17"/>
    </entry>
    <entry id="63" name="ko:K00341 ko:K15863" type="ortholog"
        link="http://www.kegg.jp/dbget-bin/www_bget?K00341+K15863">
        <graphics name="K00341..." fgcolor="#000000" bgcolor="#FFFFFF"
             type="rectangle" x="596" y="542" width="46" height="17"/>
    </entry>
    <entry id="64" name="ko:K00340" type="ortholog"
        link="http://www.kegg.jp/dbget-bin/www_bget?K00340">
        <graphics name="K00340" fgcolor="#000000" bgcolor="#FFFFFF"
             type="rectangle" x="550" y="542" width="46" height="17"/>
    </entry>
    <entry id="65" name="ko:K00339" type="ortholog"
        link="http://www.kegg.jp/dbget-bin/www_bget?K00339">
        <graphics name="K00339" fgcolor="#000000" bgcolor="#FFFFFF"
             type="rectangle" x="504" y="542" width="46" height="17"/>
    </entry>
    <entry id="66" name="ko:K00338" type="ortholog"
        link="http://www.kegg.jp/dbget-bin/www_bget?K00338">
        <graphics name="K00338" fgcolor="#000000" bgcolor="#FFFFFF"
             type="rectangle" x="458" y="542" width="46" height="17"/>
    </entry>
    <entry id="67" name="ko:K00337" type="ortholog"
        link="http://www.kegg.jp/dbget-bin/www_bget?K00337">
        <graphics name="K00337" fgcolor="#000000" bgcolor="#FFFFFF"
             type="rectangle" x="412" y="542" width="46" height="17"/>
    </entry>
    <entry id="68" name="ko:K00336" type="ortholog"
        link="http://www.kegg.jp/dbget-bin/www_bget?K00336">
        <graphics name="K00336" fgcolor="#000000" bgcolor="#FFFFFF"
             type="rectangle" x="366" y="542" width="46" height="17"/>
    </entry>
    <entry id="69" name="ko:K00335" type="ortholog"
        link="http://www.kegg.jp/dbget-bin/www_bget?K00335">
        <graphics name="K00335" fgcolor="#000000" bgcolor="#FFFFFF"
             type="rectangle" x="320" y="542" width="46" height="17"/>
    </entry>
    <entry id="70" name="ko:K00334" type="ortholog"
        link="http://www.kegg.jp/dbget-bin/www_bget?K00334">
        <graphics name="K00334" fgcolor="#000000" bgcolor="#FFFFFF"
             type="rectangle" x="274" y="542" width="46" height="17"/>
    </entry>
    <entry id="71" name="ko:K00333 ko:K13378 ko:K13380" type="ortholog"
        link="http://www.kegg.jp/dbget-bin/www_bget?K00333+K13378+K13380">
        <graphics name="K00333..." fgcolor="#000000" bgcolor="#FFFFFF"
             type="rectangle" x="228" y="542" width="46" height="17"/>
    </entry>
    <entry id="72" name="ko:K00332 ko:K13378 ko:K13380" type="ortholog"
        link="http://www.kegg.jp/dbget-bin/www_bget?K00332+K13378+K13380">
        <graphics name="K00332..." fgcolor="#000000" bgcolor="#FFFFFF"
             type="rectangle" x="182" y="542" width="46" height="17"/>
    </entry>
    <entry id="73" name="ko:K00331 ko:K13380" type="ortholog"
        link="http://www.kegg.jp/dbget-bin/www_bget?K00331+K13380">
        <graphics name="K00331..." fgcolor="#000000" bgcolor="#FFFFFF"
             type="rectangle" x="136" y="542" width="46" height="17"/>
    </entry>
    <entry id="74" name="ko:K00330" type="ortholog"
        link="http://www.kegg.jp/dbget-bin/www_bget?K00330">
        <graphics name="K00330" fgcolor="#000000" bgcolor="#FFFFFF"
             type="rectangle" x="90" y="542" width="46" height="17"/>
    </entry>
    <entry id="75" name="mmu:17722" type="gene"
        link="http://www.kegg.jp/dbget-bin/www_bget?mmu:17722">
        <graphics name="ND6" fgcolor="#000000" bgcolor="#BFFFBF"
             type="rectangle" x="366" y="495" width="46" height="17"/>
    </entry>
    <entry id="76" name="mmu:17721" type="gene"
        link="http://www.kegg.jp/dbget-bin/www_bget?mmu:17721">
        <graphics name="ND5" fgcolor="#000000" bgcolor="#BFFFBF"
             type="rectangle" x="320" y="495" width="46" height="17"/>
    </entry>
    <entry id="77" name="mmu:17720" type="gene"
        link="http://www.kegg.jp/dbget-bin/www_bget?mmu:17720">
        <graphics name="ND4L" fgcolor="#000000" bgcolor="#BFFFBF"
             type="rectangle" x="274" y="495" width="46" height="17"/>
    </entry>
    <entry id="78" name="mmu:17719" type="gene"
        link="http://www.kegg.jp/dbget-bin/www_bget?mmu:17719">
        <graphics name="ND4" fgcolor="#000000" bgcolor="#BFFFBF"
             type="rectangle" x="228" y="495" width="46" height="17"/>
    </entry>
    <entry id="79" name="mmu:17718" type="gene"
        link="http://www.kegg.jp/dbget-bin/www_bget?mmu:17718">
        <graphics name="ND3" fgcolor="#000000" bgcolor="#BFFFBF"
             type="rectangle" x="182" y="495" width="46" height="17"/>
    </entry>
    <entry id="80" name="mmu:17717" type="gene"
        link="http://www.kegg.jp/dbget-bin/www_bget?mmu:17717">
        <graphics name="ND2" fgcolor="#000000" bgcolor="#BFFFBF"
             type="rectangle" x="136" y="495" width="46" height="17"/>
    </entry>
    <entry id="81" name="mmu:17716" type="gene"
        link="http://www.kegg.jp/dbget-bin/www_bget?mmu:17716">
        <graphics name="ND1" fgcolor="#000000" bgcolor="#BFFFBF"
             type="rectangle" x="90" y="495" width="46" height="17"/>
    </entry>
    <entry id="82" name="mmu:12856" type="gene"
        link="http://www.kegg.jp/dbget-bin/www_bget?mmu:12856">
        <graphics name="Cox17, AI037035" fgcolor="#000000" bgcolor="#BFFFBF"
             type="rectangle" x="872" y="755" width="46" height="17"/>
    </entry>
    <entry id="83" name="mmu:226139" type="gene"
        link="http://www.kegg.jp/dbget-bin/www_bget?mmu:226139">
        <graphics name="Cox15, 2900026G05Rik" fgcolor="#000000" bgcolor="#BFFFBF"
             type="rectangle" x="826" y="764" width="46" height="17"/>
    </entry>
    <entry id="84" name="mmu:69802" type="gene"
        link="http://www.kegg.jp/dbget-bin/www_bget?mmu:69802">
        <graphics name="Cox11, 2010004I09Rik" fgcolor="#000000" bgcolor="#BFFFBF"
             type="rectangle" x="780" y="764" width="46" height="17"/>
    </entry>
    <entry id="85" name="mmu:100041273 mmu:100042503 mmu:104130 mmu:17991 mmu:17992 mmu:17993 mmu:17995 mmu:225887 mmu:226646 mmu:227197 mmu:230075 mmu:407785 mmu:407790 mmu:54405 mmu:595136 mmu:66046 mmu:66091 mmu:66108 mmu:66218 mmu:66377 mmu:66414 mmu:66416 mmu:66495 mmu:66916 mmu:67130 mmu:67184 mmu:67264 mmu:67273 mmu:68194 mmu:68197 mmu:68198 mmu:68202 mmu:68342 mmu:68349 mmu:68375 mmu:70316 mmu:72900 mmu:75406 mmu:78330" type="gene"
        link="http://www.kegg.jp/dbget-bin/www_bget?mmu:100041273+mmu:100042503+mmu:104130+mmu:17991+mmu:17992+mmu:17993+mmu:17995+mmu:225887+mmu:226646+mmu:227197+mmu:230075+mmu:407785+mmu:407790+mmu:54405+mmu:595136+mmu:66046+mmu:66091+mmu:66108+mmu:66218+mmu:66377+mmu:66414+mmu:66416+mmu:66495+mmu:66916+mmu:67130+mmu:67184+mmu:67264+mmu:67273+mmu:68194+mmu:68197+mmu:68198+mmu:68202+mmu:68342+mmu:68349+mmu:68375+mmu:70316+mmu:72900+mmu:75406+mmu:78330">
        <graphics name="Gm3244..." fgcolor="#000000" bgcolor="#BFFFBF"
             type="rectangle" x="173" y="433" width="46" height="17"/>
    </entry>
    <entry id="86" name="mmu:12868 mmu:12869 mmu:75483" type="gene"
        link="http://www.kegg.jp/dbget-bin/www_bget?mmu:12868+mmu:12869+mmu:75483">
        <graphics name="Cox8a, COX8L..." fgcolor="#000000" bgcolor="#BFFFBF"
             type="rectangle" x="734" y="755" width="46" height="17"/>
    </entry>
    <entry id="87" name="mmu:12867" type="gene"
        link="http://www.kegg.jp/dbget-bin/www_bget?mmu:12867">
        <graphics name="Cox7c, COXVIIc, Cox7c1" fgcolor="#000000" bgcolor="#BFFFBF"
             type="rectangle" x="688" y="755" width="46" height="17"/>
    </entry>
    <entry id="88" name="mmu:66142 mmu:78174" type="gene"
        link="http://www.kegg.jp/dbget-bin/www_bget?mmu:66142+mmu:78174">
        <graphics name="Cox7b, 1100001F07Rik, 1110004F07Rik, C80563..." fgcolor="#000000" bgcolor="#BFFFBF"
             type="rectangle" x="642" y="755" width="46" height="17"/>
    </entry>
    <entry id="89" name="mmu:12865 mmu:12866 mmu:20463" type="gene"
        link="http://www.kegg.jp/dbget-bin/www_bget?mmu:12865+mmu:12866+mmu:20463">
        <graphics name="Cox7a1, COX7A, COX7AH, COX7AM..." fgcolor="#000000" bgcolor="#BFFFBF"
             type="rectangle" x="596" y="755" width="46" height="17"/>
    </entry>
    <entry id="90" name="mmu:12864" type="gene"
        link="http://www.kegg.jp/dbget-bin/www_bget?mmu:12864">
        <graphics name="Cox6c" fgcolor="#000000" bgcolor="#BFFFBF"
             type="rectangle" x="550" y="755" width="46" height="17"/>
    </entry>
    <entry id="91" name="ko:K02826" type="ortholog"
        link="http://www.kegg.jp/dbget-bin/www_bget?K02826">
        <graphics name="K02826" fgcolor="#000000" bgcolor="#FFFFFF"
             type="rectangle" x="274" y="812" width="46" height="17"/>
    </entry>
    <entry id="92" name="ko:K02827" type="ortholog"
        link="http://www.kegg.jp/dbget-bin/www_bget?K02827">
        <graphics name="K02827" fgcolor="#000000" bgcolor="#FFFFFF"
             type="rectangle" x="228" y="812" width="46" height="17"/>
    </entry>
    <entry id="93" name="ko:K02828" type="ortholog"
        link="http://www.kegg.jp/dbget-bin/www_bget?K02828">
        <graphics name="K02828" fgcolor="#000000" bgcolor="#FFFFFF"
             type="rectangle" x="182" y="812" width="46" height="17"/>
    </entry>
    <entry id="94" name="ko:K02829" type="ortholog"
        link="http://www.kegg.jp/dbget-bin/www_bget?K02829">
        <graphics name="K02829" fgcolor="#000000" bgcolor="#FFFFFF"
             type="rectangle" x="136" y="812" width="46" height="17"/>
    </entry>
    <entry id="95" name="ko:K02275" type="ortholog"
        link="http://www.kegg.jp/dbget-bin/www_bget?K02275">
        <graphics name="K02275" fgcolor="#000000" bgcolor="#FFFFFF"
             type="rectangle" x="274" y="795" width="46" height="17"/>
    </entry>
    <entry id="96" name="ko:K02274 ko:K15408" type="ortholog"
        link="http://www.kegg.jp/dbget-bin/www_bget?K02274+K15408">
        <graphics name="K02274..." fgcolor="#000000" bgcolor="#FFFFFF"
             type="rectangle" x="228" y="795" width="46" height="17"/>
    </entry>
    <entry id="97" name="ko:K02276 ko:K15408" type="ortholog"
        link="http://www.kegg.jp/dbget-bin/www_bget?K02276+K15408">
        <graphics name="K02276..." fgcolor="#000000" bgcolor="#FFFFFF"
             type="rectangle" x="182" y="795" width="46" height="17"/>
    </entry>
    <entry id="98" name="ko:K02277" type="ortholog"
        link="http://www.kegg.jp/dbget-bin/www_bget?K02277">
        <graphics name="K02277" fgcolor="#000000" bgcolor="#FFFFFF"
             type="rectangle" x="136" y="795" width="46" height="17"/>
    </entry>
    <entry id="99" name="path:mmu00190" type="map"
        link="http://www.kegg.jp/dbget-bin/www_bget?mmu00190">
        <graphics name="TITLE:Oxidative phosphorylation" fgcolor="#000000" bgcolor="#FFFFFF"
             type="roundrectangle" x="162" y="58" width="243" height="25"/>
    </entry>
    <entry id="100" name="mmu:100041273 mmu:100042503 mmu:104130 mmu:17716 mmu:17717 mmu:17718 mmu:17719 mmu:17720 mmu:17721 mmu:17722 mmu:17991 mmu:17992 mmu:17993 mmu:17995 mmu:225887 mmu:226646 mmu:227197 mmu:230075 mmu:239760 mmu:407785 mmu:407790 mmu:54405 mmu:595136 mmu:66046 mmu:66091 mmu:66108 mmu:66218 mmu:66377 mmu:66414 mmu:66416 mmu:66495 mmu:66916 mmu:67130 mmu:67184 mmu:67264 mmu:67273 mmu:68194 mmu:68197 mmu:68198 mmu:68202 mmu:68342 mmu:68349 mmu:68375 mmu:69875 mmu:70316 mmu:72900 mmu:75406 mmu:78330" type="gene"
        link="http://www.kegg.jp/dbget-bin/www_bget?mmu:100041273+mmu:100042503+mmu:104130+mmu:17716+mmu:17717+mmu:17718+mmu:17719+mmu:17720+mmu:17721+mmu:17722+mmu:17991+mmu:17992+mmu:17993+mmu:17995+mmu:225887+mmu:226646+mmu:227197+mmu:230075+mmu:239760+mmu:407785+mmu:407790+mmu:54405+mmu:595136+mmu:66046+mmu:66091+mmu:66108+mmu:66218+mmu:66377+mmu:66414+mmu:66416+mmu:66495+mmu:66916+mmu:67130+mmu:67184+mmu:67264+mmu:67273+mmu:68194+mmu:68197+mmu:68198+mmu:68202+mmu:68342+mmu:68349+mmu:68375+mmu:69875+mmu:70316+mmu:72900+mmu:75406+mmu:78330">
        <graphics name="Gm3244..." fgcolor="#000000" bgcolor="#BFFFBF"
             type="rectangle" x="197" y="412" width="46" height="17"/>
    </entry>
    <entry id="101" name="mmu:17711 mmu:22272 mmu:22273 mmu:66152 mmu:66445 mmu:66576 mmu:66594 mmu:66694 mmu:67003 mmu:67530" type="gene"
        link="http://www.kegg.jp/dbget-bin/www_bget?mmu:17711+mmu:22272+mmu:22273+mmu:66152+mmu:66445+mmu:66576+mmu:66594+mmu:66694+mmu:67003+mmu:67530">
        <graphics name="CYTB..." fgcolor="#000000" bgcolor="#BFFFBF"
             type="rectangle" x="654" y="348" width="46" height="17"/>
    </entry>
    <entry id="102" name="mmu:110323 mmu:12857 mmu:12858 mmu:12859 mmu:12861 mmu:12862 mmu:12864 mmu:12865 mmu:12866 mmu:12867 mmu:12868 mmu:12869 mmu:17708 mmu:17709 mmu:17710 mmu:20463 mmu:333182 mmu:66142 mmu:75483 mmu:78174 mmu:84682" type="gene"
        link="http://www.kegg.jp/dbget-bin/www_bget?mmu:110323+mmu:12857+mmu:12858+mmu:12859+mmu:12861+mmu:12862+mmu:12864+mmu:12865+mmu:12866+mmu:12867+mmu:12868+mmu:12869+mmu:17708+mmu:17709+mmu:17710+mmu:20463+mmu:333182+mmu:66142+mmu:75483+mmu:78174+mmu:84682">
        <graphics name="Cox6b1, 2010000G05Rik, Cox6b..." fgcolor="#000000" bgcolor="#BFFFBF"
             type="rectangle" x="868" y="316" width="46" height="17"/>
    </entry>
    <entry id="103" name="mmu:108664 mmu:110935 mmu:114143 mmu:11946 mmu:11947 mmu:11949 mmu:11950 mmu:11951 mmu:11957 mmu:11958 mmu:11964 mmu:11966 mmu:11972 mmu:11973 mmu:11974 mmu:11975 mmu:11984 mmu:140494 mmu:17705 mmu:17706 mmu:21871 mmu:228033 mmu:242341 mmu:27060 mmu:27425 mmu:28080 mmu:338375 mmu:54411 mmu:57423 mmu:66043 mmu:66144 mmu:66237 mmu:66290 mmu:66335 mmu:67126 mmu:67942 mmu:68775 mmu:71679 mmu:73834 mmu:74915 mmu:76252" type="gene"
        link="http://www.kegg.jp/dbget-bin/www_bget?mmu:108664+mmu:110935+mmu:114143+mmu:11946+mmu:11947+mmu:11949+mmu:11950+mmu:11951+mmu:11957+mmu:11958+mmu:11964+mmu:11966+mmu:11972+mmu:11973+mmu:11974+mmu:11975+mmu:11984+mmu:140494+mmu:17705+mmu:17706+mmu:21871+mmu:228033+mmu:242341+mmu:27060+mmu:27425+mmu:28080+mmu:338375+mmu:54411+mmu:57423+mmu:66043+mmu:66144+mmu:66237+mmu:66290+mmu:66335+mmu:67126+mmu:67942+mmu:68775+mmu:71679+mmu:73834+mmu:74915+mmu:76252">
        <graphics name="Atp6v1h, 0710001F19Rik, AU022349, CGI-11, SFD, SFDalpha, SFDbeta, VMA13..." fgcolor="#000000" bgcolor="#BFFFBF"
             type="rectangle" x="1044" y="409" width="46" height="17"/>
    </entry>
    <entry id="104" name="mmu:11944 mmu:11945 mmu:192113" type="gene"
        link="http://www.kegg.jp/dbget-bin/www_bget?mmu:11944+mmu:11945+mmu:192113">
        <graphics name="Atp4a..." fgcolor="#000000" bgcolor="#BFFFBF"
             type="rectangle" x="1092" y="409" width="46" height="17"/>
    </entry>
    <entry id="105" name="ko:K01535" type="ortholog"
        link="http://www.kegg.jp/dbget-bin/www_bget?K01535">
        <graphics name="K01535" fgcolor="#000000" bgcolor="#FFFFFF"
             type="rectangle" x="1067" y="430" width="46" height="17"/>
    </entry>
    <entry id="106" name="mmu:67895 mmu:74776 mmu:76429" type="gene"
        link="http://www.kegg.jp/dbget-bin/www_bget?mmu:67895+mmu:74776+mmu:76429">
        <graphics name="Ppa1, 2010317E03Rik, Pyp..." fgcolor="#000000" bgcolor="#BFFFBF"
             type="rectangle" x="954" y="455" width="46" height="17"/>
    </entry>
    <entry id="107" name="ko:K00937" type="ortholog"
        link="http://www.kegg.jp/dbget-bin/www_bget?K00937">
        <graphics name="K00937" fgcolor="#000000" bgcolor="#FFFFFF"
             type="rectangle" x="864" y="455" width="46" height="17"/>
    </entry>
    <entry id="108" name="cpd:C00080" type="compound"
        link="http://www.kegg.jp/dbget-bin/www_bget?C00080">
        <graphics name="C00080" fgcolor="#000000" bgcolor="#FFFFFF"
             type="circle" x="307" y="155" width="8" height="8"/>
    </entry>
    <entry id="109" name="cpd:C00004" type="compound"
        link="http://www.kegg.jp/dbget-bin/www_bget?C00004">
        <graphics name="C00004" fgcolor="#000000" bgcolor="#FFFFFF"
             type="circle" x="135" y="446" width="8" height="8"/>
    </entry>
    <entry id="110" name="cpd:C00003" type="compound"
        link="http://www.kegg.jp/dbget-bin/www_bget?C00003">
        <graphics name="C00003" fgcolor="#000000" bgcolor="#FFFFFF"
             type="circle" x="252" y="460" width="8" height="8"/>
    </entry>
    <entry id="111" name="cpd:C00080" type="compound"
        link="http://www.kegg.jp/dbget-bin/www_bget?C00080">
        <graphics name="C00080" fgcolor="#000000" bgcolor="#FFFFFF"
             type="circle" x="267" y="460" width="8" height="8"/>
    </entry>
    <entry id="112" name="cpd:C00122" type="compound"
        link="http://www.kegg.jp/dbget-bin/www_bget?C00122">
        <graphics name="C00122" fgcolor="#000000" bgcolor="#FFFFFF"
             type="circle" x="472" y="400" width="8" height="8"/>
    </entry>
    <entry id="113" name="cpd:C00080" type="compound"
        link="http://www.kegg.jp/dbget-bin/www_bget?C00080">
        <graphics name="C00080" fgcolor="#000000" bgcolor="#FFFFFF"
             type="circle" x="654" y="155" width="8" height="8"/>
    </entry>
    <entry id="114" name="cpd:C00080" type="compound"
        link="http://www.kegg.jp/dbget-bin/www_bget?C00080">
        <graphics name="C00080" fgcolor="#000000" bgcolor="#FFFFFF"
             type="circle" x="654" y="376" width="8" height="8"/>
    </entry>
    <entry id="115" name="cpd:C00080" type="compound"
        link="http://www.kegg.jp/dbget-bin/www_bget?C00080">
        <graphics name="C00080" fgcolor="#000000" bgcolor="#FFFFFF"
             type="circle" x="868" y="155" width="8" height="8"/>
    </entry>
    <entry id="116" name="cpd:C00007" type="compound"
        link="http://www.kegg.jp/dbget-bin/www_bget?C00007">
        <graphics name="C00007" fgcolor="#000000" bgcolor="#FFFFFF"
             type="circle" x="827" y="355" width="8" height="8"/>
    </entry>
    <entry id="117" name="cpd:C00001" type="compound"
        link="http://www.kegg.jp/dbget-bin/www_bget?C00001">
        <graphics name="C00001" fgcolor="#000000" bgcolor="#FFFFFF"
             type="circle" x="908" y="355" width="8" height="8"/>
    </entry>
    <entry id="118" name="cpd:C00080" type="compound"
        link="http://www.kegg.jp/dbget-bin/www_bget?C00080">
        <graphics name="C00080" fgcolor="#000000" bgcolor="#FFFFFF"
             type="circle" x="868" y="355" width="8" height="8"/>
    </entry>
    <entry id="119" name="cpd:C00080" type="compound"
        link="http://www.kegg.jp/dbget-bin/www_bget?C00080">
        <graphics name="C00080" fgcolor="#000000" bgcolor="#FFFFFF"
             type="circle" x="1067" y="161" width="8" height="8"/>
    </entry>
    <entry id="120" name="cpd:C00008" type="compound"
        link="http://www.kegg.jp/dbget-bin/www_bget?C00008">
        <graphics name="C00008" fgcolor="#000000" bgcolor="#FFFFFF"
             type="circle" x="1018" y="454" width="8" height="8"/>
    </entry>
    <entry id="121" name="cpd:C00009" type="compound"
        link="http://www.kegg.jp/dbget-bin/www_bget?C00009">
        <graphics name="C00009" fgcolor="#000000" bgcolor="#FFFFFF"
             type="circle" x="1004" y="454" width="8" height="8"/>
    </entry>
    <entry id="122" name="cpd:C00080" type="compound"
        link="http://www.kegg.jp/dbget-bin/www_bget?C00080">
        <graphics name="C00080" fgcolor="#000000" bgcolor="#FFFFFF"
             type="circle" x="1067" y="464" width="8" height="8"/>
    </entry>
    <entry id="123" name="cpd:C00013" type="compound"
        link="http://www.kegg.jp/dbget-bin/www_bget?C00013">
        <graphics name="C00013" fgcolor="#000000" bgcolor="#FFFFFF"
             type="circle" x="914" y="454" width="8" height="8"/>
    </entry>
    <entry id="124" name="cpd:C00536" type="compound"
        link="http://www.kegg.jp/dbget-bin/www_bget?C00536">
        <graphics name="C00536" fgcolor="#000000" bgcolor="#FFFFFF"
             type="circle" x="815" y="454" width="8" height="8"/>
    </entry>
    <entry id="125" name="cpd:C00002" type="compound"
        link="http://www.kegg.jp/dbget-bin/www_bget?C00002">
        <graphics name="C00002" fgcolor="#000000" bgcolor="#FFFFFF"
             type="circle" x="1116" y="464" width="8" height="8"/>
    </entry>
    <entry id="126" name="cpd:C00001" type="compound"
        link="http://www.kegg.jp/dbget-bin/www_bget?C00001">
        <graphics name="C00001" fgcolor="#000000" bgcolor="#FFFFFF"
             type="circle" x="1129" y="464" width="8" height="8"/>
    </entry>
    <entry id="127" name="mmu:66052" type="gene"
        link="http://www.kegg.jp/dbget-bin/www_bget?mmu:66052">
        <graphics name="Sdhc, 0610010E03Rik, AI316496, AU019277" fgcolor="#000000" bgcolor="#BFFFBF"
             type="rectangle" x="91" y="670" width="46" height="17"/>
    </entry>
    <entry id="128" name="mmu:66925" type="gene"
        link="http://www.kegg.jp/dbget-bin/www_bget?mmu:66925">
        <graphics name="Sdhd, 3110001M13Rik, AVLL5809, C78570, PRO19626" fgcolor="#000000" bgcolor="#BFFFBF"
             type="rectangle" x="136" y="670" width="46" height="17"/>
    </entry>
    <entry id="129" name="mmu:66945" type="gene"
        link="http://www.kegg.jp/dbget-bin/www_bget?mmu:66945">
        <graphics name="Sdha, 1500032O14Rik, 2310034D06Rik, 4921513A11, C81073, FP, SDH2, SDHF" fgcolor="#000000" bgcolor="#BFFFBF"
             type="rectangle" x="182" y="670" width="46" height="17"/>
    </entry>
    <entry id="130" name="mmu:67680" type="gene"
        link="http://www.kegg.jp/dbget-bin/www_bget?mmu:67680">
        <graphics name="Sdhb, 0710008N11Rik" fgcolor="#000000" bgcolor="#BFFFBF"
             type="rectangle" x="228" y="670" width="46" height="17"/>
    </entry>
    <entry id="131" name="ko:K00241" type="ortholog"
        link="http://www.kegg.jp/dbget-bin/www_bget?K00241">
        <graphics name="K00241" fgcolor="#000000" bgcolor="#FFFFFF"
             type="rectangle" x="91" y="693" width="46" height="17"/>
    </entry>
    <entry id="132" name="ko:K00242 ko:K18859 ko:K18860" type="ortholog"
        link="http://www.kegg.jp/dbget-bin/www_bget?K00242+K18859+K18860">
        <graphics name="K00242..." fgcolor="#000000" bgcolor="#FFFFFF"
             type="rectangle" x="136" y="693" width="46" height="17"/>
    </entry>
    <entry id="133" name="ko:K00239" type="ortholog"
        link="http://www.kegg.jp/dbget-bin/www_bget?K00239">
        <graphics name="K00239" fgcolor="#000000" bgcolor="#FFFFFF"
             type="rectangle" x="182" y="693" width="46" height="17"/>
    </entry>
    <entry id="134" name="ko:K00240" type="ortholog"
        link="http://www.kegg.jp/dbget-bin/www_bget?K00240">
        <graphics name="K00240" fgcolor="#000000" bgcolor="#FFFFFF"
             type="rectangle" x="228" y="693" width="46" height="17"/>
    </entry>
    <entry id="135" name="ko:K00244" type="ortholog"
        link="http://www.kegg.jp/dbget-bin/www_bget?K00244">
        <graphics name="K00244" fgcolor="#000000" bgcolor="#FFFFFF"
             type="rectangle" x="182" y="710" width="46" height="17"/>
    </entry>
    <entry id="136" name="ko:K00245" type="ortholog"
        link="http://www.kegg.jp/dbget-bin/www_bget?K00245">
        <graphics name="K00245" fgcolor="#000000" bgcolor="#FFFFFF"
             type="rectangle" x="228" y="710" width="46" height="17"/>
    </entry>
    <entry id="137" name="ko:K00246" type="ortholog"
        link="http://www.kegg.jp/dbget-bin/www_bget?K00246">
        <graphics name="K00246" fgcolor="#000000" bgcolor="#FFFFFF"
             type="rectangle" x="274" y="710" width="46" height="17"/>
    </entry>
    <entry id="138" name="ko:K00247" type="ortholog"
        link="http://www.kegg.jp/dbget-bin/www_bget?K00247">
        <graphics name="K00247" fgcolor="#000000" bgcolor="#FFFFFF"
             type="rectangle" x="320" y="710" width="46" height="17"/>
    </entry>
    <entry id="139" name="mmu:66594" type="gene"
        link="http://www.kegg.jp/dbget-bin/www_bget?mmu:66594">
        <graphics name="Uqcr11, 0710008D09Rik, AL022707, Uqcr" fgcolor="#000000" bgcolor="#BFFFBF"
             type="rectangle" x="826" y="688" width="46" height="17"/>
    </entry>
    <entry id="140" name="mmu:66152" type="gene"
        link="http://www.kegg.jp/dbget-bin/www_bget?mmu:66152">
        <graphics name="Uqcr10, 1110020P15Rik, AA960494, Ucrc" fgcolor="#000000" bgcolor="#BFFFBF"
             type="rectangle" x="780" y="688" width="46" height="17"/>
    </entry>
    <entry id="141" name="mmu:22272" type="gene"
        link="http://www.kegg.jp/dbget-bin/www_bget?mmu:22272">
        <graphics name="Uqcrq, 1100001F06Rik, 1500040F11Rik, 5830407L17Rik, 9.5kDa, AA959903, QP-C, Qpc, Uqcrb, c1502" fgcolor="#000000" bgcolor="#BFFFBF"
             type="rectangle" x="734" y="688" width="46" height="17"/>
    </entry>
    <entry id="142" name="mmu:67530" type="gene"
        link="http://www.kegg.jp/dbget-bin/www_bget?mmu:67530">
        <graphics name="Uqcrb, 2210415M14Rik, QP-C, QPC, UQBC, UQBP, UQPC" fgcolor="#000000" bgcolor="#BFFFBF"
             type="rectangle" x="688" y="688" width="46" height="17"/>
    </entry>
    <entry id="143" name="mmu:66576" type="gene"
        link="http://www.kegg.jp/dbget-bin/www_bget?mmu:66576">
        <graphics name="Uqcrh, 2210416J04Rik, 2310021J10Rik, 2610041P16Rik" fgcolor="#000000" bgcolor="#BFFFBF"
             type="rectangle" x="642" y="688" width="46" height="17"/>
    </entry>
    <entry id="144" name="mmu:67003" type="gene"
        link="http://www.kegg.jp/dbget-bin/www_bget?mmu:67003">
        <graphics name="Uqcrc2, 1500004O06Rik" fgcolor="#000000" bgcolor="#BFFFBF"
             type="rectangle" x="596" y="688" width="46" height="17"/>
    </entry>
    <entry id="145" name="mmu:22273" type="gene"
        link="http://www.kegg.jp/dbget-bin/www_bget?mmu:22273">
        <graphics name="Uqcrc1, 1110032G10Rik" fgcolor="#000000" bgcolor="#BFFFBF"
             type="rectangle" x="550" y="688" width="46" height="17"/>
    </entry>
    <entry id="146" name="mmu:66445" type="gene"
        link="http://www.kegg.jp/dbget-bin/www_bget?mmu:66445">
        <graphics name="Cyc1, 2610002H19Rik, AA408921, Cyct1" fgcolor="#000000" bgcolor="#BFFFBF"
             type="rectangle" x="504" y="671" width="46" height="17"/>
    </entry>
    <entry id="147" name="mmu:17711" type="gene"
        link="http://www.kegg.jp/dbget-bin/www_bget?mmu:17711">
        <graphics name="CYTB" fgcolor="#000000" bgcolor="#BFFFBF"
             type="rectangle" x="458" y="671" width="46" height="17"/>
    </entry>
    <entry id="148" name="mmu:66694" type="gene"
        link="http://www.kegg.jp/dbget-bin/www_bget?mmu:66694">
        <graphics name="Uqcrfs1, 4430402G14Rik, AI875505" fgcolor="#000000" bgcolor="#BFFFBF"
             type="rectangle" x="412" y="671" width="46" height="17"/>
    </entry>
    <entry id="149" name="ko:K00426" type="ortholog"
        link="http://www.kegg.jp/dbget-bin/www_bget?K00426">
        <graphics name="K00426" fgcolor="#000000" bgcolor="#FFFFFF"
             type="rectangle" x="688" y="813" width="46" height="17"/>
    </entry>
    <entry id="150" name="ko:K00425" type="ortholog"
        link="http://www.kegg.jp/dbget-bin/www_bget?K00425">
        <graphics name="K00425" fgcolor="#000000" bgcolor="#FFFFFF"
             type="rectangle" x="642" y="813" width="46" height="17"/>
    </entry>
    <entry id="151" name="ko:K00406" type="ortholog"
        link="http://www.kegg.jp/dbget-bin/www_bget?K00406">
        <graphics name="K00406" fgcolor="#000000" bgcolor="#FFFFFF"
             type="rectangle" x="550" y="813" width="46" height="17"/>
    </entry>
    <entry id="152" name="ko:K00407" type="ortholog"
        link="http://www.kegg.jp/dbget-bin/www_bget?K00407">
        <graphics name="K00407" fgcolor="#000000" bgcolor="#FFFFFF"
             type="rectangle" x="504" y="813" width="46" height="17"/>
    </entry>
    <entry id="153" name="ko:K00405 ko:K15862" type="ortholog"
        link="http://www.kegg.jp/dbget-bin/www_bget?K00405+K15862">
        <graphics name="K00405..." fgcolor="#000000" bgcolor="#FFFFFF"
             type="rectangle" x="458" y="813" width="46" height="17"/>
    </entry>
    <entry id="154" name="ko:K00404 ko:K15862" type="ortholog"
        link="http://www.kegg.jp/dbget-bin/www_bget?K00404+K15862">
        <graphics name="K00404..." fgcolor="#000000" bgcolor="#FFFFFF"
             type="rectangle" x="412" y="813" width="46" height="17"/>
    </entry>
    <entry id="155" name="mmu:110323 mmu:333182" type="gene"
        link="http://www.kegg.jp/dbget-bin/www_bget?mmu:110323+mmu:333182">
        <graphics name="Cox6b1, 2010000G05Rik, Cox6b..." fgcolor="#000000" bgcolor="#BFFFBF"
             type="rectangle" x="504" y="755" width="46" height="17"/>
    </entry>
    <entry id="156" name="mmu:12861 mmu:12862" type="gene"
        link="http://www.kegg.jp/dbget-bin/www_bget?mmu:12861+mmu:12862">
        <graphics name="Cox6a1, VIaL..." fgcolor="#000000" bgcolor="#BFFFBF"
             type="rectangle" x="458" y="755" width="46" height="17"/>
    </entry>
    <entry id="157" name="mmu:12859" type="gene"
        link="http://www.kegg.jp/dbget-bin/www_bget?mmu:12859">
        <graphics name="Cox5b" fgcolor="#000000" bgcolor="#BFFFBF"
             type="rectangle" x="412" y="755" width="46" height="17"/>
    </entry>
    <entry id="158" name="mmu:12858" type="gene"
        link="http://www.kegg.jp/dbget-bin/www_bget?mmu:12858">
        <graphics name="Cox5a, AA959768, CcOX" fgcolor="#000000" bgcolor="#BFFFBF"
             type="rectangle" x="366" y="755" width="46" height="17"/>
    </entry>
    <entry id="159" name="mmu:17709" type="gene"
        link="http://www.kegg.jp/dbget-bin/www_bget?mmu:17709">
        <graphics name="COX2" fgcolor="#000000" bgcolor="#BFFFBF"
             type="rectangle" x="274" y="755" width="46" height="17"/>
    </entry>
    <entry id="160" name="ko:K02298" type="ortholog"
        link="http://www.kegg.jp/dbget-bin/www_bget?K02298">
        <graphics name="K02298" fgcolor="#000000" bgcolor="#FFFFFF"
             type="rectangle" x="228" y="778" width="46" height="17"/>
    </entry>
    <entry id="161" name="ko:K02299" type="ortholog"
        link="http://www.kegg.jp/dbget-bin/www_bget?K02299">
        <graphics name="K02299" fgcolor="#000000" bgcolor="#FFFFFF"
             type="rectangle" x="182" y="778" width="46" height="17"/>
    </entry>
    <entry id="162" name="ko:K02301" type="ortholog"
        link="http://www.kegg.jp/dbget-bin/www_bget?K02301">
        <graphics name="K02301" fgcolor="#000000" bgcolor="#FFFFFF"
             type="rectangle" x="91" y="778" width="46" height="17"/>
    </entry>
    <entry id="163" name="ko:K02297" type="ortholog"
        link="http://www.kegg.jp/dbget-bin/www_bget?K02297">
        <graphics name="K02297" fgcolor="#000000" bgcolor="#FFFFFF"
             type="rectangle" x="274" y="778" width="46" height="17"/>
    </entry>
    <entry id="164" name="mmu:17708" type="gene"
        link="http://www.kegg.jp/dbget-bin/www_bget?mmu:17708">
        <graphics name="COX1, CoxI" fgcolor="#000000" bgcolor="#BFFFBF"
             type="rectangle" x="228" y="755" width="46" height="17"/>
    </entry>
    <entry id="165" name="mmu:17710" type="gene"
        link="http://www.kegg.jp/dbget-bin/www_bget?mmu:17710">
        <graphics name="COX3" fgcolor="#000000" bgcolor="#BFFFBF"
             type="rectangle" x="182" y="755" width="46" height="17"/>
    </entry>
    <entry id="166" name="ko:K02300" type="ortholog"
        link="http://www.kegg.jp/dbget-bin/www_bget?K02300">
        <graphics name="K02300" fgcolor="#000000" bgcolor="#FFFFFF"
             type="rectangle" x="136" y="778" width="46" height="17"/>
    </entry>
    <entry id="167" name="mmu:70383" type="gene"
        link="http://www.kegg.jp/dbget-bin/www_bget?mmu:70383">
        <graphics name="Cox10, 2410004F01Rik, AU042636" fgcolor="#000000" bgcolor="#BFFFBF"
             type="rectangle" x="91" y="755" width="46" height="17"/>
    </entry>
    <entry id="168" name="ko:K02142" type="ortholog"
        link="http://www.kegg.jp/dbget-bin/www_bget?K02142">
        <graphics name="K02142" fgcolor="#000000" bgcolor="#FFFFFF"
             type="rectangle" x="1046" y="639" width="46" height="17"/>
    </entry>
    <entry id="169" name="ko:K02112" type="ortholog"
        link="http://www.kegg.jp/dbget-bin/www_bget?K02112">
        <graphics name="K02112" fgcolor="#000000" bgcolor="#FFFFFF"
             type="rectangle" x="954" y="523" width="46" height="17"/>
    </entry>
    <entry id="170" name="ko:K02111" type="ortholog"
        link="http://www.kegg.jp/dbget-bin/www_bget?K02111">
        <graphics name="K02111" fgcolor="#000000" bgcolor="#FFFFFF"
             type="rectangle" x="908" y="523" width="46" height="17"/>
    </entry>
    <entry id="171" name="ko:K02115" type="ortholog"
        link="http://www.kegg.jp/dbget-bin/www_bget?K02115">
        <graphics name="K02115" fgcolor="#000000" bgcolor="#FFFFFF"
             type="rectangle" x="1000" y="523" width="46" height="17"/>
    </entry>
    <entry id="172" name="ko:K02113" type="ortholog"
        link="http://www.kegg.jp/dbget-bin/www_bget?K02113">
        <graphics name="K02113" fgcolor="#000000" bgcolor="#FFFFFF"
             type="rectangle" x="1046" y="523" width="46" height="17"/>
    </entry>
    <entry id="173" name="ko:K02114" type="ortholog"
        link="http://www.kegg.jp/dbget-bin/www_bget?K02114">
        <graphics name="K02114" fgcolor="#000000" bgcolor="#FFFFFF"
             type="rectangle" x="1092" y="523" width="46" height="17"/>
    </entry>
    <entry id="174" name="ko:K02110" type="ortholog"
        link="http://www.kegg.jp/dbget-bin/www_bget?K02110">
        <graphics name="K02110" fgcolor="#000000" bgcolor="#FFFFFF"
             type="rectangle" x="1000" y="540" width="46" height="17"/>
    </entry>
    <entry id="175" name="ko:K02108" type="ortholog"
        link="http://www.kegg.jp/dbget-bin/www_bget?K02108">
        <graphics name="K02108" fgcolor="#000000" bgcolor="#FFFFFF"
             type="rectangle" x="908" y="540" width="46" height="17"/>
    </entry>
    <entry id="176" name="ko:K02109" type="ortholog"
        link="http://www.kegg.jp/dbget-bin/www_bget?K02109">
        <graphics name="K02109" fgcolor="#000000" bgcolor="#FFFFFF"
             type="rectangle" x="954" y="540" width="46" height="17"/>
    </entry>
    <entry id="177" name="mmu:11947" type="gene"
        link="http://www.kegg.jp/dbget-bin/www_bget?mmu:11947">
        <graphics name="Atp5b" fgcolor="#000000" bgcolor="#BFFFBF"
             type="rectangle" x="954" y="605" width="46" height="17"/>
    </entry>
    <entry id="178" name="mmu:11946" type="gene"
        link="http://www.kegg.jp/dbget-bin/www_bget?mmu:11946">
        <graphics name="Atp5a1, AI035633, AL022851, AL023067, Atpm, D18Ertd206e, Mom2" fgcolor="#000000" bgcolor="#BFFFBF"
             type="rectangle" x="908" y="605" width="46" height="17"/>
    </entry>
    <entry id="179" name="mmu:11949" type="gene"
        link="http://www.kegg.jp/dbget-bin/www_bget?mmu:11949">
        <graphics name="Atp5c1, 1700094F02Rik" fgcolor="#000000" bgcolor="#BFFFBF"
             type="rectangle" x="1000" y="605" width="46" height="17"/>
    </entry>
    <entry id="180" name="mmu:28080" type="gene"
        link="http://www.kegg.jp/dbget-bin/www_bget?mmu:28080">
        <graphics name="Atp5o, ATPO, D12Wsu28e, OSCP" fgcolor="#000000" bgcolor="#BFFFBF"
             type="rectangle" x="908" y="622" width="46" height="17"/>
    </entry>
    <entry id="181" name="mmu:66043" type="gene"
        link="http://www.kegg.jp/dbget-bin/www_bget?mmu:66043">
        <graphics name="Atp5d, 0610008F14Rik, 1500000I11Rik, AA960090, AI876556, AU020773, C85518" fgcolor="#000000" bgcolor="#BFFFBF"
             type="rectangle" x="1046" y="605" width="46" height="17"/>
    </entry>
    <entry id="182" name="mmu:67126" type="gene"
        link="http://www.kegg.jp/dbget-bin/www_bget?mmu:67126">
        <graphics name="Atp5e, 2410043G19Rik, ATPE, AV000645" fgcolor="#000000" bgcolor="#BFFFBF"
             type="rectangle" x="1092" y="605" width="46" height="17"/>
    </entry>
    <entry id="183" name="mmu:11951 mmu:228033 mmu:67942" type="gene"
        link="http://www.kegg.jp/dbget-bin/www_bget?mmu:11951+mmu:228033+mmu:67942">
        <graphics name="Atp5g1..." fgcolor="#000000" bgcolor="#BFFFBF"
             type="rectangle" x="1046" y="622" width="46" height="17"/>
    </entry>
    <entry id="184" name="mmu:17705" type="gene"
        link="http://www.kegg.jp/dbget-bin/www_bget?mmu:17705">
        <graphics name="ATP6" fgcolor="#000000" bgcolor="#BFFFBF"
             type="rectangle" x="954" y="622" width="46" height="17"/>
    </entry>
    <entry id="185" name="mmu:11950" type="gene"
        link="http://www.kegg.jp/dbget-bin/www_bget?mmu:11950">
        <graphics name="Atp5f1, C76477" fgcolor="#000000" bgcolor="#BFFFBF"
             type="rectangle" x="1000" y="622" width="46" height="17"/>
    </entry>
    <entry id="186" name="mmu:11958" type="gene"
        link="http://www.kegg.jp/dbget-bin/www_bget?mmu:11958">
        <graphics name="Atp5k, 2610008D24Rik, Atp5i, Lfm1" fgcolor="#000000" bgcolor="#BFFFBF"
             type="rectangle" x="1138" y="622" width="46" height="17"/>
    </entry>
    <entry id="187" name="mmu:11957" type="gene"
        link="http://www.kegg.jp/dbget-bin/www_bget?mmu:11957">
        <graphics name="Atp5j, CF6" fgcolor="#000000" bgcolor="#BFFFBF"
             type="rectangle" x="1000" y="639" width="46" height="17"/>
    </entry>
    <entry id="188" name="mmu:57423" type="gene"
        link="http://www.kegg.jp/dbget-bin/www_bget?mmu:57423">
        <graphics name="Atp5j2, 1110019H14Rik" fgcolor="#000000" bgcolor="#BFFFBF"
             type="rectangle" x="908" y="639" width="46" height="17"/>
    </entry>
    <entry id="189" name="mmu:17706" type="gene"
        link="http://www.kegg.jp/dbget-bin/www_bget?mmu:17706">
        <graphics name="ATP8" fgcolor="#000000" bgcolor="#BFFFBF"
             type="rectangle" x="1138" y="639" width="46" height="17"/>
    </entry>
    <entry id="190" name="mmu:71679" type="gene"
        link="http://www.kegg.jp/dbget-bin/www_bget?mmu:71679">
        <graphics name="Atp5h, 0610009D10Rik" fgcolor="#000000" bgcolor="#BFFFBF"
             type="rectangle" x="1092" y="622" width="46" height="17"/>
    </entry>
    <entry id="191" name="ko:K02143" type="ortholog"
        link="http://www.kegg.jp/dbget-bin/www_bget?K02143">
        <graphics name="K02143" fgcolor="#000000" bgcolor="#FFFFFF"
             type="rectangle" x="1092" y="639" width="46" height="17"/>
    </entry>
    <entry id="192" name="mmu:27425" type="gene"
        link="http://www.kegg.jp/dbget-bin/www_bget?mmu:27425">
        <graphics name="Atp5l, 4933437C06Rik" fgcolor="#000000" bgcolor="#BFFFBF"
             type="rectangle" x="954" y="639" width="46" height="17"/>
    </entry>
    <entry id="193" name="ko:K02117" type="ortholog"
        link="http://www.kegg.jp/dbget-bin/www_bget?K02117">
        <graphics name="K02117" fgcolor="#000000" bgcolor="#FFFFFF"
             type="rectangle" x="908" y="704" width="46" height="17"/>
    </entry>
    <entry id="194" name="ko:K02118" type="ortholog"
        link="http://www.kegg.jp/dbget-bin/www_bget?K02118">
        <graphics name="K02118" fgcolor="#000000" bgcolor="#FFFFFF"
             type="rectangle" x="954" y="704" width="46" height="17"/>
    </entry>
    <entry id="195" name="ko:K02119" type="ortholog"
        link="http://www.kegg.jp/dbget-bin/www_bget?K02119">
        <graphics name="K02119" fgcolor="#000000" bgcolor="#FFFFFF"
             type="rectangle" x="1000" y="704" width="46" height="17"/>
    </entry>
    <entry id="196" name="ko:K02120" type="ortholog"
        link="http://www.kegg.jp/dbget-bin/www_bget?K02120">
        <graphics name="K02120" fgcolor="#000000" bgcolor="#FFFFFF"
             type="rectangle" x="1046" y="704" width="46" height="17"/>
    </entry>
    <entry id="197" name="ko:K02121" type="ortholog"
        link="http://www.kegg.jp/dbget-bin/www_bget?K02121">
        <graphics name="K02121" fgcolor="#000000" bgcolor="#FFFFFF"
             type="rectangle" x="1092" y="704" width="46" height="17"/>
    </entry>
    <entry id="198" name="ko:K02122" type="ortholog"
        link="http://www.kegg.jp/dbget-bin/www_bget?K02122">
        <graphics name="K02122" fgcolor="#000000" bgcolor="#FFFFFF"
             type="rectangle" x="1138" y="704" width="46" height="17"/>
    </entry>
    <entry id="199" name="ko:K02123" type="ortholog"
        link="http://www.kegg.jp/dbget-bin/www_bget?K02123">
        <graphics name="K02123" fgcolor="#000000" bgcolor="#FFFFFF"
             type="rectangle" x="908" y="721" width="46" height="17"/>
    </entry>
    <entry id="200" name="ko:K02124" type="ortholog"
        link="http://www.kegg.jp/dbget-bin/www_bget?K02124">
        <graphics name="K02124" fgcolor="#000000" bgcolor="#FFFFFF"
             type="rectangle" x="954" y="721" width="46" height="17"/>
    </entry>
    <entry id="201" name="mmu:11964" type="gene"
        link="http://www.kegg.jp/dbget-bin/www_bget?mmu:11964">
        <graphics name="Atp6v1a, AI647066, Atp6a1, Atp6a2, Atp6v1a1, VA68, VPP2" fgcolor="#000000" bgcolor="#BFFFBF"
             type="rectangle" x="908" y="797" width="46" height="17"/>
    </entry>
    <entry id="202" name="mmu:110935 mmu:11966" type="gene"
        link="http://www.kegg.jp/dbget-bin/www_bget?mmu:110935+mmu:11966">
        <graphics name="Atp6v1b1, AW208839, Atp6b1, D630003L15, D630030L16Rik, D630039P21Rik, Vpp-3, Vpp3..." fgcolor="#000000" bgcolor="#BFFFBF"
             type="rectangle" x="954" y="797" width="46" height="17"/>
    </entry>
    <entry id="203" name="mmu:66335 mmu:68775" type="gene"
        link="http://www.kegg.jp/dbget-bin/www_bget?mmu:66335+mmu:68775">
        <graphics name="Atp6v1c1, 1700025B18Rik, U13839..." fgcolor="#000000" bgcolor="#BFFFBF"
             type="rectangle" x="1000" y="797" width="46" height="17"/>
    </entry>
    <entry id="204" name="mmu:73834" type="gene"
        link="http://www.kegg.jp/dbget-bin/www_bget?mmu:73834">
        <graphics name="Atp6v1d, 1110004P10Rik, Atp6m, VATD, Vma8" fgcolor="#000000" bgcolor="#BFFFBF"
             type="rectangle" x="1046" y="797" width="46" height="17"/>
    </entry>
    <entry id="205" name="mmu:11973 mmu:74915" type="gene"
        link="http://www.kegg.jp/dbget-bin/www_bget?mmu:11973+mmu:74915">
        <graphics name="Atp6v1e1, 2410029D23Rik, Atp6e, Atp6e2, Atp6v1e, D6Ertd385e, E2, P31, Vma4..." fgcolor="#000000" bgcolor="#BFFFBF"
             type="rectangle" x="1092" y="797" width="46" height="17"/>
    </entry>
    <entry id="206" name="mmu:66144" type="gene"
        link="http://www.kegg.jp/dbget-bin/www_bget?mmu:66144">
        <graphics name="Atp6v1f, 1110004G16Rik" fgcolor="#000000" bgcolor="#BFFFBF"
             type="rectangle" x="1138" y="797" width="46" height="17"/>
    </entry>
    <entry id="207" name="mmu:338375 mmu:66237 mmu:66290" type="gene"
        link="http://www.kegg.jp/dbget-bin/www_bget?mmu:338375+mmu:66237+mmu:66290">
        <graphics name="Atp6v1g3..." fgcolor="#000000" bgcolor="#BFFFBF"
             type="rectangle" x="1184" y="797" width="46" height="17"/>
    </entry>
    <entry id="208" name="mmu:108664" type="gene"
        link="http://www.kegg.jp/dbget-bin/www_bget?mmu:108664">
        <graphics name="Atp6v1h, 0710001F19Rik, AU022349, CGI-11, SFD, SFDalpha, SFDbeta, VMA13" fgcolor="#000000" bgcolor="#BFFFBF"
             type="rectangle" x="1230" y="797" width="46" height="17"/>
    </entry>
    <entry id="209" name="mmu:11975 mmu:140494 mmu:21871 mmu:27060" type="gene"
        link="http://www.kegg.jp/dbget-bin/www_bget?mmu:11975+mmu:140494+mmu:21871+mmu:27060">
        <graphics name="Atp6v0a1, AA959968, ATP6a1, Atp6n1, Atp6n1a, Atpv0a1, Vpp-1, Vpp1..." fgcolor="#000000" bgcolor="#BFFFBF"
             type="rectangle" x="908" y="814" width="46" height="17"/>
    </entry>
    <entry id="210" name="mmu:11972 mmu:242341" type="gene"
        link="http://www.kegg.jp/dbget-bin/www_bget?mmu:11972+mmu:242341">
        <graphics name="Atp6v0d1, AI267038, Ac39, Atp6d, P39, VATX, Vma6..." fgcolor="#000000" bgcolor="#BFFFBF"
             type="rectangle" x="1000" y="814" width="46" height="17"/>
    </entry>
    <entry id="211" name="mmu:11974 mmu:76252" type="gene"
        link="http://www.kegg.jp/dbget-bin/www_bget?mmu:11974+mmu:76252">
        <graphics name="Atp6v0e, Atp6k, Atp6v0e1, M9.2..." fgcolor="#000000" bgcolor="#BFFFBF"
             type="rectangle" x="1046" y="814" width="46" height="17"/>
    </entry>
    <entry id="212" name="mmu:54411" type="gene"
        link="http://www.kegg.jp/dbget-bin/www_bget?mmu:54411">
        <graphics name="Atp6ap1, 16A, AC45, AI316502, AW108110, Atp6ip1, Atp6s1, C7-1, CF2, VATPS1, XAP-3, mFLJ00383" fgcolor="#000000" bgcolor="#BFFFBF"
             type="rectangle" x="1092" y="814" width="46" height="17"/>
    </entry>
    <entry id="213" name="mmu:114143 mmu:11984" type="gene"
        link="http://www.kegg.jp/dbget-bin/www_bget?mmu:114143+mmu:11984">
        <graphics name="Atp6v0b, 2310024H13Rik, Atp6f, VMA16..." fgcolor="#000000" bgcolor="#BFFFBF"
             type="rectangle" x="954" y="814" width="46" height="17"/>
    </entry>
    <entry id="214" name="mmu:104130" type="gene"
        link="http://www.kegg.jp/dbget-bin/www_bget?mmu:104130">
        <graphics name="Ndufb11, D5Bwg0566e, D5Bwg0577e, NP15.6, Np15" fgcolor="#000000" bgcolor="#BFFFBF"
             type="rectangle" x="550" y="614" width="46" height="17"/>
    </entry>
    <entry id="215" name="mmu:66414" type="gene"
        link="http://www.kegg.jp/dbget-bin/www_bget?mmu:66414">
        <graphics name="Ndufa12, 2410011G03Rik, AW112974" fgcolor="#000000" bgcolor="#BFFFBF"
             type="rectangle" x="642" y="590" width="46" height="17"/>
    </entry>
    <entry id="216" name="mmu:67184" type="gene"
        link="http://www.kegg.jp/dbget-bin/www_bget?mmu:67184">
        <graphics name="Ndufa13, 2700054G14Rik, AU022060, CDA016, CGI-39, GRIM-19, Grim19" fgcolor="#000000" bgcolor="#BFFFBF"
             type="rectangle" x="688" y="590" width="46" height="17"/>
    </entry>
    <entry id="217" name="mmu:66052 mmu:66925 mmu:66945 mmu:67680" type="gene"
        link="http://www.kegg.jp/dbget-bin/www_bget?mmu:66052+mmu:66925+mmu:66945+mmu:67680">
        <graphics name="Sdhc, 0610010E03Rik, AI316496, AU019277..." fgcolor="#000000" bgcolor="#BFFFBF"
             type="rectangle" x="434" y="358" width="46" height="17"/>
    </entry>
    <entry id="218" name="cpd:C00042" type="compound"
        link="http://www.kegg.jp/dbget-bin/www_bget?C00042">
        <graphics name="C00042" fgcolor="#000000" bgcolor="#FFFFFF"
             type="circle" x="393" y="400" width="8" height="8"/>
    </entry>
    <entry id="219" name="ko:K02107" type="ortholog"
        link="http://www.kegg.jp/dbget-bin/www_bget?K02107">
        <graphics name="K02107" fgcolor="#000000" bgcolor="#FFFFFF"
             type="rectangle" x="1184" y="704" width="46" height="17"/>
    </entry>
    <relation entry1="103" entry2="106" type="ECrel">
        <subtype name="compound" value="120"/>
    </relation>
    <relation entry1="104" entry2="106" type="ECrel">
        <subtype name="compound" value="120"/>
    </relation>
</pathway>
