<?xml version="1.0"?>
<!DOCTYPE pathway SYSTEM "http://www.kegg.jp/kegg/xml/KGML_v0.7.2_.dtd">
<!-- Creation date: Mar 24, 2017 10:17:51 +0900 (GMT+9) -->
<pathway name="path:mmu04145" org="mmu" number="04145"
         title="Phagosome"
         image="http://www.kegg.jp/kegg/pathway/mmu/mmu04145.png"
         link="http://www.kegg.jp/kegg-bin/show_pathway?mmu04145">
    <entry id="1" name="path:mmu04145" type="map"
        link="http://www.kegg.jp/dbget-bin/www_bget?mmu04145">
        <graphics name="TITLE:Phagosome" fgcolor="#000000" bgcolor="#FFFFFF"
             type="roundrectangle" x="90" y="58" width="100" height="25"/>
    </entry>
    <entry id="2" name="path:mmu04666" type="map"
        link="http://www.kegg.jp/dbget-bin/www_bget?mmu04666">
        <graphics name="Fc gamma R-mediated phagocytosis" fgcolor="#000000" bgcolor="#FFFFFF"
             type="roundrectangle" x="338" y="85" width="116" height="34"/>
    </entry>
    <entry id="3" name="path:mmu04144" type="map"
        link="http://www.kegg.jp/dbget-bin/www_bget?mmu04144">
        <graphics name="Endocytosis" fgcolor="#000000" bgcolor="#FFFFFF"
             type="roundrectangle" x="136" y="119" width="92" height="25"/>
    </entry>
    <entry id="4" name="mmu:20333" type="gene"
        link="http://www.kegg.jp/dbget-bin/www_bget?mmu:20333">
        <graphics name="Sec22b, 4930564D15Rik, AA517334, AI480645, C81333, ERS-24, Sec22l1" fgcolor="#000000" bgcolor="#BFFFBF"
             type="rectangle" x="667" y="196" width="46" height="17"/>
    </entry>
    <entry id="5" name="mmu:71116" type="gene"
        link="http://www.kegg.jp/dbget-bin/www_bget?mmu:71116">
        <graphics name="Stx18, 1810035L21Rik, 4933425D03Rik, AU041562" fgcolor="#000000" bgcolor="#BFFFBF"
             type="rectangle" x="667" y="175" width="46" height="17"/>
    </entry>
    <entry id="6" name="mmu:22319" type="gene"
        link="http://www.kegg.jp/dbget-bin/www_bget?mmu:22319">
        <graphics name="Vamp3, D130027G05Rik, VAMP-3, ceb" fgcolor="#000000" bgcolor="#BFFFBF"
             type="rectangle" x="320" y="192" width="46" height="17"/>
    </entry>
    <entry id="7" name="ko:K06513" type="ortholog"
        link="http://www.kegg.jp/dbget-bin/www_bget?K06513">
        <graphics name="K06513" fgcolor="#000000" bgcolor="#FFFFFF"
             type="rectangle" x="870" y="131" width="46" height="17"/>
    </entry>
    <entry id="8" name="mmu:14129 mmu:14130 mmu:14131 mmu:246256" type="gene"
        link="http://www.kegg.jp/dbget-bin/www_bget?mmu:14129+mmu:14130+mmu:14131+mmu:246256">
        <graphics name="Fcgr1, AI323638, AV092959, CD64, FcgammaRI, IGGHAFC..." fgcolor="#000000" bgcolor="#BFFFBF"
             type="rectangle" x="920" y="131" width="46" height="17"/>
    </entry>
    <entry id="9" name="mmu:50909" type="gene"
        link="http://www.kegg.jp/dbget-bin/www_bget?mmu:50909">
        <graphics name="C1ra, AI132558, C1r, mC1rA" fgcolor="#000000" bgcolor="#BFFFBF"
             type="rectangle" x="870" y="176" width="46" height="17"/>
    </entry>
    <entry id="10" name="mmu:16409 mmu:16414 mmu:16415" type="gene"
        link="http://www.kegg.jp/dbget-bin/www_bget?mmu:16409+mmu:16414+mmu:16415">
        <graphics name="Itgam, CD11b/CD18, CR3, CR3A, Cd11b, F730045J24Rik, Ly-40, MAC1, Mac-1, Mac-1a..." fgcolor="#000000" bgcolor="#BFFFBF"
             type="rectangle" x="920" y="176" width="46" height="17"/>
    </entry>
    <entry id="11" name="mmu:16410 mmu:16416" type="gene"
        link="http://www.kegg.jp/dbget-bin/www_bget?mmu:16410+mmu:16416">
        <graphics name="Itgav, 1110004F14Rik, 2610028E01Rik, CD51, D430040G12Rik..." fgcolor="#000000" bgcolor="#BFFFBF"
             type="rectangle" x="920" y="252" width="46" height="17"/>
    </entry>
    <entry id="12" name="mmu:16412" type="gene"
        link="http://www.kegg.jp/dbget-bin/www_bget?mmu:16412">
        <graphics name="Itgb1, 4633401G24Rik, AA409975, AA960159, CD29, Fnrb, Gm9863, gpIIa" fgcolor="#000000" bgcolor="#BFFFBF"
             type="rectangle" x="970" y="273" width="46" height="17"/>
    </entry>
    <entry id="13" name="mmu:17533 mmu:17534 mmu:18779" type="gene"
        link="http://www.kegg.jp/dbget-bin/www_bget?mmu:17533+mmu:17534+mmu:18779">
        <graphics name="Mrc1, AW259686, CD206, MR..." fgcolor="#000000" bgcolor="#BFFFBF"
             type="rectangle" x="870" y="392" width="46" height="17"/>
    </entry>
    <entry id="14" name="mmu:20288" type="gene"
        link="http://www.kegg.jp/dbget-bin/www_bget?mmu:20288">
        <graphics name="Msr1, MRS-A, MSR, MSR-A, SR-AI, SR-AII, Scara1, Scvr" fgcolor="#000000" bgcolor="#BFFFBF"
             type="rectangle" x="870" y="432" width="46" height="17"/>
    </entry>
    <entry id="15" name="mmu:16410 mmu:16419" type="gene"
        link="http://www.kegg.jp/dbget-bin/www_bget?mmu:16410+mmu:16419">
        <graphics name="Itgav, 1110004F14Rik, 2610028E01Rik, CD51, D430040G12Rik..." fgcolor="#000000" bgcolor="#BFFFBF"
             type="rectangle" x="970" y="252" width="46" height="17"/>
    </entry>
    <entry id="16" name="mmu:16409 mmu:16414 mmu:16415" type="gene"
        link="http://www.kegg.jp/dbget-bin/www_bget?mmu:16409+mmu:16414+mmu:16415">
        <graphics name="Itgam, CD11b/CD18, CR3, CR3A, Cd11b, F730045J24Rik, Ly-40, MAC1, Mac-1, Mac-1a..." fgcolor="#000000" bgcolor="#BFFFBF"
             type="rectangle" x="870" y="252" width="46" height="17"/>
    </entry>
    <entry id="17" name="mmu:16398 mmu:16412" type="gene"
        link="http://www.kegg.jp/dbget-bin/www_bget?mmu:16398+mmu:16412">
        <graphics name="Itga2, CD49B, DX5..." fgcolor="#000000" bgcolor="#BFFFBF"
             type="rectangle" x="870" y="273" width="46" height="17"/>
    </entry>
    <entry id="18" name="mmu:16402 mmu:16412" type="gene"
        link="http://www.kegg.jp/dbget-bin/www_bget?mmu:16402+mmu:16412">
        <graphics name="Itga5, Cd49e, Fnra, VLA5..." fgcolor="#000000" bgcolor="#BFFFBF"
             type="rectangle" x="920" y="273" width="46" height="17"/>
    </entry>
    <entry id="19" name="mmu:11461 mmu:11465" type="gene"
        link="http://www.kegg.jp/dbget-bin/www_bget?mmu:11461+mmu:11465">
        <graphics name="Actb, Actx, E430023M04Rik, beta-actin..." fgcolor="#000000" bgcolor="#BFFFBF"
             type="rectangle" x="462" y="106" width="46" height="17"/>
    </entry>
    <entry id="20" name="mmu:225326" type="gene"
        link="http://www.kegg.jp/dbget-bin/www_bget?mmu:225326">
        <graphics name="Pik3c3, 5330434F23Rik, Vps34" fgcolor="#000000" bgcolor="#BFFFBF"
             type="rectangle" x="442" y="283" width="46" height="17"/>
    </entry>
    <entry id="21" name="mmu:216238" type="gene"
        link="http://www.kegg.jp/dbget-bin/www_bget?mmu:216238">
        <graphics name="Eea1, A430109M19Rik, B230358H09Rik, ZFYVE2" fgcolor="#000000" bgcolor="#BFFFBF"
             type="rectangle" x="353" y="300" width="46" height="17"/>
    </entry>
    <entry id="22" name="mmu:19344 mmu:19345 mmu:271457" type="gene"
        link="http://www.kegg.jp/dbget-bin/www_bget?mmu:19344+mmu:19345+mmu:271457">
        <graphics name="Rab5b, C030027M18Rik..." fgcolor="#000000" bgcolor="#BFFFBF"
             type="rectangle" x="353" y="283" width="46" height="17"/>
    </entry>
    <entry id="23" name="mmu:19349 mmu:226421" type="gene"
        link="http://www.kegg.jp/dbget-bin/www_bget?mmu:19349+mmu:226421">
        <graphics name="Rab7, Rab7a..." fgcolor="#000000" bgcolor="#BFFFBF"
             type="rectangle" x="353" y="461" width="46" height="17"/>
    </entry>
    <entry id="24" name="mmu:13058" type="gene"
        link="http://www.kegg.jp/dbget-bin/www_bget?mmu:13058">
        <graphics name="Cybb, C88302, CGD91-phox, Cgd, Cyd, Nox2, gp91-1, gp91phox" fgcolor="#000000" bgcolor="#BFFFBF"
             type="rectangle" x="856" y="629" width="46" height="17"/>
    </entry>
    <entry id="25" name="mmu:280408" type="gene"
        link="http://www.kegg.jp/dbget-bin/www_bget?mmu:280408">
        <graphics name="Rilp, AI835553, Gm857" fgcolor="#000000" bgcolor="#BFFFBF"
             type="rectangle" x="353" y="478" width="46" height="17"/>
    </entry>
    <entry id="26" name="mmu:13057" type="gene"
        link="http://www.kegg.jp/dbget-bin/www_bget?mmu:13057">
        <graphics name="Cyba, b558, nmf333, p22-phox, p22phox" fgcolor="#000000" bgcolor="#BFFFBF"
             type="rectangle" x="811" y="629" width="46" height="17"/>
    </entry>
    <entry id="27" name="mmu:17972" type="gene"
        link="http://www.kegg.jp/dbget-bin/www_bget?mmu:17972">
        <graphics name="Ncf4, AI451400, p40phox" fgcolor="#000000" bgcolor="#BFFFBF"
             type="rectangle" x="1055" y="641" width="46" height="17"/>
    </entry>
    <entry id="28" name="mmu:17969" type="gene"
        link="http://www.kegg.jp/dbget-bin/www_bget?mmu:17969">
        <graphics name="Ncf1, NCF-47K, NOXO2, Ncf-1, p47-phox, p47&lt;phox&gt;, p47phox" fgcolor="#000000" bgcolor="#BFFFBF"
             type="rectangle" x="963" y="646" width="46" height="17"/>
    </entry>
    <entry id="29" name="mmu:17970" type="gene"
        link="http://www.kegg.jp/dbget-bin/www_bget?mmu:17970">
        <graphics name="Ncf2, NOXA2, Ncf-2, p67phox" fgcolor="#000000" bgcolor="#BFFFBF"
             type="rectangle" x="1009" y="646" width="46" height="17"/>
    </entry>
    <entry id="30" name="mmu:19353" type="gene"
        link="http://www.kegg.jp/dbget-bin/www_bget?mmu:19353">
        <graphics name="Rac1, AL023026, D5Ertd559e" fgcolor="#000000" bgcolor="#BFFFBF"
             type="rectangle" x="885" y="657" width="46" height="17"/>
    </entry>
    <entry id="31" name="mmu:13058" type="gene"
        link="http://www.kegg.jp/dbget-bin/www_bget?mmu:13058">
        <graphics name="Cybb, C88302, CGD91-phox, Cgd, Cyd, Nox2, gp91-1, gp91phox" fgcolor="#000000" bgcolor="#BFFFBF"
             type="rectangle" x="1009" y="629" width="46" height="17"/>
    </entry>
    <entry id="32" name="mmu:13057" type="gene"
        link="http://www.kegg.jp/dbget-bin/www_bget?mmu:13057">
        <graphics name="Cyba, b558, nmf333, p22-phox, p22phox" fgcolor="#000000" bgcolor="#BFFFBF"
             type="rectangle" x="963" y="629" width="46" height="17"/>
    </entry>
    <entry id="33" name="mmu:17969" type="gene"
        link="http://www.kegg.jp/dbget-bin/www_bget?mmu:17969">
        <graphics name="Ncf1, NCF-47K, NOXO2, Ncf-1, p47-phox, p47&lt;phox&gt;, p47phox" fgcolor="#000000" bgcolor="#BFFFBF"
             type="rectangle" x="784" y="689" width="46" height="17"/>
    </entry>
    <entry id="34" name="mmu:17970" type="gene"
        link="http://www.kegg.jp/dbget-bin/www_bget?mmu:17970">
        <graphics name="Ncf2, NOXA2, Ncf-2, p67phox" fgcolor="#000000" bgcolor="#BFFFBF"
             type="rectangle" x="830" y="689" width="46" height="17"/>
    </entry>
    <entry id="35" name="mmu:17972" type="gene"
        link="http://www.kegg.jp/dbget-bin/www_bget?mmu:17972">
        <graphics name="Ncf4, AI451400, p40phox" fgcolor="#000000" bgcolor="#BFFFBF"
             type="rectangle" x="876" y="689" width="46" height="17"/>
    </entry>
    <entry id="36" name="mmu:19353" type="gene"
        link="http://www.kegg.jp/dbget-bin/www_bget?mmu:19353">
        <graphics name="Rac1, AL023026, D5Ertd559e" fgcolor="#000000" bgcolor="#BFFFBF"
             type="rectangle" x="988" y="663" width="46" height="17"/>
    </entry>
    <entry id="37" name="mmu:110350 mmu:13424 mmu:13426 mmu:13427 mmu:234663 mmu:235661" type="gene"
        link="http://www.kegg.jp/dbget-bin/www_bget?mmu:110350+mmu:13424+mmu:13426+mmu:13427+mmu:234663+mmu:235661">
        <graphics name="Dync2h1, 4432416O06Rik, AI448217, D030010H02Rik, D330044F14Rik, DHC1b, DHC2, Dnchc2, b2b414Clo, mKIAA1997..." fgcolor="#000000" bgcolor="#BFFFBF"
             type="rectangle" x="353" y="495" width="46" height="17"/>
    </entry>
    <entry id="38" name="mmu:22142 mmu:22143 mmu:22144 mmu:22145 mmu:22146 mmu:22147 mmu:238463 mmu:53857" type="gene"
        link="http://www.kegg.jp/dbget-bin/www_bget?mmu:22142+mmu:22143+mmu:22144+mmu:22145+mmu:22146+mmu:22147+mmu:238463+mmu:53857">
        <graphics name="Tuba1a, Tuba-1, Tuba1..." fgcolor="#000000" bgcolor="#BFFFBF"
             type="rectangle" x="376" y="525" width="46" height="17"/>
    </entry>
    <entry id="39" name="mmu:22151 mmu:22152 mmu:22153 mmu:22154 mmu:227613 mmu:545486 mmu:67951 mmu:73710" type="gene"
        link="http://www.kegg.jp/dbget-bin/www_bget?mmu:22151+mmu:22152+mmu:22153+mmu:22154+mmu:227613+mmu:545486+mmu:67951+mmu:73710">
        <graphics name="Tubb2a, M(beta)2, Tubb2..." fgcolor="#000000" bgcolor="#BFFFBF"
             type="rectangle" x="376" y="542" width="46" height="17"/>
    </entry>
    <entry id="40" name="mmu:15239" type="gene"
        link="http://www.kegg.jp/dbget-bin/www_bget?mmu:15239">
        <graphics name="Hgs, Hgr, Hrs, ZFYVE8, tn" fgcolor="#000000" bgcolor="#BFFFBF"
             type="rectangle" x="353" y="406" width="46" height="17"/>
    </entry>
    <entry id="41" name="mmu:17113" type="gene"
        link="http://www.kegg.jp/dbget-bin/www_bget?mmu:17113">
        <graphics name="M6pr, CD-MPR, Mpr46" fgcolor="#000000" bgcolor="#BFFFBF"
             type="rectangle" x="353" y="664" width="46" height="17"/>
    </entry>
    <entry id="42" name="mmu:108664 mmu:110935 mmu:114143 mmu:11964 mmu:11966 mmu:11972 mmu:11973 mmu:11974 mmu:11975 mmu:11984 mmu:140494 mmu:21871 mmu:242341 mmu:27060 mmu:338375 mmu:54411 mmu:66144 mmu:66237 mmu:66290 mmu:66335 mmu:68775 mmu:73834 mmu:74915 mmu:76252" type="gene"
        link="http://www.kegg.jp/dbget-bin/www_bget?mmu:108664+mmu:110935+mmu:114143+mmu:11964+mmu:11966+mmu:11972+mmu:11973+mmu:11974+mmu:11975+mmu:11984+mmu:140494+mmu:21871+mmu:242341+mmu:27060+mmu:338375+mmu:54411+mmu:66144+mmu:66237+mmu:66290+mmu:66335+mmu:68775+mmu:73834+mmu:74915+mmu:76252">
        <graphics name="Atp6v1h, 0710001F19Rik, AU022349, CGI-11, SFD, SFDalpha, SFDbeta, VMA13..." fgcolor="#000000" bgcolor="#BFFFBF"
             type="rectangle" x="438" y="358" width="46" height="17"/>
    </entry>
    <entry id="43" name="mmu:16783 mmu:16784" type="gene"
        link="http://www.kegg.jp/dbget-bin/www_bget?mmu:16783+mmu:16784">
        <graphics name="Lamp1, CD107a, LGP-120, LGP-A, Lamp-1, P2B..." fgcolor="#000000" bgcolor="#BFFFBF"
             type="rectangle" x="353" y="614" width="46" height="17"/>
    </entry>
    <entry id="44" name="mmu:108664 mmu:110935 mmu:114143 mmu:11964 mmu:11966 mmu:11972 mmu:11973 mmu:11974 mmu:11975 mmu:11984 mmu:140494 mmu:21871 mmu:242341 mmu:27060 mmu:338375 mmu:54411 mmu:66144 mmu:66237 mmu:66290 mmu:66335 mmu:68775 mmu:73834 mmu:74915 mmu:76252" type="gene"
        link="http://www.kegg.jp/dbget-bin/www_bget?mmu:108664+mmu:110935+mmu:114143+mmu:11964+mmu:11966+mmu:11972+mmu:11973+mmu:11974+mmu:11975+mmu:11984+mmu:140494+mmu:21871+mmu:242341+mmu:27060+mmu:338375+mmu:54411+mmu:66144+mmu:66237+mmu:66290+mmu:66335+mmu:68775+mmu:73834+mmu:74915+mmu:76252">
        <graphics name="Atp6v1h, 0710001F19Rik, AU022349, CGI-11, SFD, SFDalpha, SFDbeta, VMA13..." fgcolor="#000000" bgcolor="#BFFFBF"
             type="rectangle" x="439" y="702" width="46" height="17"/>
    </entry>
    <entry id="45" name="mmu:17523" type="gene"
        link="http://www.kegg.jp/dbget-bin/www_bget?mmu:17523">
        <graphics name="Mpo, mKIAA4033" fgcolor="#000000" bgcolor="#BFFFBF"
             type="rectangle" x="518" y="655" width="46" height="17"/>
    </entry>
    <entry id="46" name="mmu:18711" type="gene"
        link="http://www.kegg.jp/dbget-bin/www_bget?mmu:18711">
        <graphics name="Pikfyve, 5230400C17Rik, Pip5k, Pip5k3, Pipk5k3, PipkIII, p235" fgcolor="#000000" bgcolor="#BFFFBF"
             type="rectangle" x="353" y="639" width="46" height="17"/>
    </entry>
    <entry id="47" name="mmu:100226" type="gene"
        link="http://www.kegg.jp/dbget-bin/www_bget?mmu:100226">
        <graphics name="Stx12, AI850350, AU041521, Stx13" fgcolor="#000000" bgcolor="#BFFFBF"
             type="rectangle" x="223" y="316" width="46" height="17"/>
    </entry>
    <entry id="48" name="mmu:53331" type="gene"
        link="http://www.kegg.jp/dbget-bin/www_bget?mmu:53331">
        <graphics name="Stx7, AI315064, AI317144, AW107239, Syn7" fgcolor="#000000" bgcolor="#BFFFBF"
             type="rectangle" x="223" y="491" width="46" height="17"/>
    </entry>
    <entry id="49" name="mmu:12491" type="gene"
        link="http://www.kegg.jp/dbget-bin/www_bget?mmu:12491">
        <graphics name="Cd36, FAT, GPIV, Scarb3" fgcolor="#000000" bgcolor="#BFFFBF"
             type="rectangle" x="920" y="456" width="46" height="17"/>
    </entry>
    <entry id="50" name="mmu:17167" type="gene"
        link="http://www.kegg.jp/dbget-bin/www_bget?mmu:17167">
        <graphics name="Marco, AI323439, Ly112, Scara2" fgcolor="#000000" bgcolor="#BFFFBF"
             type="rectangle" x="920" y="432" width="46" height="17"/>
    </entry>
    <entry id="51" name="mmu:108078" type="gene"
        link="http://www.kegg.jp/dbget-bin/www_bget?mmu:108078">
        <graphics name="Olr1, LOX-1, SR-EI, Scare1" fgcolor="#000000" bgcolor="#BFFFBF"
             type="rectangle" x="970" y="432" width="46" height="17"/>
    </entry>
    <entry id="52" name="mmu:12475" type="gene"
        link="http://www.kegg.jp/dbget-bin/www_bget?mmu:12475">
        <graphics name="Cd14" fgcolor="#000000" bgcolor="#BFFFBF"
             type="rectangle" x="970" y="321" width="46" height="17"/>
    </entry>
    <entry id="53" name="mmu:24088" type="gene"
        link="http://www.kegg.jp/dbget-bin/www_bget?mmu:24088">
        <graphics name="Tlr2, Ly105" fgcolor="#000000" bgcolor="#BFFFBF"
             type="rectangle" x="870" y="321" width="46" height="17"/>
    </entry>
    <entry id="54" name="mmu:21899" type="gene"
        link="http://www.kegg.jp/dbget-bin/www_bget?mmu:21899">
        <graphics name="Tlr6" fgcolor="#000000" bgcolor="#BFFFBF"
             type="rectangle" x="870" y="338" width="46" height="17"/>
    </entry>
    <entry id="55" name="mmu:21898" type="gene"
        link="http://www.kegg.jp/dbget-bin/www_bget?mmu:21898">
        <graphics name="Tlr4, Lps, Ly87, Ran/M1, Rasl2-8" fgcolor="#000000" bgcolor="#BFFFBF"
             type="rectangle" x="920" y="321" width="46" height="17"/>
    </entry>
    <entry id="56" name="path:mmu04142" type="map"
        link="http://www.kegg.jp/dbget-bin/www_bget?mmu04142">
        <graphics name="Lysosome" fgcolor="#000000" bgcolor="#FFFFFF"
             type="roundrectangle" x="126" y="692" width="92" height="25"/>
    </entry>
    <entry id="57" name="mmu:18125" type="gene"
        link="http://www.kegg.jp/dbget-bin/www_bget?mmu:18125">
        <graphics name="Nos1, 2310005C01Rik, N-NOS, NC-NOS, NO, NOS, NOS-I, Nos-1, bNOS, nNOS" fgcolor="#000000" bgcolor="#BFFFBF"
             type="rectangle" x="411" y="614" width="46" height="17"/>
    </entry>
    <entry id="58" name="mmu:20778" type="gene"
        link="http://www.kegg.jp/dbget-bin/www_bget?mmu:20778">
        <graphics name="Scarb1, AI120173, CD36, Cd36l1, Chohd1, Cla-1, Cla1, D5Ertd460e, Hdlq1, Hlb398, SR-B1, SR-BI, SRBI, Srb1, mSR-BI" fgcolor="#000000" bgcolor="#BFFFBF"
             type="rectangle" x="870" y="456" width="46" height="17"/>
    </entry>
    <entry id="59" name="mmu:641025" type="gene"
        link="http://www.kegg.jp/dbget-bin/www_bget?mmu:641025">
        <graphics name="CRP55H, IGHV, IgVH, Igh, Igm" fgcolor="#000000" bgcolor="#BFFFBF"
             type="rectangle" x="1035" y="131" width="46" height="17"/>
    </entry>
    <entry id="60" name="mmu:12266" type="gene"
        link="http://www.kegg.jp/dbget-bin/www_bget?mmu:12266">
        <graphics name="C3, AI255234, ASP, HSE-MSF, Plp" fgcolor="#000000" bgcolor="#BFFFBF"
             type="rectangle" x="1035" y="176" width="46" height="17"/>
    </entry>
    <entry id="61" name="mmu:12845 mmu:21825 mmu:21826 mmu:21827 mmu:21828" type="gene"
        link="http://www.kegg.jp/dbget-bin/www_bget?mmu:12845+mmu:21825+mmu:21826+mmu:21827+mmu:21828">
        <graphics name="Comp, TSP5..." fgcolor="#000000" bgcolor="#BFFFBF"
             type="rectangle" x="1035" y="252" width="46" height="17"/>
    </entry>
    <entry id="62" name="path:mmu04610" type="map"
        link="http://www.kegg.jp/dbget-bin/www_bget?mmu04610">
        <graphics name="Complement and coagulation cascades" fgcolor="#000000" bgcolor="#FFFFFF"
             type="roundrectangle" x="911" y="207" width="105" height="34"/>
    </entry>
    <entry id="63" name="mmu:140792 mmu:17194 mmu:17195 mmu:20387 mmu:20390 mmu:71693" type="gene"
        link="http://www.kegg.jp/dbget-bin/www_bget?mmu:140792+mmu:17194+mmu:17195+mmu:20387+mmu:20390+mmu:71693">
        <graphics name="Colec12, CL-P1, SRCL, Scara4..." fgcolor="#000000" bgcolor="#BFFFBF"
             type="rectangle" x="1035" y="198" width="46" height="17"/>
    </entry>
    <entry id="64" name="path:mmu04620" type="map"
        link="http://www.kegg.jp/dbget-bin/www_bget?mmu04620">
        <graphics name="Toll-like receptor signaling pathway" fgcolor="#000000" bgcolor="#FFFFFF"
             type="roundrectangle" x="996" y="357" width="105" height="34"/>
    </entry>
    <entry id="65" name="path:mmu04612" type="map"
        link="http://www.kegg.jp/dbget-bin/www_bget?mmu04612">
        <graphics name="Antigen processing and presentation" fgcolor="#000000" bgcolor="#FFFFFF"
             type="roundrectangle" x="717" y="428" width="100" height="34"/>
    </entry>
    <entry id="66" name="mmu:100043039 mmu:100046078 mmu:102637269 mmu:20335 mmu:53421 mmu:57743 mmu:66212" type="gene"
        link="http://www.kegg.jp/dbget-bin/www_bget?mmu:100043039+mmu:100046078+mmu:102637269+mmu:20335+mmu:53421+mmu:57743+mmu:66212">
        <graphics name="Gm4184..." fgcolor="#000000" bgcolor="#BFFFBF"
             type="rectangle" x="630" y="688" width="46" height="17"/>
    </entry>
    <entry id="67" name="mmu:12317" type="gene"
        link="http://www.kegg.jp/dbget-bin/www_bget?mmu:12317">
        <graphics name="Calr, CRT, Calregulin" fgcolor="#000000" bgcolor="#BFFFBF"
             type="rectangle" x="628" y="298" width="46" height="17"/>
    </entry>
    <entry id="68" name="mmu:12330" type="gene"
        link="http://www.kegg.jp/dbget-bin/www_bget?mmu:12330">
        <graphics name="Canx, 1110069N15Rik, AI988026, Cnx, D11Ertd153e" fgcolor="#000000" bgcolor="#BFFFBF"
             type="rectangle" x="628" y="320" width="46" height="17"/>
    </entry>
    <entry id="69" name="mmu:100504404 mmu:14960 mmu:14961 mmu:14969 mmu:14998 mmu:14999 mmu:15000 mmu:15001 mmu:15002" type="gene"
        link="http://www.kegg.jp/dbget-bin/www_bget?mmu:100504404+mmu:14960+mmu:14961+mmu:14969+mmu:14998+mmu:14999+mmu:15000+mmu:15001+mmu:15002">
        <graphics name="H2-Ea-ps, AI323765, E-alpha-f, H-2Ea, H2-Ea, I-Ealpha, Ia-3, Ia3, MHC-H2-Ea..." fgcolor="#000000" bgcolor="#BFFFBF"
             type="rectangle" x="719" y="473" width="46" height="17"/>
    </entry>
    <entry id="70" name="mmu:100504404 mmu:14960 mmu:14961 mmu:14969 mmu:14998 mmu:14999 mmu:15000 mmu:15001 mmu:15002" type="gene"
        link="http://www.kegg.jp/dbget-bin/www_bget?mmu:100504404+mmu:14960+mmu:14961+mmu:14969+mmu:14998+mmu:14999+mmu:15000+mmu:15001+mmu:15002">
        <graphics name="H2-Ea-ps, AI323765, E-alpha-f, H-2Ea, H2-Ea, I-Ealpha, Ia-3, Ia3, MHC-H2-Ea..." fgcolor="#000000" bgcolor="#BFFFBF"
             type="rectangle" x="801" y="171" width="46" height="17"/>
    </entry>
    <entry id="71" name="mmu:170776 mmu:170779 mmu:170780 mmu:170786 mmu:69142 mmu:69165 mmu:70192" type="gene"
        link="http://www.kegg.jp/dbget-bin/www_bget?mmu:170776+mmu:170779+mmu:170780+mmu:170786+mmu:69142+mmu:69165+mmu:70192">
        <graphics name="Cd209c, SIGNR2, mSIGNR2..." fgcolor="#000000" bgcolor="#BFFFBF"
             type="rectangle" x="921" y="392" width="46" height="17"/>
    </entry>
    <entry id="72" name="mmu:56644" type="gene"
        link="http://www.kegg.jp/dbget-bin/www_bget?mmu:56644">
        <graphics name="Clec7a, BGR, Clecsf12, beta-GR" fgcolor="#000000" bgcolor="#BFFFBF"
             type="rectangle" x="973" y="391" width="46" height="17"/>
    </entry>
    <entry id="73" name="mmu:21354 mmu:21355" type="gene"
        link="http://www.kegg.jp/dbget-bin/www_bget?mmu:21354+mmu:21355">
        <graphics name="Tap1, ABC17, APT1, Abcb2, Ham-1, Ham1, MTP1, PSF1, RING4, TAP, Tap-1, Y3..." fgcolor="#000000" bgcolor="#BFFFBF"
             type="rectangle" x="644" y="664" width="46" height="17"/>
    </entry>
    <entry id="74" name="mmu:13039 mmu:13040" type="gene"
        link="http://www.kegg.jp/dbget-bin/www_bget?mmu:13039+mmu:13040">
        <graphics name="Ctsl, 1190035F06Rik, CatL, Ctsl1, MEP, fs, nkt..." fgcolor="#000000" bgcolor="#BFFFBF"
             type="rectangle" x="522" y="702" width="46" height="17"/>
    </entry>
    <entry id="75" name="mmu:100529082 mmu:110557 mmu:110558 mmu:110696 mmu:14963 mmu:14964 mmu:14972 mmu:14980 mmu:14985 mmu:14990 mmu:14991 mmu:14997 mmu:15006 mmu:15007 mmu:15013 mmu:15015 mmu:15018 mmu:15019 mmu:15024 mmu:15033 mmu:15039 mmu:15040 mmu:15042 mmu:15043 mmu:15051 mmu:224753 mmu:224754 mmu:224756 mmu:224761 mmu:240095 mmu:333715 mmu:399549 mmu:547349 mmu:630294 mmu:667803 mmu:667977 mmu:69717" type="gene"
        link="http://www.kegg.jp/dbget-bin/www_bget?mmu:100529082+mmu:110557+mmu:110558+mmu:110696+mmu:14963+mmu:14964+mmu:14972+mmu:14980+mmu:14985+mmu:14990+mmu:14991+mmu:14997+mmu:15006+mmu:15007+mmu:15013+mmu:15015+mmu:15018+mmu:15019+mmu:15024+mmu:15033+mmu:15039+mmu:15040+mmu:15042+mmu:15043+mmu:15051+mmu:224753+mmu:224754+mmu:224756+mmu:224761+mmu:240095+mmu:333715+mmu:399549+mmu:547349+mmu:630294+mmu:667803+mmu:667977+mmu:69717">
        <graphics name="Gm11127..." fgcolor="#000000" bgcolor="#BFFFBF"
             type="rectangle" x="750" y="171" width="46" height="17"/>
    </entry>
    <entry id="76" name="mmu:21354 mmu:21355" type="gene"
        link="http://www.kegg.jp/dbget-bin/www_bget?mmu:21354+mmu:21355">
        <graphics name="Tap1, ABC17, APT1, Abcb2, Ham-1, Ham1, MTP1, PSF1, RING4, TAP, Tap-1, Y3..." fgcolor="#000000" bgcolor="#BFFFBF"
             type="rectangle" x="705" y="300" width="46" height="17"/>
    </entry>
    <entry id="77" name="mmu:100529082 mmu:110557 mmu:110558 mmu:110696 mmu:14963 mmu:14964 mmu:14972 mmu:14980 mmu:14985 mmu:14990 mmu:14991 mmu:14997 mmu:15006 mmu:15007 mmu:15013 mmu:15015 mmu:15018 mmu:15019 mmu:15024 mmu:15033 mmu:15039 mmu:15040 mmu:15042 mmu:15043 mmu:15051 mmu:224753 mmu:224754 mmu:224756 mmu:224761 mmu:240095 mmu:333715 mmu:399549 mmu:547349 mmu:630294 mmu:667803 mmu:667977 mmu:69717" type="gene"
        link="http://www.kegg.jp/dbget-bin/www_bget?mmu:100529082+mmu:110557+mmu:110558+mmu:110696+mmu:14963+mmu:14964+mmu:14972+mmu:14980+mmu:14985+mmu:14990+mmu:14991+mmu:14997+mmu:15006+mmu:15007+mmu:15013+mmu:15015+mmu:15018+mmu:15019+mmu:15024+mmu:15033+mmu:15039+mmu:15040+mmu:15042+mmu:15043+mmu:15051+mmu:224753+mmu:224754+mmu:224756+mmu:224761+mmu:240095+mmu:333715+mmu:399549+mmu:547349+mmu:630294+mmu:667803+mmu:667977+mmu:69717">
        <graphics name="Gm11127..." fgcolor="#000000" bgcolor="#BFFFBF"
             type="rectangle" x="688" y="330" width="46" height="17"/>
    </entry>
    <entry id="78" name="mmu:100529082 mmu:110557 mmu:110558 mmu:110696 mmu:14963 mmu:14964 mmu:14972 mmu:14980 mmu:14985 mmu:14990 mmu:14991 mmu:14997 mmu:15006 mmu:15007 mmu:15013 mmu:15015 mmu:15018 mmu:15019 mmu:15024 mmu:15033 mmu:15039 mmu:15040 mmu:15042 mmu:15043 mmu:15051 mmu:224753 mmu:224754 mmu:224756 mmu:224761 mmu:240095 mmu:333715 mmu:399549 mmu:547349 mmu:630294 mmu:667803 mmu:667977 mmu:69717" type="gene"
        link="http://www.kegg.jp/dbget-bin/www_bget?mmu:100529082+mmu:110557+mmu:110558+mmu:110696+mmu:14963+mmu:14964+mmu:14972+mmu:14980+mmu:14985+mmu:14990+mmu:14991+mmu:14997+mmu:15006+mmu:15007+mmu:15013+mmu:15015+mmu:15018+mmu:15019+mmu:15024+mmu:15033+mmu:15039+mmu:15040+mmu:15042+mmu:15043+mmu:15051+mmu:224753+mmu:224754+mmu:224756+mmu:224761+mmu:240095+mmu:333715+mmu:399549+mmu:547349+mmu:630294+mmu:667803+mmu:667977+mmu:69717">
        <graphics name="Gm11127..." fgcolor="#000000" bgcolor="#BFFFBF"
             type="rectangle" x="625" y="608" width="46" height="17"/>
    </entry>
    <entry id="79" name="mmu:22042" type="gene"
        link="http://www.kegg.jp/dbget-bin/www_bget?mmu:22042">
        <graphics name="Tfrc, 2610028K12Rik, CD71, E430033M20Rik, Mtvr1, TFR, TFR1, TR, Trfr, p90" fgcolor="#000000" bgcolor="#BFFFBF"
             type="rectangle" x="353" y="330" width="46" height="17"/>
    </entry>
    <entry id="80" name="mmu:12721" type="gene"
        link="http://www.kegg.jp/dbget-bin/www_bget?mmu:12721">
        <graphics name="Coro1a, Clabp, Lmb3, TACO, p57" fgcolor="#000000" bgcolor="#BFFFBF"
             type="rectangle" x="421" y="160" width="46" height="17"/>
    </entry>
    <entry id="81" name="mmu:108664 mmu:110935 mmu:114143 mmu:11964 mmu:11966 mmu:11972 mmu:11973 mmu:11974 mmu:11975 mmu:11984 mmu:140494 mmu:21871 mmu:242341 mmu:27060 mmu:338375 mmu:54411 mmu:66144 mmu:66237 mmu:66290 mmu:66335 mmu:68775 mmu:73834 mmu:74915 mmu:76252" type="gene"
        link="http://www.kegg.jp/dbget-bin/www_bget?mmu:108664+mmu:110935+mmu:114143+mmu:11964+mmu:11966+mmu:11972+mmu:11973+mmu:11974+mmu:11975+mmu:11984+mmu:140494+mmu:21871+mmu:242341+mmu:27060+mmu:338375+mmu:54411+mmu:66144+mmu:66237+mmu:66290+mmu:66335+mmu:68775+mmu:73834+mmu:74915+mmu:76252">
        <graphics name="Atp6v1h, 0710001F19Rik, AU022349, CGI-11, SFD, SFDalpha, SFDbeta, VMA13..." fgcolor="#000000" bgcolor="#BFFFBF"
             type="rectangle" x="438" y="512" width="46" height="17"/>
    </entry>
    <entry id="82" name="cpd:C04549" type="compound"
        link="http://www.kegg.jp/dbget-bin/www_bget?C04549">
        <graphics name="C04549" fgcolor="#000000" bgcolor="#FFFFFF"
             type="circle" x="520" y="282" width="8" height="8"/>
    </entry>
    <entry id="83" name="cpd:C04549" type="compound"
        link="http://www.kegg.jp/dbget-bin/www_bget?C04549">
        <graphics name="C04549" fgcolor="#000000" bgcolor="#FFFFFF"
             type="circle" x="1041" y="627" width="8" height="8"/>
    </entry>
    <entry id="84" name="undefined" type="group">
        <graphics fgcolor="#000000" bgcolor="#FFFFFF"
             type="rectangle" x="353" y="291" width="46" height="34"/>
        <component id="21"/>
        <component id="22"/>
    </entry>
    <entry id="85" name="undefined" type="group">
        <graphics fgcolor="#000000" bgcolor="#FFFFFF"
             type="rectangle" x="353" y="478" width="46" height="51"/>
        <component id="23"/>
        <component id="25"/>
        <component id="37"/>
    </entry>
    <entry id="86" name="undefined" type="group">
        <graphics fgcolor="#000000" bgcolor="#FFFFFF"
             type="rectangle" x="376" y="533" width="46" height="34"/>
        <component id="38"/>
        <component id="39"/>
    </entry>
    <relation entry1="84" entry2="20" type="PPrel">
        <subtype name="binding/association" value="---"/>
    </relation>
    <relation entry1="38" entry2="39" type="PPrel">
        <subtype name="binding/association" value="---"/>
    </relation>
    <relation entry1="85" entry2="86" type="PPrel">
        <subtype name="binding/association" value="---"/>
    </relation>
</pathway>
