<?xml version="1.0"?>
<!DOCTYPE pathway SYSTEM "http://www.kegg.jp/kegg/xml/KGML_v0.7.2_.dtd">
<!-- Creation date: Mar 3, 2016 15:33:32 +0900 (GMT+9) -->
<pathway name="path:mmu04210" org="mmu" number="04210"
         title="Apoptosis"
         image="http://www.kegg.jp/kegg/pathway/mmu/mmu04210.png"
         link="http://www.kegg.jp/kegg-bin/show_pathway?mmu04210">
    <entry id="1" name="path:mmu04115" type="map"
        link="http://www.kegg.jp/dbget-bin/www_bget?mmu04115">
        <graphics name="p53 signaling pathway" fgcolor="#000000" bgcolor="#FFFFFF"
             type="roundrectangle" x="1286" y="626" width="124" height="34"/>
    </entry>
    <entry id="2" name="path:mmu04668" type="map"
        link="http://www.kegg.jp/dbget-bin/www_bget?mmu04668">
        <graphics name="TNF signaling pathway" fgcolor="#000000" bgcolor="#FFFFFF"
             type="roundrectangle" x="107" y="390" width="124" height="34"/>
    </entry>
    <entry id="3" name="mmu:12048" type="gene"
        link="http://www.kegg.jp/dbget-bin/www_bget?mmu:12048">
        <graphics name="Bcl2l1, Bcl(X)L, Bcl-XL, Bcl2l, BclX, bcl-x, bcl2-L-1" fgcolor="#000000" bgcolor="#BFFFBF"
             type="rectangle" x="1536" y="902" width="46" height="17"/>
    </entry>
    <entry id="4" name="mmu:13347" type="gene"
        link="http://www.kegg.jp/dbget-bin/www_bget?mmu:13347">
        <graphics name="Dffa, A330085O09Rik, DFF35, Dff45, ICAD, ICAD-L, ICAD-S" fgcolor="#000000" bgcolor="#BFFFBF"
             type="rectangle" x="1164" y="313" width="46" height="17"/>
    </entry>
    <entry id="5" name="mmu:11920" type="gene"
        link="http://www.kegg.jp/dbget-bin/www_bget?mmu:11920">
        <graphics name="Atm, AI256621, C030026E19Rik" fgcolor="#000000" bgcolor="#BFFFBF"
             type="rectangle" x="1283" y="547" width="46" height="17"/>
    </entry>
    <entry id="6" name="mmu:22059" type="gene"
        link="http://www.kegg.jp/dbget-bin/www_bget?mmu:22059">
        <graphics name="Trp53, Tp53, bbl, bfy, bhy, p44, p53" fgcolor="#000000" bgcolor="#BFFFBF"
             type="rectangle" x="1283" y="594" width="46" height="17"/>
    </entry>
    <entry id="7" name="mmu:13804" type="gene"
        link="http://www.kegg.jp/dbget-bin/www_bget?mmu:13804">
        <graphics name="Endog" fgcolor="#000000" bgcolor="#BFFFBF"
             type="rectangle" x="1101" y="690" width="46" height="17"/>
    </entry>
    <entry id="8" name="mmu:26926" type="gene"
        link="http://www.kegg.jp/dbget-bin/www_bget?mmu:26926">
        <graphics name="Aifm1, AIF, AIFsh2, Hq, Pdcd8" fgcolor="#000000" bgcolor="#BFFFBF"
             type="rectangle" x="1101" y="713" width="46" height="17"/>
    </entry>
    <entry id="9" name="mmu:12043" type="gene"
        link="http://www.kegg.jp/dbget-bin/www_bget?mmu:12043">
        <graphics name="Bcl2, AW986256, Bcl-2, C430015F12Rik, D630044D05Rik, D830018M01Rik" fgcolor="#000000" bgcolor="#BFFFBF"
             type="rectangle" x="665" y="632" width="46" height="17"/>
    </entry>
    <entry id="10" name="mmu:11796 mmu:11797 mmu:11798 mmu:11799" type="gene"
        link="http://www.kegg.jp/dbget-bin/www_bget?mmu:11796+mmu:11797+mmu:11798+mmu:11799">
        <graphics name="Birc3, AW107670, Api1, Api2, Birc2, C-IAP2, HIAP2, IAP1, IAP2, MIAP1, MIAP2, MIHB, MIHC, RNF49, cIAP-1, cIAP-2, cIAP1, cIAP2..." fgcolor="#000000" bgcolor="#BFFFBF"
             type="rectangle" x="1536" y="877" width="46" height="17"/>
    </entry>
    <entry id="11" name="mmu:13368" type="gene"
        link="http://www.kegg.jp/dbget-bin/www_bget?mmu:13368">
        <graphics name="Dffb, 40kDa, 5730477D02Rik, CAD, CPAN, DFF40, Didff" fgcolor="#000000" bgcolor="#BFFFBF"
             type="rectangle" x="1164" y="345" width="46" height="17"/>
    </entry>
    <entry id="12" name="mmu:12371" type="gene"
        link="http://www.kegg.jp/dbget-bin/www_bget?mmu:12371">
        <graphics name="Casp9, AI115399, APAF-3, AW493809, CASP-9, Caspase-9, ICE-LAP6, Mch6" fgcolor="#000000" bgcolor="#BFFFBF"
             type="rectangle" x="1102" y="386" width="46" height="17"/>
    </entry>
    <entry id="13" name="mmu:12369" type="gene"
        link="http://www.kegg.jp/dbget-bin/www_bget?mmu:12369">
        <graphics name="Casp7, AI314680, CMH-1, ICE-IAP3, Mch3, caspase-7, mCASP-7" fgcolor="#000000" bgcolor="#BFFFBF"
             type="rectangle" x="987" y="350" width="46" height="17"/>
    </entry>
    <entry id="14" name="mmu:12367" type="gene"
        link="http://www.kegg.jp/dbget-bin/www_bget?mmu:12367">
        <graphics name="Casp3, A830040C14Rik, AC-3, CASP-3, CC3, CPP-32, CPP32, Caspase-3, Lice, SCA-1, Yama, mldy" fgcolor="#000000" bgcolor="#BFFFBF"
             type="rectangle" x="987" y="327" width="46" height="17"/>
    </entry>
    <entry id="15" name="mmu:12015" type="gene"
        link="http://www.kegg.jp/dbget-bin/www_bget?mmu:12015">
        <graphics name="Bad, AI325008, Bbc2" fgcolor="#000000" bgcolor="#BFFFBF"
             type="rectangle" x="596" y="737" width="46" height="17"/>
    </entry>
    <entry id="16" name="mmu:18033 mmu:19697" type="gene"
        link="http://www.kegg.jp/dbget-bin/www_bget?mmu:18033+mmu:19697">
        <graphics name="Nfkb1, NF-KB1, NF-kappaB, NF-kappaB1, p105, p50, p50/p105..." fgcolor="#000000" bgcolor="#BFFFBF"
             type="rectangle" x="832" y="901" width="46" height="17"/>
    </entry>
    <entry id="17" name="mmu:11796 mmu:11797 mmu:11798 mmu:11799" type="gene"
        link="http://www.kegg.jp/dbget-bin/www_bget?mmu:11796+mmu:11797+mmu:11798+mmu:11799">
        <graphics name="Birc3, AW107670, Api1, Api2, Birc2, C-IAP2, HIAP2, IAP1, IAP2, MIAP1, MIAP2, MIHB, MIHC, RNF49, cIAP-1, cIAP-2, cIAP1, cIAP2..." fgcolor="#000000" bgcolor="#BFFFBF"
             type="rectangle" x="891" y="387" width="46" height="17"/>
    </entry>
    <entry id="18" name="mmu:12368" type="gene"
        link="http://www.kegg.jp/dbget-bin/www_bget?mmu:12368">
        <graphics name="Casp6, CASP-6, Mch2" fgcolor="#000000" bgcolor="#BFFFBF"
             type="rectangle" x="987" y="294" width="46" height="17"/>
    </entry>
    <entry id="19" name="mmu:18035" type="gene"
        link="http://www.kegg.jp/dbget-bin/www_bget?mmu:18035">
        <graphics name="Nfkbia, AI462015, Nfkbi" fgcolor="#000000" bgcolor="#BFFFBF"
             type="rectangle" x="832" y="869" width="46" height="17"/>
    </entry>
    <entry id="20" name="mmu:11783" type="gene"
        link="http://www.kegg.jp/dbget-bin/www_bget?mmu:11783">
        <graphics name="Apaf1, 6230400I06Rik, Apaf-1, Apaf1l, fog, mKIAA0413" fgcolor="#000000" bgcolor="#BFFFBF"
             type="rectangle" x="965" y="636" width="46" height="17"/>
    </entry>
    <entry id="21" name="mmu:13063 mmu:13067" type="gene"
        link="http://www.kegg.jp/dbget-bin/www_bget?mmu:13063+mmu:13067">
        <graphics name="Cycs..." fgcolor="#000000" bgcolor="#BFFFBF"
             type="rectangle" x="965" y="603" width="46" height="17"/>
    </entry>
    <entry id="22" name="mmu:12122" type="gene"
        link="http://www.kegg.jp/dbget-bin/www_bget?mmu:12122">
        <graphics name="Bid, 2700049M22Rik, AI875481, AU022477" fgcolor="#000000" bgcolor="#BFFFBF"
             type="rectangle" x="783" y="425" width="46" height="17"/>
    </entry>
    <entry id="23" name="mmu:12370" type="gene"
        link="http://www.kegg.jp/dbget-bin/www_bget?mmu:12370">
        <graphics name="Casp8, CASP-8, FLICE, MACH, Mch5" fgcolor="#000000" bgcolor="#BFFFBF"
             type="rectangle" x="784" y="326" width="46" height="17"/>
    </entry>
    <entry id="24" name="ko:K04400" type="ortholog"
        link="http://www.kegg.jp/dbget-bin/www_bget?K04400">
        <graphics name="K04400" fgcolor="#000000" bgcolor="#FFFFFF"
             type="rectangle" x="784" y="351" width="46" height="17"/>
    </entry>
    <entry id="25" name="mmu:12333 mmu:12334" type="gene"
        link="http://www.kegg.jp/dbget-bin/www_bget?mmu:12333+mmu:12334">
        <graphics name="Capn1, Capa-1, Capa1, mu-calpin..." fgcolor="#000000" bgcolor="#BFFFBF"
             type="rectangle" x="815" y="172" width="46" height="17"/>
    </entry>
    <entry id="26" name="mmu:11651 mmu:11652 mmu:23797" type="gene"
        link="http://www.kegg.jp/dbget-bin/www_bget?mmu:11651+mmu:11652+mmu:23797">
        <graphics name="Akt1, Akt, LTR-akt, PKB, PKB/Akt, PKBalpha, Rac..." fgcolor="#000000" bgcolor="#BFFFBF"
             type="rectangle" x="545" y="924" width="46" height="17"/>
    </entry>
    <entry id="27" name="mmu:53859" type="gene"
        link="http://www.kegg.jp/dbget-bin/www_bget?mmu:53859">
        <graphics name="Map3k14, Nik, aly" fgcolor="#000000" bgcolor="#BFFFBF"
             type="rectangle" x="330" y="735" width="46" height="17"/>
    </entry>
    <entry id="28" name="mmu:12675 mmu:16150 mmu:16151" type="gene"
        link="http://www.kegg.jp/dbget-bin/www_bget?mmu:12675+mmu:16150+mmu:16151">
        <graphics name="Chuk, AI256658, Chuk1, Fbx24, Fbxo24, IKBKA, IKK1, Ikka, NFKBIKA..." fgcolor="#000000" bgcolor="#BFFFBF"
             type="rectangle" x="742" y="869" width="46" height="17"/>
    </entry>
    <entry id="29" name="mmu:12633" type="gene"
        link="http://www.kegg.jp/dbget-bin/www_bget?mmu:12633">
        <graphics name="Cflar, 2310024N18Rik, A430105C05Rik, CLARP, Cash, Casper, FLAME, FLAME-1, Flip, Gm9845, I-FLICE, MRIT, c-Flip" fgcolor="#000000" bgcolor="#BFFFBF"
             type="rectangle" x="525" y="297" width="46" height="17"/>
    </entry>
    <entry id="30" name="mmu:18706 mmu:18707 mmu:18708 mmu:18709 mmu:18710 mmu:74769" type="gene"
        link="http://www.kegg.jp/dbget-bin/www_bget?mmu:18706+mmu:18707+mmu:18708+mmu:18709+mmu:18710+mmu:74769">
        <graphics name="Pik3ca, 6330412C24Rik, caPI3K, p110, p110alpha..." fgcolor="#000000" bgcolor="#BFFFBF"
             type="rectangle" x="287" y="924" width="46" height="17"/>
    </entry>
    <entry id="31" name="mmu:22030" type="gene"
        link="http://www.kegg.jp/dbget-bin/www_bget?mmu:22030">
        <graphics name="Traf2, AI325259" fgcolor="#000000" bgcolor="#BFFFBF"
             type="rectangle" x="287" y="411" width="46" height="17"/>
    </entry>
    <entry id="32" name="mmu:19766" type="gene"
        link="http://www.kegg.jp/dbget-bin/www_bget?mmu:19766">
        <graphics name="Ripk1, D330015H01Rik, RIP, Rinp, Rip1" fgcolor="#000000" bgcolor="#BFFFBF"
             type="rectangle" x="287" y="394" width="46" height="17"/>
    </entry>
    <entry id="33" name="mmu:71609" type="gene"
        link="http://www.kegg.jp/dbget-bin/www_bget?mmu:71609">
        <graphics name="Tradd, 9130005N23Rik, AA930854" fgcolor="#000000" bgcolor="#BFFFBF"
             type="rectangle" x="287" y="377" width="46" height="17"/>
    </entry>
    <entry id="34" name="mmu:14082" type="gene"
        link="http://www.kegg.jp/dbget-bin/www_bget?mmu:14082">
        <graphics name="Fadd, Mort1/FADD" fgcolor="#000000" bgcolor="#BFFFBF"
             type="rectangle" x="287" y="346" width="46" height="17"/>
    </entry>
    <entry id="35" name="mmu:71609" type="gene"
        link="http://www.kegg.jp/dbget-bin/www_bget?mmu:71609">
        <graphics name="Tradd, 9130005N23Rik, AA930854" fgcolor="#000000" bgcolor="#BFFFBF"
             type="rectangle" x="287" y="329" width="46" height="17"/>
    </entry>
    <entry id="36" name="mmu:14082" type="gene"
        link="http://www.kegg.jp/dbget-bin/www_bget?mmu:14082">
        <graphics name="Fadd, Mort1/FADD" fgcolor="#000000" bgcolor="#BFFFBF"
             type="rectangle" x="287" y="170" width="46" height="17"/>
    </entry>
    <entry id="37" name="mmu:12983 mmu:12984 mmu:16188" type="gene"
        link="http://www.kegg.jp/dbget-bin/www_bget?mmu:12983+mmu:12984+mmu:16188">
        <graphics name="Csf2rb, AI848964, AIC2B, Bc, CDw131, Csf2rb1, Csfgmrb, Il3r, Il3rb, Il3rb1, Il5rb..." fgcolor="#000000" bgcolor="#BFFFBF"
             type="rectangle" x="201" y="969" width="46" height="17"/>
    </entry>
    <entry id="38" name="mmu:18211" type="gene"
        link="http://www.kegg.jp/dbget-bin/www_bget?mmu:18211">
        <graphics name="Ntrk1, C80751, Tkr, TrkA, trk" fgcolor="#000000" bgcolor="#BFFFBF"
             type="rectangle" x="201" y="924" width="46" height="17"/>
    </entry>
    <entry id="39" name="mmu:21937" type="gene"
        link="http://www.kegg.jp/dbget-bin/www_bget?mmu:21937">
        <graphics name="Tnfrsf1a, CD120a, FPF, TNF-R, TNF-R-I, TNF-R1, TNF-R55, TNF-alphaR1, TNFAR, TNFR60, TNFRI, TNFRp55, TNFalpha-R1, Tnfr-2, Tnfr1, p55, p55-R" fgcolor="#000000" bgcolor="#BFFFBF"
             type="rectangle" x="201" y="354" width="46" height="17"/>
    </entry>
    <entry id="40" name="mmu:21933" type="gene"
        link="http://www.kegg.jp/dbget-bin/www_bget?mmu:21933">
        <graphics name="Tnfrsf10b, DR5, KILLER, Ly98, MK, TRAILR2, TRICK2A, TRICK2B, TRICKB" fgcolor="#000000" bgcolor="#BFFFBF"
             type="rectangle" x="201" y="152" width="46" height="17"/>
    </entry>
    <entry id="41" name="mmu:14102" type="gene"
        link="http://www.kegg.jp/dbget-bin/www_bget?mmu:14102">
        <graphics name="Fas, AI196731, APO1, APT1, CD95, TNFR6, Tnfrsf6, lpr" fgcolor="#000000" bgcolor="#BFFFBF"
             type="rectangle" x="201" y="185" width="46" height="17"/>
    </entry>
    <entry id="42" name="mmu:16187" type="gene"
        link="http://www.kegg.jp/dbget-bin/www_bget?mmu:16187">
        <graphics name="Il3, BPA, Csfmu, HCGF, Il-3, MCGF, PSF" fgcolor="#000000" bgcolor="#BFFFBF"
             type="rectangle" x="112" y="969" width="46" height="17"/>
    </entry>
    <entry id="43" name="mmu:18049" type="gene"
        link="http://www.kegg.jp/dbget-bin/www_bget?mmu:18049">
        <graphics name="Ngf, Ngfb" fgcolor="#000000" bgcolor="#BFFFBF"
             type="rectangle" x="112" y="924" width="46" height="17"/>
    </entry>
    <entry id="44" name="mmu:21926" type="gene"
        link="http://www.kegg.jp/dbget-bin/www_bget?mmu:21926">
        <graphics name="Tnf, DIF, TNF-a, TNF-alpha, TNFSF2, TNFalpha, Tnfa, Tnfsf1a, Tnlg1f" fgcolor="#000000" bgcolor="#BFFFBF"
             type="rectangle" x="112" y="354" width="46" height="17"/>
    </entry>
    <entry id="45" name="path:mmu04210" type="map"
        link="http://www.kegg.jp/dbget-bin/www_bget?mmu04210">
        <graphics name="TITLE:Apoptosis" fgcolor="#000000" bgcolor="#FFFFFF"
             type="roundrectangle" x="90" y="58" width="100" height="25"/>
    </entry>
    <entry id="46" name="mmu:22035" type="gene"
        link="http://www.kegg.jp/dbget-bin/www_bget?mmu:22035">
        <graphics name="Tnfsf10, A330042I21Rik, AI448571, APO-2L, Ly81, TL2, Tnlg6a, Trail" fgcolor="#000000" bgcolor="#BFFFBF"
             type="rectangle" x="112" y="152" width="46" height="17"/>
    </entry>
    <entry id="47" name="mmu:14103" type="gene"
        link="http://www.kegg.jp/dbget-bin/www_bget?mmu:14103">
        <graphics name="Fasl, APT1LG1, CD178, CD95-L, CD95L, Fas-L, Faslg, Tnfsf6, Tnlg1a, gld" fgcolor="#000000" bgcolor="#BFFFBF"
             type="rectangle" x="112" y="185" width="46" height="17"/>
    </entry>
    <entry id="48" name="path:mmu04064" type="map"
        link="http://www.kegg.jp/dbget-bin/www_bget?mmu04064">
        <graphics name="NF-kappa B signaling pathway" fgcolor="#000000" bgcolor="#FFFFFF"
             type="roundrectangle" x="793" y="832" width="124" height="34"/>
    </entry>
    <entry id="49" name="path:mmu04151" type="map"
        link="http://www.kegg.jp/dbget-bin/www_bget?mmu04151">
        <graphics name="PI3K-Akt signaling pathway" fgcolor="#000000" bgcolor="#FFFFFF"
             type="roundrectangle" x="373" y="898" width="124" height="34"/>
    </entry>
    <entry id="50" name="mmu:20739 mmu:20740" type="gene"
        link="http://www.kegg.jp/dbget-bin/www_bget?mmu:20739+mmu:20740">
        <graphics name="Spta1, AF093576, AI451697, Spna-1, Spna1, ha, ihj, nmf4, sph..." fgcolor="#000000" bgcolor="#BFFFBF"
             type="rectangle" x="1164" y="216" width="46" height="17"/>
    </entry>
    <entry id="51" name="mmu:16905 mmu:16906 mmu:16907" type="gene"
        link="http://www.kegg.jp/dbget-bin/www_bget?mmu:16905+mmu:16906+mmu:16907">
        <graphics name="Lmna, Dhe..." fgcolor="#000000" bgcolor="#BFFFBF"
             type="rectangle" x="1164" y="249" width="46" height="17"/>
    </entry>
    <entry id="52" name="mmu:11545 mmu:11546 mmu:235587 mmu:328417" type="gene"
        link="http://www.kegg.jp/dbget-bin/www_bget?mmu:11545+mmu:11546+mmu:235587+mmu:328417">
        <graphics name="Parp1, 5830444G22Rik, AI893648, ARTD1, Adprp, Adprt1, C80510, PARP, PPOL, parp-1, sPARP-1..." fgcolor="#000000" bgcolor="#BFFFBF"
             type="rectangle" x="1164" y="283" width="46" height="17"/>
    </entry>
    <entry id="53" name="mmu:66593" type="gene"
        link="http://www.kegg.jp/dbget-bin/www_bget?mmu:66593">
        <graphics name="Diablo, 0610041G12Rik, 1700006L01Rik, AU040403, Smac" fgcolor="#000000" bgcolor="#BFFFBF"
             type="rectangle" x="982" y="497" width="46" height="17"/>
    </entry>
    <entry id="54" name="mmu:18952" type="gene"
        link="http://www.kegg.jp/dbget-bin/www_bget?mmu:18952">
        <graphics name="Sept4, ARTS, Bh5, OTTMUSG00000001265, Pnutl2" fgcolor="#000000" bgcolor="#BFFFBF"
             type="rectangle" x="982" y="518" width="46" height="17"/>
    </entry>
    <entry id="55" name="mmu:64704" type="gene"
        link="http://www.kegg.jp/dbget-bin/www_bget?mmu:64704">
        <graphics name="Htra2, AI481710, Omi, Prss25, mnd2" fgcolor="#000000" bgcolor="#BFFFBF"
             type="rectangle" x="982" y="539" width="46" height="17"/>
    </entry>
    <entry id="56" name="mmu:12028" type="gene"
        link="http://www.kegg.jp/dbget-bin/www_bget?mmu:12028">
        <graphics name="Bax" fgcolor="#000000" bgcolor="#BFFFBF"
             type="rectangle" x="1483" y="555" width="46" height="17"/>
    </entry>
    <entry id="57" name="mmu:12018" type="gene"
        link="http://www.kegg.jp/dbget-bin/www_bget?mmu:12018">
        <graphics name="Bak1, Bak, N-BAK1, N-Bak" fgcolor="#000000" bgcolor="#BFFFBF"
             type="rectangle" x="1431" y="555" width="46" height="17"/>
    </entry>
    <entry id="58" name="mmu:12122" type="gene"
        link="http://www.kegg.jp/dbget-bin/www_bget?mmu:12122">
        <graphics name="Bid, 2700049M22Rik, AI875481, AU022477" fgcolor="#000000" bgcolor="#BFFFBF"
             type="rectangle" x="1431" y="580" width="46" height="17"/>
    </entry>
    <entry id="59" name="mmu:58801" type="gene"
        link="http://www.kegg.jp/dbget-bin/www_bget?mmu:58801">
        <graphics name="Pmaip1, Noxa" fgcolor="#000000" bgcolor="#BFFFBF"
             type="rectangle" x="1483" y="630" width="46" height="17"/>
    </entry>
    <entry id="60" name="mmu:170770" type="gene"
        link="http://www.kegg.jp/dbget-bin/www_bget?mmu:170770">
        <graphics name="Bbc3, PUMA, PUMA/JFY1" fgcolor="#000000" bgcolor="#BFFFBF"
             type="rectangle" x="1431" y="630" width="46" height="17"/>
    </entry>
    <entry id="61" name="mmu:11783" type="gene"
        link="http://www.kegg.jp/dbget-bin/www_bget?mmu:11783">
        <graphics name="Apaf1, 6230400I06Rik, Apaf-1, Apaf1l, fog, mKIAA0413" fgcolor="#000000" bgcolor="#BFFFBF"
             type="rectangle" x="1483" y="580" width="46" height="17"/>
    </entry>
    <entry id="62" name="ko:K13773" type="ortholog"
        link="http://www.kegg.jp/dbget-bin/www_bget?K13773">
        <graphics name="K13773" fgcolor="#000000" bgcolor="#FFFFFF"
             type="rectangle" x="1536" y="580" width="46" height="17"/>
    </entry>
    <entry id="63" name="mmu:14102" type="gene"
        link="http://www.kegg.jp/dbget-bin/www_bget?mmu:14102">
        <graphics name="Fas, AI196731, APO1, APT1, CD95, TNFR6, Tnfrsf6, lpr" fgcolor="#000000" bgcolor="#BFFFBF"
             type="rectangle" x="1431" y="605" width="46" height="17"/>
    </entry>
    <entry id="64" name="mmu:21933" type="gene"
        link="http://www.kegg.jp/dbget-bin/www_bget?mmu:21933">
        <graphics name="Tnfrsf10b, DR5, KILLER, Ly98, MK, TRAILR2, TRICK2A, TRICK2B, TRICKB" fgcolor="#000000" bgcolor="#BFFFBF"
             type="rectangle" x="1483" y="605" width="46" height="17"/>
    </entry>
    <entry id="65" name="mmu:22030" type="gene"
        link="http://www.kegg.jp/dbget-bin/www_bget?mmu:22030">
        <graphics name="Traf2, AI325259" fgcolor="#000000" bgcolor="#BFFFBF"
             type="rectangle" x="563" y="172" width="46" height="17"/>
    </entry>
    <entry id="66" name="mmu:78943" type="gene"
        link="http://www.kegg.jp/dbget-bin/www_bget?mmu:78943">
        <graphics name="Ern1, 9030414B18Rik, AI225830, C85377, Ire1a, Ire1alpha, Ire1p" fgcolor="#000000" bgcolor="#BFFFBF"
             type="rectangle" x="609" y="172" width="46" height="17"/>
    </entry>
    <entry id="67" name="mmu:12364" type="gene"
        link="http://www.kegg.jp/dbget-bin/www_bget?mmu:12364">
        <graphics name="Casp12" fgcolor="#000000" bgcolor="#BFFFBF"
             type="rectangle" x="893" y="172" width="46" height="17"/>
    </entry>
    <entry id="68" name="path:mmu04141" type="map"
        link="http://www.kegg.jp/dbget-bin/www_bget?mmu04141">
        <graphics name="Protein processing in endoplasmic reticulum" fgcolor="#000000" bgcolor="#FFFFFF"
             type="roundrectangle" x="763" y="112" width="124" height="34"/>
    </entry>
    <entry id="69" name="mmu:19249" type="gene"
        link="http://www.kegg.jp/dbget-bin/www_bget?mmu:19249">
        <graphics name="Ptpn13, AI324989, PTP-BL, PTPL1, Ptpri, RIP" fgcolor="#000000" bgcolor="#BFFFBF"
             type="rectangle" x="1431" y="877" width="46" height="17"/>
    </entry>
    <entry id="70" name="mmu:12633" type="gene"
        link="http://www.kegg.jp/dbget-bin/www_bget?mmu:12633">
        <graphics name="Cflar, 2310024N18Rik, A430105C05Rik, CLARP, Cash, Casper, FLAME, FLAME-1, Flip, Gm9845, I-FLICE, MRIT, c-Flip" fgcolor="#000000" bgcolor="#BFFFBF"
             type="rectangle" x="1483" y="877" width="46" height="17"/>
    </entry>
    <entry id="71" name="mmu:13197 mmu:17873 mmu:23882" type="gene"
        link="http://www.kegg.jp/dbget-bin/www_bget?mmu:13197+mmu:17873+mmu:23882">
        <graphics name="Gadd45a, AA545191, Ddit1, GADD45..." fgcolor="#000000" bgcolor="#BFFFBF"
             type="rectangle" x="1431" y="902" width="46" height="17"/>
    </entry>
    <entry id="72" name="mmu:12044 mmu:12045 mmu:12046 mmu:12047" type="gene"
        link="http://www.kegg.jp/dbget-bin/www_bget?mmu:12044+mmu:12045+mmu:12046+mmu:12047">
        <graphics name="Bcl2a1a, A1, BB218357, Bcl2a1, Bfl-1, Hbpa1..." fgcolor="#000000" bgcolor="#BFFFBF"
             type="rectangle" x="1431" y="927" width="46" height="17"/>
    </entry>
    <entry id="73" name="mmu:22029 mmu:22030" type="gene"
        link="http://www.kegg.jp/dbget-bin/www_bget?mmu:22029+mmu:22030">
        <graphics name="Traf1, 4732496E14Rik..." fgcolor="#000000" bgcolor="#BFFFBF"
             type="rectangle" x="1483" y="902" width="46" height="17"/>
    </entry>
    <entry id="74" name="mmu:12028" type="gene"
        link="http://www.kegg.jp/dbget-bin/www_bget?mmu:12028">
        <graphics name="Bax" fgcolor="#000000" bgcolor="#BFFFBF"
             type="rectangle" x="723" y="513" width="46" height="17"/>
    </entry>
    <entry id="75" name="mmu:12018" type="gene"
        link="http://www.kegg.jp/dbget-bin/www_bget?mmu:12018">
        <graphics name="Bak1, Bak, N-BAK1, N-Bak" fgcolor="#000000" bgcolor="#BFFFBF"
             type="rectangle" x="842" y="513" width="46" height="17"/>
    </entry>
    <entry id="76" name="mmu:12048" type="gene"
        link="http://www.kegg.jp/dbget-bin/www_bget?mmu:12048">
        <graphics name="Bcl2l1, Bcl(X)L, Bcl-XL, Bcl2l, BclX, bcl-x, bcl2-L-1" fgcolor="#000000" bgcolor="#BFFFBF"
             type="rectangle" x="665" y="609" width="46" height="17"/>
    </entry>
    <entry id="77" name="mmu:13163" type="gene"
        link="http://www.kegg.jp/dbget-bin/www_bget?mmu:13163">
        <graphics name="Daxx" fgcolor="#000000" bgcolor="#BFFFBF"
             type="rectangle" x="287" y="290" width="46" height="17"/>
    </entry>
    <entry id="78" name="mmu:26408" type="gene"
        link="http://www.kegg.jp/dbget-bin/www_bget?mmu:26408">
        <graphics name="Map3k5, 7420452D20Rik, ASK, ASK1, MAPKKK5, Mekk5" fgcolor="#000000" bgcolor="#BFFFBF"
             type="rectangle" x="400" y="573" width="46" height="17"/>
    </entry>
    <entry id="79" name="mmu:26414 mmu:26419 mmu:26420" type="gene"
        link="http://www.kegg.jp/dbget-bin/www_bget?mmu:26414+mmu:26419+mmu:26420">
        <graphics name="Mapk10, C230008H04Rik, JNK3, JNK3B1, JNK3B2, SAPK(beta), Serk2, p493F12, p54bSAPK..." fgcolor="#000000" bgcolor="#BFFFBF"
             type="rectangle" x="400" y="735" width="46" height="17"/>
    </entry>
    <entry id="80" name="mmu:69601" type="gene"
        link="http://www.kegg.jp/dbget-bin/www_bget?mmu:69601">
        <graphics name="Dab2ip, 2310011D08Rik, AI480459, Aip1, mKIAA1743" fgcolor="#000000" bgcolor="#BFFFBF"
             type="rectangle" x="375" y="413" width="46" height="17"/>
    </entry>
    <entry id="81" name="mmu:16476" type="gene"
        link="http://www.kegg.jp/dbget-bin/www_bget?mmu:16476">
        <graphics name="Jun, AP-1, Junc, c-jun" fgcolor="#000000" bgcolor="#BFFFBF"
             type="rectangle" x="1277" y="798" width="46" height="17"/>
    </entry>
    <entry id="82" name="mmu:14281" type="gene"
        link="http://www.kegg.jp/dbget-bin/www_bget?mmu:14281">
        <graphics name="Fos, D12Rfj1, c-fos, cFos" fgcolor="#000000" bgcolor="#BFFFBF"
             type="rectangle" x="1277" y="822" width="46" height="17"/>
    </entry>
    <entry id="83" name="mmu:22059" type="gene"
        link="http://www.kegg.jp/dbget-bin/www_bget?mmu:22059">
        <graphics name="Trp53, Tp53, bbl, bfy, bhy, p44, p53" fgcolor="#000000" bgcolor="#BFFFBF"
             type="rectangle" x="1431" y="797" width="46" height="17"/>
    </entry>
    <entry id="84" name="mmu:14102" type="gene"
        link="http://www.kegg.jp/dbget-bin/www_bget?mmu:14102">
        <graphics name="Fas, AI196731, APO1, APT1, CD95, TNFR6, Tnfrsf6, lpr" fgcolor="#000000" bgcolor="#BFFFBF"
             type="rectangle" x="1483" y="797" width="46" height="17"/>
    </entry>
    <entry id="85" name="mmu:14103" type="gene"
        link="http://www.kegg.jp/dbget-bin/www_bget?mmu:14103">
        <graphics name="Fasl, APT1LG1, CD178, CD95-L, CD95L, Fas-L, Faslg, Tnfsf6, Tnlg1a, gld" fgcolor="#000000" bgcolor="#BFFFBF"
             type="rectangle" x="1536" y="797" width="46" height="17"/>
    </entry>
    <entry id="86" name="mmu:12125" type="gene"
        link="http://www.kegg.jp/dbget-bin/www_bget?mmu:12125">
        <graphics name="Bcl2l11, 1500006F24Rik, Bim, Bod, bcl2-L-11" fgcolor="#000000" bgcolor="#BFFFBF"
             type="rectangle" x="1431" y="822" width="46" height="17"/>
    </entry>
    <entry id="87" name="mmu:170770" type="gene"
        link="http://www.kegg.jp/dbget-bin/www_bget?mmu:170770">
        <graphics name="Bbc3, PUMA, PUMA/JFY1" fgcolor="#000000" bgcolor="#BFFFBF"
             type="rectangle" x="834" y="721" width="46" height="17"/>
    </entry>
    <entry id="88" name="mmu:58801" type="gene"
        link="http://www.kegg.jp/dbget-bin/www_bget?mmu:58801">
        <graphics name="Pmaip1, Noxa" fgcolor="#000000" bgcolor="#BFFFBF"
             type="rectangle" x="775" y="721" width="46" height="17"/>
    </entry>
    <entry id="89" name="mmu:13030 mmu:13032 mmu:13033 mmu:13036 mmu:13038 mmu:13039 mmu:13040 mmu:13041 mmu:229445 mmu:56464 mmu:64138" type="gene"
        link="http://www.kegg.jp/dbget-bin/www_bget?mmu:13030+mmu:13032+mmu:13033+mmu:13036+mmu:13038+mmu:13039+mmu:13040+mmu:13041+mmu:229445+mmu:56464+mmu:64138">
        <graphics name="Ctsb, CB..." fgcolor="#000000" bgcolor="#BFFFBF"
             type="rectangle" x="514" y="558" width="46" height="17"/>
    </entry>
    <entry id="90" name="cpd:C00076" type="compound"
        link="http://www.kegg.jp/dbget-bin/www_bget?C00076">
        <graphics name="C00076" fgcolor="#000000" bgcolor="#FFFFFF"
             type="circle" x="756" y="171" width="8" height="8"/>
    </entry>
    <entry id="91" name="mmu:13198" type="gene"
        link="http://www.kegg.jp/dbget-bin/www_bget?mmu:13198">
        <graphics name="Ddit3, CHOP-10, CHOP10, chop, gadd153" fgcolor="#000000" bgcolor="#BFFFBF"
             type="rectangle" x="581" y="537" width="46" height="17"/>
    </entry>
    <entry id="92" name="mmu:13666" type="gene"
        link="http://www.kegg.jp/dbget-bin/www_bget?mmu:13666">
        <graphics name="Eif2ak3, Pek, Perk" fgcolor="#000000" bgcolor="#BFFFBF"
             type="rectangle" x="658" y="209" width="46" height="17"/>
    </entry>
    <entry id="93" name="mmu:13665" type="gene"
        link="http://www.kegg.jp/dbget-bin/www_bget?mmu:13665">
        <graphics name="Eif2s1, 0910001O23Rik, 2410026C18Rik, 35kDa, Eif2a, eIF2alpha" fgcolor="#000000" bgcolor="#BFFFBF"
             type="rectangle" x="581" y="317" width="46" height="17"/>
    </entry>
    <entry id="94" name="mmu:11911" type="gene"
        link="http://www.kegg.jp/dbget-bin/www_bget?mmu:11911">
        <graphics name="Atf4, Atf-4, C/ATF, CREB2, TAXREB67" fgcolor="#000000" bgcolor="#BFFFBF"
             type="rectangle" x="581" y="374" width="46" height="17"/>
    </entry>
    <entry id="95" name="path:mmu04115" type="map"
        link="http://www.kegg.jp/dbget-bin/www_bget?mmu04115">
        <graphics name="p53 signaling pathway" fgcolor="#000000" bgcolor="#FFFFFF"
             type="roundrectangle" x="785" y="207" width="124" height="34"/>
    </entry>
    <entry id="96" name="mmu:16438 mmu:16439 mmu:16440" type="gene"
        link="http://www.kegg.jp/dbget-bin/www_bget?mmu:16438+mmu:16439+mmu:16440">
        <graphics name="Itpr1, D6Pas2, Gm10429, IP3R_1, IP3R1, InsP3R, Ip3r, Itpr-1, P400, Pcp-1, Pcp1, insP3R1, opt, wblo..." fgcolor="#000000" bgcolor="#BFFFBF"
             type="rectangle" x="706" y="172" width="46" height="17"/>
    </entry>
    <entry id="97" name="mmu:18607" type="gene"
        link="http://www.kegg.jp/dbget-bin/www_bget?mmu:18607">
        <graphics name="Pdpk1, Pdk1" fgcolor="#000000" bgcolor="#BFFFBF"
             type="rectangle" x="459" y="924" width="46" height="17"/>
    </entry>
    <entry id="98" name="cpd:C05981" type="compound"
        link="http://www.kegg.jp/dbget-bin/www_bget?C05981">
        <graphics name="C05981" fgcolor="#000000" bgcolor="#FFFFFF"
             type="circle" x="375" y="924" width="8" height="8"/>
    </entry>
    <entry id="99" name="mmu:12122" type="gene"
        link="http://www.kegg.jp/dbget-bin/www_bget?mmu:12122">
        <graphics name="Bid, 2700049M22Rik, AI875481, AU022477" fgcolor="#000000" bgcolor="#BFFFBF"
             type="rectangle" x="581" y="687" width="46" height="17"/>
    </entry>
    <entry id="100" name="mmu:12366" type="gene"
        link="http://www.kegg.jp/dbget-bin/www_bget?mmu:12366">
        <graphics name="Casp2, CASP-2, ICH-1, NEDD-2, Nedd2" fgcolor="#000000" bgcolor="#BFFFBF"
             type="rectangle" x="1005" y="424" width="46" height="17"/>
    </entry>
    <entry id="101" name="mmu:57913" type="gene"
        link="http://www.kegg.jp/dbget-bin/www_bget?mmu:57913">
        <graphics name="Pidd1, 1200011D09Rik, AU042446, Lrdd, Pidd" fgcolor="#000000" bgcolor="#BFFFBF"
             type="rectangle" x="1005" y="441" width="46" height="17"/>
    </entry>
    <entry id="102" name="mmu:57913" type="gene"
        link="http://www.kegg.jp/dbget-bin/www_bget?mmu:57913">
        <graphics name="Pidd1, 1200011D09Rik, AU042446, Lrdd, Pidd" fgcolor="#000000" bgcolor="#BFFFBF"
             type="rectangle" x="1536" y="555" width="46" height="17"/>
    </entry>
    <entry id="103" name="mmu:14939" type="gene"
        link="http://www.kegg.jp/dbget-bin/www_bget?mmu:14939">
        <graphics name="Gzmb, AI553453, CCP-1/C11, CCP1, Ctla-1, Ctla1, GZB" fgcolor="#000000" bgcolor="#BFFFBF"
             type="rectangle" x="987" y="251" width="46" height="17"/>
    </entry>
    <entry id="104" name="mmu:18646" type="gene"
        link="http://www.kegg.jp/dbget-bin/www_bget?mmu:18646">
        <graphics name="Prf1, Pfn, Pfp, Prf-1" fgcolor="#000000" bgcolor="#BFFFBF"
             type="rectangle" x="201" y="264" width="46" height="17"/>
    </entry>
    <entry id="105" name="mmu:11461 mmu:11465" type="gene"
        link="http://www.kegg.jp/dbget-bin/www_bget?mmu:11461+mmu:11465">
        <graphics name="Actb, Actx, E430023M04Rik, beta-actin..." fgcolor="#000000" bgcolor="#BFFFBF"
             type="rectangle" x="1164" y="190" width="46" height="17"/>
    </entry>
    <entry id="106" name="mmu:22142 mmu:22143 mmu:22144 mmu:22145 mmu:22146 mmu:22147 mmu:238463 mmu:53857" type="gene"
        link="http://www.kegg.jp/dbget-bin/www_bget?mmu:22142+mmu:22143+mmu:22144+mmu:22145+mmu:22146+mmu:22147+mmu:238463+mmu:53857">
        <graphics name="Tuba1a, Tuba-1, Tuba1..." fgcolor="#000000" bgcolor="#BFFFBF"
             type="rectangle" x="1164" y="138" width="46" height="17"/>
    </entry>
    <entry id="107" name="mmu:17210" type="gene"
        link="http://www.kegg.jp/dbget-bin/www_bget?mmu:17210">
        <graphics name="Mcl1, AW556805, Mcl-1" fgcolor="#000000" bgcolor="#BFFFBF"
             type="rectangle" x="1164" y="164" width="46" height="17"/>
    </entry>
    <entry id="108" name="path:mmu04060" type="map"
        link="http://www.kegg.jp/dbget-bin/www_bget?mmu04060">
        <graphics name="Cytokine-cytokine receptor interaction" fgcolor="#000000" bgcolor="#FFFFFF"
             type="roundrectangle" x="107" y="303" width="124" height="34"/>
    </entry>
    <entry id="109" name="mmu:12125" type="gene"
        link="http://www.kegg.jp/dbget-bin/www_bget?mmu:12125">
        <graphics name="Bcl2l11, 1500006F24Rik, Bim, Bod, bcl2-L-11" fgcolor="#000000" bgcolor="#BFFFBF"
             type="rectangle" x="581" y="627" width="46" height="17"/>
    </entry>
    <entry id="110" name="mmu:17210" type="gene"
        link="http://www.kegg.jp/dbget-bin/www_bget?mmu:17210">
        <graphics name="Mcl1, AW556805, Mcl-1" fgcolor="#000000" bgcolor="#BFFFBF"
             type="rectangle" x="522" y="596" width="46" height="17"/>
    </entry>
    <entry id="111" name="cpd:C00319" type="compound"
        link="http://www.kegg.jp/dbget-bin/www_bget?C00319">
        <graphics name="C00319" fgcolor="#000000" bgcolor="#FFFFFF"
             type="circle" x="449" y="379" width="8" height="8"/>
    </entry>
    <entry id="113" name="cpd:C00027" type="compound"
        link="http://www.kegg.jp/dbget-bin/www_bget?C00027">
        <graphics name="C00027" fgcolor="#000000" bgcolor="#FFFFFF"
             type="circle" x="518" y="419" width="8" height="8"/>
    </entry>
    <entry id="114" name="mmu:12123" type="gene"
        link="http://www.kegg.jp/dbget-bin/www_bget?mmu:12123">
        <graphics name="Hrk, AI838259, Bid3, DP5, harakiri" fgcolor="#000000" bgcolor="#BFFFBF"
             type="rectangle" x="1483" y="822" width="46" height="17"/>
    </entry>
    <entry id="115" name="mmu:15461 mmu:16653 mmu:18176" type="gene"
        link="http://www.kegg.jp/dbget-bin/www_bget?mmu:15461+mmu:16653+mmu:18176">
        <graphics name="Hras, H-ras, Ha-ras, Harvey-ras, Hras-1, Hras1, Kras2, c-H-ras, c-Ha-ras, c-rasHa, ras..." fgcolor="#000000" bgcolor="#BFFFBF"
             type="rectangle" x="287" y="969" width="46" height="17"/>
    </entry>
    <entry id="116" name="mmu:110157" type="gene"
        link="http://www.kegg.jp/dbget-bin/www_bget?mmu:110157">
        <graphics name="Raf1, 6430402F14Rik, AA990557, BB129353, Craf1, D830050J10Rik, Raf-1, c-Raf, v-Raf" fgcolor="#000000" bgcolor="#BFFFBF"
             type="rectangle" x="373" y="969" width="46" height="17"/>
    </entry>
    <entry id="117" name="mmu:26395 mmu:26396" type="gene"
        link="http://www.kegg.jp/dbget-bin/www_bget?mmu:26395+mmu:26396">
        <graphics name="Map2k1, MAPKK1, MEKK1, Mek1, Prkmk1..." fgcolor="#000000" bgcolor="#BFFFBF"
             type="rectangle" x="459" y="969" width="46" height="17"/>
    </entry>
    <entry id="118" name="mmu:26413 mmu:26417" type="gene"
        link="http://www.kegg.jp/dbget-bin/www_bget?mmu:26413+mmu:26417">
        <graphics name="Mapk1, 9030612K14Rik, AA407128, AU018647, C78273, ERK, Erk2, MAPK2, PRKM2, Prkm1, p41mapk, p42mapk..." fgcolor="#000000" bgcolor="#BFFFBF"
             type="rectangle" x="545" y="969" width="46" height="17"/>
    </entry>
    <entry id="119" name="mmu:12043" type="gene"
        link="http://www.kegg.jp/dbget-bin/www_bget?mmu:12043">
        <graphics name="Bcl2, AW986256, Bcl-2, C430015F12Rik, D630044D05Rik, D830018M01Rik" fgcolor="#000000" bgcolor="#BFFFBF"
             type="rectangle" x="1431" y="969" width="46" height="17"/>
    </entry>
    <entry id="120" name="path:mmu04010" type="map"
        link="http://www.kegg.jp/dbget-bin/www_bget?mmu04010">
        <graphics name="MAPK signaling pathway" fgcolor="#000000" bgcolor="#FFFFFF"
             type="roundrectangle" x="646" y="948" width="124" height="34"/>
    </entry>
    <entry id="121" name="undefined" type="group">
        <graphics fgcolor="#000000" bgcolor="#FFFFFF"
             type="rectangle" x="287" y="337" width="46" height="34"/>
        <component id="34"/>
        <component id="35"/>
    </entry>
    <entry id="122" name="undefined" type="group">
        <graphics fgcolor="#000000" bgcolor="#FFFFFF"
             type="rectangle" x="287" y="394" width="46" height="51"/>
        <component id="31"/>
        <component id="32"/>
        <component id="33"/>
    </entry>
    <entry id="123" name="undefined" type="group">
        <graphics fgcolor="#000000" bgcolor="#FFFFFF"
             type="rectangle" x="586" y="172" width="92" height="17"/>
        <component id="65"/>
        <component id="66"/>
    </entry>
    <entry id="124" name="undefined" type="group">
        <graphics fgcolor="#000000" bgcolor="#FFFFFF"
             type="rectangle" x="1005" y="432" width="46" height="34"/>
        <component id="100"/>
        <component id="101"/>
    </entry>
    <relation entry1="46" entry2="40" type="PPrel">
        <subtype name="activation" value="--&gt;"/>
    </relation>
    <relation entry1="40" entry2="36" type="PPrel">
        <subtype name="activation" value="--&gt;"/>
    </relation>
    <relation entry1="47" entry2="41" type="PPrel">
        <subtype name="activation" value="--&gt;"/>
    </relation>
    <relation entry1="41" entry2="36" type="PPrel">
        <subtype name="activation" value="--&gt;"/>
    </relation>
    <relation entry1="36" entry2="23" type="PPrel">
        <subtype name="activation" value="--&gt;"/>
    </relation>
    <relation entry1="41" entry2="77" type="PPrel">
        <subtype name="activation" value="--&gt;"/>
    </relation>
    <relation entry1="77" entry2="78" type="PPrel">
        <subtype name="activation" value="--&gt;"/>
    </relation>
    <relation entry1="44" entry2="39" type="PPrel">
        <subtype name="activation" value="--&gt;"/>
    </relation>
    <relation entry1="39" entry2="121" type="PPrel">
        <subtype name="activation" value="--&gt;"/>
    </relation>
    <relation entry1="39" entry2="122" type="PPrel">
        <subtype name="activation" value="--&gt;"/>
    </relation>
    <relation entry1="31" entry2="80" type="PPrel">
        <subtype name="activation" value="--&gt;"/>
    </relation>
    <relation entry1="80" entry2="78" type="PPrel">
        <subtype name="activation" value="--&gt;"/>
    </relation>
    <relation entry1="31" entry2="27" type="PPrel">
        <subtype name="activation" value="--&gt;"/>
    </relation>
    <relation entry1="78" entry2="79" type="PPrel">
        <subtype name="activation" value="--&gt;"/>
        <subtype name="phosphorylation" value="+p"/>
    </relation>
    <relation entry1="92" entry2="93" type="PPrel">
        <subtype name="activation" value="--&gt;"/>
        <subtype name="phosphorylation" value="+p"/>
    </relation>
    <relation entry1="93" entry2="94" type="PPrel">
        <subtype name="activation" value="--&gt;"/>
    </relation>
    <relation entry1="123" entry2="78" type="PPrel">
        <subtype name="activation" value="--&gt;"/>
    </relation>
    <relation entry1="90" entry2="25" type="PCrel">
        <subtype name="activation" value="--&gt;"/>
    </relation>
    <relation entry1="25" entry2="67" type="PPrel">
        <subtype name="activation" value="--&gt;"/>
    </relation>
    <relation entry1="29" entry2="23" type="PPrel">
        <subtype name="inhibition" value="--|"/>
    </relation>
    <relation entry1="94" entry2="91" type="GErel">
        <subtype name="expression" value="--&gt;"/>
    </relation>
    <relation entry1="91" entry2="76" type="PPrel">
        <subtype name="inhibition" value="--|"/>
        <subtype name="indirect effect" value="..&gt;"/>
    </relation>
    <relation entry1="91" entry2="9" type="PPrel">
        <subtype name="inhibition" value="--|"/>
        <subtype name="indirect effect" value="..&gt;"/>
    </relation>
    <relation entry1="89" entry2="76" type="PPrel">
        <subtype name="inhibition" value="--|"/>
    </relation>
    <relation entry1="89" entry2="9" type="PPrel">
        <subtype name="inhibition" value="--|"/>
    </relation>
    <relation entry1="110" entry2="109" type="PPrel">
        <subtype name="inhibition" value="--|"/>
    </relation>
    <relation entry1="109" entry2="76" type="PPrel">
        <subtype name="inhibition" value="--|"/>
    </relation>
    <relation entry1="109" entry2="9" type="PPrel">
        <subtype name="inhibition" value="--|"/>
    </relation>
    <relation entry1="79" entry2="76" type="PPrel">
        <subtype name="inhibition" value="--|"/>
        <subtype name="phosphorylation" value="+p"/>
    </relation>
    <relation entry1="79" entry2="9" type="PPrel">
        <subtype name="inhibition" value="--|"/>
        <subtype name="phosphorylation" value="+p"/>
    </relation>
    <relation entry1="79" entry2="99" type="PPrel">
        <subtype name="activation" value="--&gt;"/>
    </relation>
    <relation entry1="79" entry2="15" type="PPrel">
        <subtype name="activation" value="--&gt;"/>
        <subtype name="phosphorylation" value="+p"/>
    </relation>
    <relation entry1="27" entry2="28" type="PPrel">
        <subtype name="activation" value="--&gt;"/>
        <subtype name="phosphorylation" value="+p"/>
    </relation>
    <relation entry1="28" entry2="19" type="PPrel">
        <subtype name="activation" value="--&gt;"/>
        <subtype name="phosphorylation" value="+p"/>
    </relation>
    <relation entry1="19" entry2="16" type="PPrel">
        <subtype name="dissociation" value="-+-"/>
    </relation>
    <relation entry1="43" entry2="38" type="PPrel">
        <subtype name="activation" value="--&gt;"/>
    </relation>
    <relation entry1="42" entry2="37" type="PPrel">
        <subtype name="activation" value="--&gt;"/>
    </relation>
    <relation entry1="37" entry2="115" type="PPrel">
        <subtype name="activation" value="--&gt;"/>
    </relation>
    <relation entry1="115" entry2="116" type="PPrel">
        <subtype name="activation" value="--&gt;"/>
    </relation>
    <relation entry1="30" entry2="98" type="PCrel">
        <subtype name="activation" value="--&gt;"/>
    </relation>
    <relation entry1="98" entry2="97" type="PCrel">
        <subtype name="activation" value="--&gt;"/>
    </relation>
    <relation entry1="97" entry2="26" type="PPrel">
        <subtype name="activation" value="--&gt;"/>
        <subtype name="phosphorylation" value="+p"/>
    </relation>
    <relation entry1="116" entry2="117" type="PPrel">
        <subtype name="activation" value="--&gt;"/>
        <subtype name="phosphorylation" value="+p"/>
    </relation>
    <relation entry1="117" entry2="118" type="PPrel">
        <subtype name="activation" value="--&gt;"/>
        <subtype name="phosphorylation" value="+p"/>
    </relation>
    <relation entry1="38" entry2="30" type="PPrel">
        <subtype name="activation" value="--&gt;"/>
        <subtype name="indirect effect" value="..&gt;"/>
    </relation>
    <relation entry1="38" entry2="115" type="PPrel">
        <subtype name="activation" value="--&gt;"/>
        <subtype name="indirect effect" value="..&gt;"/>
    </relation>
    <relation entry1="37" entry2="30" type="PPrel">
        <subtype name="activation" value="--&gt;"/>
        <subtype name="indirect effect" value="..&gt;"/>
    </relation>
    <relation entry1="26" entry2="15" type="PPrel">
        <subtype name="inhibition" value="--|"/>
        <subtype name="phosphorylation" value="+p"/>
    </relation>
    <relation entry1="26" entry2="28" type="PPrel">
        <subtype name="activation" value="--&gt;"/>
        <subtype name="phosphorylation" value="+p"/>
    </relation>
    <relation entry1="16" entry2="69" type="GErel">
        <subtype name="expression" value="--&gt;"/>
    </relation>
    <relation entry1="16" entry2="70" type="GErel">
        <subtype name="expression" value="--&gt;"/>
    </relation>
    <relation entry1="16" entry2="10" type="GErel">
        <subtype name="expression" value="--&gt;"/>
    </relation>
    <relation entry1="16" entry2="71" type="GErel">
        <subtype name="expression" value="--&gt;"/>
    </relation>
    <relation entry1="16" entry2="73" type="GErel">
        <subtype name="expression" value="--&gt;"/>
    </relation>
    <relation entry1="16" entry2="3" type="GErel">
        <subtype name="expression" value="--&gt;"/>
    </relation>
    <relation entry1="16" entry2="72" type="GErel">
        <subtype name="expression" value="--&gt;"/>
    </relation>
    <relation entry1="118" entry2="119" type="GErel">
        <subtype name="expression" value="--&gt;"/>
        <subtype name="indirect effect" value="..&gt;"/>
    </relation>
    <relation entry1="79" entry2="81" type="PPrel">
        <subtype name="activation" value="--&gt;"/>
        <subtype name="phosphorylation" value="+p"/>
    </relation>
    <relation entry1="79" entry2="82" type="PPrel">
        <subtype name="activation" value="--&gt;"/>
        <subtype name="phosphorylation" value="+p"/>
    </relation>
    <relation entry1="81" entry2="83" type="GErel">
        <subtype name="expression" value="--&gt;"/>
    </relation>
    <relation entry1="81" entry2="84" type="GErel">
        <subtype name="expression" value="--&gt;"/>
    </relation>
    <relation entry1="81" entry2="85" type="GErel">
        <subtype name="expression" value="--&gt;"/>
    </relation>
    <relation entry1="81" entry2="86" type="GErel">
        <subtype name="expression" value="--&gt;"/>
    </relation>
    <relation entry1="81" entry2="114" type="GErel">
        <subtype name="expression" value="--&gt;"/>
    </relation>
    <relation entry1="82" entry2="83" type="GErel">
        <subtype name="expression" value="--&gt;"/>
    </relation>
    <relation entry1="82" entry2="84" type="GErel">
        <subtype name="expression" value="--&gt;"/>
    </relation>
    <relation entry1="82" entry2="85" type="GErel">
        <subtype name="expression" value="--&gt;"/>
    </relation>
    <relation entry1="82" entry2="86" type="GErel">
        <subtype name="expression" value="--&gt;"/>
    </relation>
    <relation entry1="82" entry2="114" type="GErel">
        <subtype name="expression" value="--&gt;"/>
    </relation>
    <relation entry1="88" entry2="9" type="PPrel">
        <subtype name="inhibition" value="--|"/>
    </relation>
    <relation entry1="88" entry2="76" type="PPrel">
        <subtype name="inhibition" value="--|"/>
    </relation>
    <relation entry1="87" entry2="9" type="PPrel">
        <subtype name="inhibition" value="--|"/>
    </relation>
    <relation entry1="87" entry2="76" type="PPrel">
        <subtype name="inhibition" value="--|"/>
    </relation>
    <relation entry1="76" entry2="74" type="PPrel">
        <subtype name="inhibition" value="--|"/>
    </relation>
    <relation entry1="76" entry2="75" type="PPrel">
        <subtype name="inhibition" value="--|"/>
    </relation>
    <relation entry1="9" entry2="74" type="PPrel">
        <subtype name="inhibition" value="--|"/>
    </relation>
    <relation entry1="9" entry2="75" type="PPrel">
        <subtype name="inhibition" value="--|"/>
    </relation>
    <relation entry1="124" entry2="22" type="PPrel">
        <subtype name="activation" value="--&gt;"/>
    </relation>
    <relation entry1="53" entry2="17" type="PPrel">
        <subtype name="inhibition" value="--|"/>
    </relation>
    <relation entry1="54" entry2="17" type="PPrel">
        <subtype name="inhibition" value="--|"/>
    </relation>
    <relation entry1="55" entry2="17" type="PPrel">
        <subtype name="inhibition" value="--|"/>
    </relation>
    <relation entry1="89" entry2="17" type="PPrel">
        <subtype name="inhibition" value="--|"/>
    </relation>
    <relation entry1="17" entry2="12" type="PPrel">
        <subtype name="inhibition" value="--|"/>
    </relation>
    <relation entry1="89" entry2="22" type="PPrel">
        <subtype name="activation" value="--&gt;"/>
    </relation>
    <relation entry1="21" entry2="12" type="PPrel">
        <subtype name="activation" value="--&gt;"/>
    </relation>
    <relation entry1="20" entry2="12" type="PPrel">
        <subtype name="activation" value="--&gt;"/>
    </relation>
    <relation entry1="21" entry2="20" type="PPrel">
        <subtype name="binding/association" value="---"/>
    </relation>
    <relation entry1="5" entry2="6" type="PPrel">
        <subtype name="activation" value="--&gt;"/>
        <subtype name="phosphorylation" value="+p"/>
    </relation>
    <relation entry1="6" entry2="57" type="GErel">
        <subtype name="expression" value="--&gt;"/>
    </relation>
    <relation entry1="6" entry2="56" type="GErel">
        <subtype name="expression" value="--&gt;"/>
    </relation>
    <relation entry1="6" entry2="102" type="GErel">
        <subtype name="expression" value="--&gt;"/>
    </relation>
    <relation entry1="6" entry2="58" type="GErel">
        <subtype name="expression" value="--&gt;"/>
    </relation>
    <relation entry1="6" entry2="61" type="GErel">
        <subtype name="expression" value="--&gt;"/>
    </relation>
    <relation entry1="6" entry2="63" type="GErel">
        <subtype name="expression" value="--&gt;"/>
    </relation>
    <relation entry1="6" entry2="64" type="GErel">
        <subtype name="expression" value="--&gt;"/>
    </relation>
    <relation entry1="6" entry2="60" type="GErel">
        <subtype name="expression" value="--&gt;"/>
    </relation>
    <relation entry1="6" entry2="59" type="GErel">
        <subtype name="expression" value="--&gt;"/>
    </relation>
    <relation entry1="15" entry2="9" type="PPrel">
        <subtype name="inhibition" value="--|"/>
    </relation>
    <relation entry1="121" entry2="23" type="PPrel">
        <subtype name="activation" value="--&gt;"/>
    </relation>
    <relation entry1="103" entry2="106" type="PPrel">
        <subtype name="inhibition" value="--|"/>
    </relation>
    <relation entry1="103" entry2="107" type="PPrel">
        <subtype name="inhibition" value="--|"/>
    </relation>
    <relation entry1="103" entry2="51" type="PPrel">
        <subtype name="inhibition" value="--|"/>
    </relation>
    <relation entry1="103" entry2="52" type="PPrel">
        <subtype name="inhibition" value="--|"/>
    </relation>
    <relation entry1="103" entry2="4" type="PPrel">
        <subtype name="inhibition" value="--|"/>
    </relation>
    <relation entry1="14" entry2="50" type="PPrel">
        <subtype name="inhibition" value="--|"/>
    </relation>
    <relation entry1="18" entry2="51" type="PPrel">
        <subtype name="inhibition" value="--|"/>
    </relation>
    <relation entry1="14" entry2="52" type="PPrel">
        <subtype name="inhibition" value="--|"/>
    </relation>
    <relation entry1="13" entry2="52" type="PPrel">
        <subtype name="inhibition" value="--|"/>
    </relation>
    <relation entry1="12" entry2="52" type="PPrel">
        <subtype name="inhibition" value="--|"/>
    </relation>
    <relation entry1="14" entry2="4" type="PPrel">
        <subtype name="inhibition" value="--|"/>
    </relation>
    <relation entry1="18" entry2="105" type="PPrel">
        <subtype name="inhibition" value="--|"/>
    </relation>
    <relation entry1="14" entry2="105" type="PPrel">
        <subtype name="inhibition" value="--|"/>
    </relation>
    <relation entry1="13" entry2="105" type="PPrel">
        <subtype name="inhibition" value="--|"/>
    </relation>
    <relation entry1="103" entry2="14" type="PPrel">
        <subtype name="activation" value="--&gt;"/>
    </relation>
    <relation entry1="103" entry2="13" type="PPrel">
        <subtype name="activation" value="--&gt;"/>
    </relation>
    <relation entry1="103" entry2="23" type="PPrel">
        <subtype name="activation" value="--&gt;"/>
    </relation>
    <relation entry1="67" entry2="14" type="PPrel">
        <subtype name="activation" value="--&gt;"/>
    </relation>
    <relation entry1="67" entry2="13" type="PPrel">
        <subtype name="activation" value="--&gt;"/>
    </relation>
    <relation entry1="23" entry2="18" type="PPrel">
        <subtype name="activation" value="--&gt;"/>
    </relation>
    <relation entry1="23" entry2="14" type="PPrel">
        <subtype name="activation" value="--&gt;"/>
    </relation>
    <relation entry1="23" entry2="13" type="PPrel">
        <subtype name="activation" value="--&gt;"/>
    </relation>
    <relation entry1="12" entry2="18" type="PPrel">
        <subtype name="activation" value="--&gt;"/>
    </relation>
    <relation entry1="12" entry2="14" type="PPrel">
        <subtype name="activation" value="--&gt;"/>
    </relation>
    <relation entry1="12" entry2="13" type="PPrel">
        <subtype name="activation" value="--&gt;"/>
    </relation>
    <relation entry1="17" entry2="14" type="PPrel">
        <subtype name="inhibition" value="--|"/>
    </relation>
    <relation entry1="17" entry2="13" type="PPrel">
        <subtype name="inhibition" value="--|"/>
    </relation>
    <relation entry1="103" entry2="22" type="PPrel">
        <subtype name="activation" value="--&gt;"/>
    </relation>
    <relation entry1="109" entry2="74" type="PPrel">
        <subtype name="activation" value="--&gt;"/>
    </relation>
</pathway>
