<?xml version="1.0"?>
<!DOCTYPE pathway SYSTEM "http://www.kegg.jp/kegg/xml/KGML_v0.7.2_.dtd">
<!-- Creation date: Feb 10, 2016 11:21:54 +0900 (GMT+9) -->
<pathway name="path:mmu04610" org="mmu" number="04610"
         title="Complement and coagulation cascades"
         image="http://www.kegg.jp/kegg/pathway/mmu/mmu04610.png"
         link="http://www.kegg.jp/kegg-bin/show_pathway?mmu04610">
    <entry id="1" name="path:mmu04610" type="map"
        link="http://www.kegg.jp/dbget-bin/www_bget?mmu04610">
        <graphics name="TITLE:Complement and coagulation cascades" fgcolor="#000000" bgcolor="#FFFFFF"
             type="roundrectangle" x="207" y="58" width="333" height="25"/>
    </entry>
    <entry id="2" name="mmu:58992" type="gene"
        link="http://www.kegg.jp/dbget-bin/www_bget?mmu:58992">
        <graphics name="F12, FXII, HAF" fgcolor="#000000" bgcolor="#BFFFBF"
             type="rectangle" x="214" y="221" width="46" height="17"/>
    </entry>
    <entry id="3" name="mmu:109821" type="gene"
        link="http://www.kegg.jp/dbget-bin/www_bget?mmu:109821">
        <graphics name="F11, 1600027G01Rik, AI503996, Cf11, FXI, PTA" fgcolor="#000000" bgcolor="#BFFFBF"
             type="rectangle" x="214" y="288" width="46" height="17"/>
    </entry>
    <entry id="4" name="mmu:14071" type="gene"
        link="http://www.kegg.jp/dbget-bin/www_bget?mmu:14071">
        <graphics name="F9, AW111646, Cf-9, Cf9" fgcolor="#000000" bgcolor="#BFFFBF"
             type="rectangle" x="214" y="347" width="46" height="17"/>
    </entry>
    <entry id="5" name="mmu:14058" type="gene"
        link="http://www.kegg.jp/dbget-bin/www_bget?mmu:14058">
        <graphics name="F10, Cf10, fX" fgcolor="#000000" bgcolor="#BFFFBF"
             type="rectangle" x="152" y="414" width="46" height="17"/>
    </entry>
    <entry id="6" name="mmu:14068" type="gene"
        link="http://www.kegg.jp/dbget-bin/www_bget?mmu:14068">
        <graphics name="F7, AI132620, Cf7, FVII" fgcolor="#000000" bgcolor="#BFFFBF"
             type="rectangle" x="90" y="347" width="46" height="17"/>
    </entry>
    <entry id="7" name="cpd:C00290" type="compound"
        link="http://www.kegg.jp/dbget-bin/www_bget?C00290">
        <graphics name="C00290" fgcolor="#000000" bgcolor="#FFFFFF"
             type="circle" x="169" y="737" width="8" height="8"/>
    </entry>
    <entry id="8" name="mmu:110135 mmu:14161 mmu:99571" type="gene"
        link="http://www.kegg.jp/dbget-bin/www_bget?mmu:110135+mmu:14161+mmu:99571">
        <graphics name="Fgb, 2510049G14Rik..." fgcolor="#000000" bgcolor="#BFFFBF"
             type="rectangle" x="80" y="738" width="46" height="17"/>
    </entry>
    <entry id="9" name="mmu:14060 mmu:74145" type="gene"
        link="http://www.kegg.jp/dbget-bin/www_bget?mmu:14060+mmu:74145">
        <graphics name="F13b, Cf-13b, Cf13b..." fgcolor="#000000" bgcolor="#BFFFBF"
             type="rectangle" x="178" y="698" width="46" height="17"/>
    </entry>
    <entry id="10" name="mmu:21788" type="gene"
        link="http://www.kegg.jp/dbget-bin/www_bget?mmu:21788">
        <graphics name="Tfpi, A630013F22Rik, AW552122, EPI, LACI" fgcolor="#000000" bgcolor="#BFFFBF"
             type="rectangle" x="89" y="414" width="46" height="17"/>
    </entry>
    <entry id="11" name="mmu:14062" type="gene"
        link="http://www.kegg.jp/dbget-bin/www_bget?mmu:14062">
        <graphics name="F2r, AI482343, Cf2r, Par1, ThrR" fgcolor="#000000" bgcolor="#BFFFBF"
             type="rectangle" x="281" y="600" width="46" height="17"/>
    </entry>
    <entry id="12" name="mmu:15160" type="gene"
        link="http://www.kegg.jp/dbget-bin/www_bget?mmu:15160">
        <graphics name="Serpind1, AA985900, AI303446, HCII, Hcf2" fgcolor="#000000" bgcolor="#BFFFBF"
             type="rectangle" x="85" y="483" width="46" height="17"/>
    </entry>
    <entry id="13" name="mmu:11905" type="gene"
        link="http://www.kegg.jp/dbget-bin/www_bget?mmu:11905">
        <graphics name="Serpinc1, AI114908, ATIII, At-3, At3" fgcolor="#000000" bgcolor="#BFFFBF"
             type="rectangle" x="85" y="463" width="46" height="17"/>
    </entry>
    <entry id="14" name="mmu:22371" type="gene"
        link="http://www.kegg.jp/dbget-bin/www_bget?mmu:22371">
        <graphics name="Vwf, 6820430P06Rik, AI551257, B130011O06Rik, C630030D09, F8VWF, VWD" fgcolor="#000000" bgcolor="#BFFFBF"
             type="rectangle" x="265" y="374" width="46" height="17"/>
    </entry>
    <entry id="15" name="mmu:268591" type="gene"
        link="http://www.kegg.jp/dbget-bin/www_bget?mmu:268591">
        <graphics name="Serpina5, 4933415L04, PAI-3, Pci" fgcolor="#000000" bgcolor="#BFFFBF"
             type="rectangle" x="85" y="503" width="46" height="17"/>
    </entry>
    <entry id="16" name="mmu:18787 mmu:18788" type="gene"
        link="http://www.kegg.jp/dbget-bin/www_bget?mmu:18787+mmu:18788">
        <graphics name="Serpine1, PAI-1, PAI1, Planh1..." fgcolor="#000000" bgcolor="#BFFFBF"
             type="rectangle" x="408" y="484" width="46" height="17"/>
    </entry>
    <entry id="17" name="mmu:18815" type="gene"
        link="http://www.kegg.jp/dbget-bin/www_bget?mmu:18815">
        <graphics name="Plg, AI649309, Pg" fgcolor="#000000" bgcolor="#BFFFBF"
             type="rectangle" x="556" y="221" width="46" height="17"/>
    </entry>
    <entry id="18" name="mmu:16644 mmu:385643" type="gene"
        link="http://www.kegg.jp/dbget-bin/www_bget?mmu:16644+mmu:385643">
        <graphics name="Kng1, Kng..." fgcolor="#000000" bgcolor="#BFFFBF"
             type="rectangle" x="344" y="288" width="46" height="17"/>
    </entry>
    <entry id="19" name="mmu:16621" type="gene"
        link="http://www.kegg.jp/dbget-bin/www_bget?mmu:16621">
        <graphics name="Klkb1, APS, Kal-3, Kal3, Klk3, PSA" fgcolor="#000000" bgcolor="#BFFFBF"
             type="rectangle" x="344" y="221" width="46" height="17"/>
    </entry>
    <entry id="20" name="mmu:18792" type="gene"
        link="http://www.kegg.jp/dbget-bin/www_bget?mmu:18792">
        <graphics name="Plau, u-PA, uPA" fgcolor="#000000" bgcolor="#BFFFBF"
             type="rectangle" x="493" y="474" width="46" height="17"/>
    </entry>
    <entry id="21" name="mmu:18791" type="gene"
        link="http://www.kegg.jp/dbget-bin/www_bget?mmu:18791">
        <graphics name="Plat, AU020998, AW212668, D8Ertd2e, tPA" fgcolor="#000000" bgcolor="#BFFFBF"
             type="rectangle" x="493" y="494" width="46" height="17"/>
    </entry>
    <entry id="22" name="cpd:C00306" type="compound"
        link="http://www.kegg.jp/dbget-bin/www_bget?C00306">
        <graphics name="C00306" fgcolor="#000000" bgcolor="#FFFFFF"
             type="circle" x="418" y="288" width="8" height="8"/>
    </entry>
    <entry id="23" name="mmu:12061 mmu:12062" type="gene"
        link="http://www.kegg.jp/dbget-bin/www_bget?mmu:12061+mmu:12062">
        <graphics name="Bdkrb1, B1BKR, B1R, BKR1, BRADYB1, Bdkrb..." fgcolor="#000000" bgcolor="#BFFFBF"
             type="rectangle" x="493" y="288" width="46" height="17"/>
    </entry>
    <entry id="24" name="mmu:17194 mmu:17195" type="gene"
        link="http://www.kegg.jp/dbget-bin/www_bget?mmu:17194+mmu:17195">
        <graphics name="Mbl1, MBL-A, MBP-A, S-MBP..." fgcolor="#000000" bgcolor="#BFFFBF"
             type="rectangle" x="931" y="228" width="46" height="17"/>
    </entry>
    <entry id="25" name="mmu:17174 mmu:17175" type="gene"
        link="http://www.kegg.jp/dbget-bin/www_bget?mmu:17174+mmu:17175">
        <graphics name="Masp1, AW048060, CCPII, Crarf, Masp1/3..." fgcolor="#000000" bgcolor="#BFFFBF"
             type="rectangle" x="931" y="245" width="46" height="17"/>
    </entry>
    <entry id="26" name="mmu:12259 mmu:12260 mmu:12262 mmu:317677 mmu:50908 mmu:50909" type="gene"
        link="http://www.kegg.jp/dbget-bin/www_bget?mmu:12259+mmu:12260+mmu:12262+mmu:317677+mmu:50908+mmu:50909">
        <graphics name="C1qa, AI255395, C1q..." fgcolor="#000000" bgcolor="#BFFFBF"
             type="rectangle" x="811" y="245" width="46" height="17"/>
    </entry>
    <entry id="27" name="mmu:12266" type="gene"
        link="http://www.kegg.jp/dbget-bin/www_bget?mmu:12266">
        <graphics name="C3, AI255234, ASP, HSE-MSF, Plp" fgcolor="#000000" bgcolor="#BFFFBF"
             type="rectangle" x="777" y="449" width="46" height="17"/>
    </entry>
    <entry id="28" name="mmu:12258" type="gene"
        link="http://www.kegg.jp/dbget-bin/www_bget?mmu:12258">
        <graphics name="Serping1, C1INH, C1nh" fgcolor="#000000" bgcolor="#BFFFBF"
             type="rectangle" x="872" y="272" width="46" height="17"/>
    </entry>
    <entry id="29" name="mmu:12628" type="gene"
        link="http://www.kegg.jp/dbget-bin/www_bget?mmu:12628">
        <graphics name="Cfh, Mud-1, NOM, Sas-1, Sas1" fgcolor="#000000" bgcolor="#BFFFBF"
             type="rectangle" x="653" y="490" width="46" height="17"/>
    </entry>
    <entry id="30" name="mmu:15139" type="gene"
        link="http://www.kegg.jp/dbget-bin/www_bget?mmu:15139">
        <graphics name="Hc, C5, C5a, He" fgcolor="#000000" bgcolor="#BFFFBF"
             type="rectangle" x="777" y="582" width="46" height="17"/>
    </entry>
    <entry id="31" name="mmu:109828 mmu:110382 mmu:12274 mmu:12279 mmu:230558 mmu:69379" type="gene"
        link="http://www.kegg.jp/dbget-bin/www_bget?mmu:109828+mmu:110382+mmu:12274+mmu:12279+mmu:230558+mmu:69379">
        <graphics name="C7, A530026G17, Gm1238..." fgcolor="#000000" bgcolor="#BFFFBF"
             type="rectangle" x="832" y="680" width="46" height="17"/>
    </entry>
    <entry id="32" name="mmu:12509 mmu:333883" type="gene"
        link="http://www.kegg.jp/dbget-bin/www_bget?mmu:12509+mmu:333883">
        <graphics name="Cd59a, AA987121, Cd59, protectin..." fgcolor="#000000" bgcolor="#BFFFBF"
             type="rectangle" x="692" y="714" width="46" height="17"/>
    </entry>
    <entry id="33" name="mmu:17221" type="gene"
        link="http://www.kegg.jp/dbget-bin/www_bget?mmu:17221">
        <graphics name="Cd46, Mcp" fgcolor="#000000" bgcolor="#BFFFBF"
             type="rectangle" x="751" y="401" width="46" height="17"/>
    </entry>
    <entry id="34" name="mmu:13136 mmu:13137" type="gene"
        link="http://www.kegg.jp/dbget-bin/www_bget?mmu:13136+mmu:13137">
        <graphics name="Cd55, Daf, Daf-GPI, Daf1, GPI-DAF..." fgcolor="#000000" bgcolor="#BFFFBF"
             type="rectangle" x="800" y="381" width="46" height="17"/>
    </entry>
    <entry id="35" name="path:mmu04662" type="map"
        link="http://www.kegg.jp/dbget-bin/www_bget?mmu04662">
        <graphics name="B cell receptor signaling pathway" fgcolor="#000000" bgcolor="#FFFFFF"
             type="roundrectangle" x="1198" y="605" width="102" height="34"/>
    </entry>
    <entry id="36" name="mmu:12269 mmu:22789" type="gene"
        link="http://www.kegg.jp/dbget-bin/www_bget?mmu:12269+mmu:22789">
        <graphics name="C4bp, AI195242, C4bpa..." fgcolor="#000000" bgcolor="#BFFFBF"
             type="rectangle" x="964" y="449" width="46" height="17"/>
    </entry>
    <entry id="37" name="mmu:19128" type="gene"
        link="http://www.kegg.jp/dbget-bin/www_bget?mmu:19128">
        <graphics name="Pros1, AW214361" fgcolor="#000000" bgcolor="#BFFFBF"
             type="rectangle" x="265" y="432" width="46" height="17"/>
    </entry>
    <entry id="38" name="mmu:19123" type="gene"
        link="http://www.kegg.jp/dbget-bin/www_bget?mmu:19123">
        <graphics name="Proc, PC" fgcolor="#000000" bgcolor="#BFFFBF"
             type="rectangle" x="321" y="484" width="46" height="17"/>
    </entry>
    <entry id="39" name="mmu:21824" type="gene"
        link="http://www.kegg.jp/dbget-bin/www_bget?mmu:21824">
        <graphics name="Thbd, AI385582, CD141, TM" fgcolor="#000000" bgcolor="#BFFFBF"
             type="rectangle" x="228" y="484" width="46" height="17"/>
    </entry>
    <entry id="40" name="mmu:20700 mmu:20701 mmu:20702 mmu:20703 mmu:20704" type="gene"
        link="http://www.kegg.jp/dbget-bin/www_bget?mmu:20700+mmu:20701+mmu:20702+mmu:20703+mmu:20704">
        <graphics name="Serpina1a, Aat-2, Aat2, Dom1, PI1, Spi1-1, Spi1-3..." fgcolor="#000000" bgcolor="#BFFFBF"
             type="rectangle" x="408" y="530" width="46" height="17"/>
    </entry>
    <entry id="41" name="mmu:14061" type="gene"
        link="http://www.kegg.jp/dbget-bin/www_bget?mmu:14061">
        <graphics name="F2, Cf-2, Cf2, FII" fgcolor="#000000" bgcolor="#BFFFBF"
             type="rectangle" x="153" y="484" width="46" height="17"/>
    </entry>
    <entry id="42" name="mmu:232345" type="gene"
        link="http://www.kegg.jp/dbget-bin/www_bget?mmu:232345">
        <graphics name="A2m, A2mp" fgcolor="#000000" bgcolor="#BFFFBF"
             type="rectangle" x="408" y="570" width="46" height="17"/>
    </entry>
    <entry id="43" name="mmu:18816" type="gene"
        link="http://www.kegg.jp/dbget-bin/www_bget?mmu:18816">
        <graphics name="Serpinf2, AI747498, Pli, Serpimf2" fgcolor="#000000" bgcolor="#BFFFBF"
             type="rectangle" x="408" y="550" width="46" height="17"/>
    </entry>
    <entry id="44" name="mmu:12266" type="gene"
        link="http://www.kegg.jp/dbget-bin/www_bget?mmu:12266">
        <graphics name="C3, AI255234, ASP, HSE-MSF, Plp" fgcolor="#000000" bgcolor="#BFFFBF"
             type="rectangle" x="684" y="336" width="46" height="17"/>
    </entry>
    <entry id="45" name="mmu:12268" type="gene"
        link="http://www.kegg.jp/dbget-bin/www_bget?mmu:12268">
        <graphics name="C4b, C4, Ss" fgcolor="#000000" bgcolor="#BFFFBF"
             type="rectangle" x="872" y="336" width="46" height="17"/>
    </entry>
    <entry id="46" name="mmu:12263" type="gene"
        link="http://www.kegg.jp/dbget-bin/www_bget?mmu:12263">
        <graphics name="C2" fgcolor="#000000" bgcolor="#BFFFBF"
             type="rectangle" x="872" y="316" width="46" height="17"/>
    </entry>
    <entry id="47" name="mmu:12628" type="gene"
        link="http://www.kegg.jp/dbget-bin/www_bget?mmu:12628">
        <graphics name="Cfh, Mud-1, NOM, Sas-1, Sas1" fgcolor="#000000" bgcolor="#BFFFBF"
             type="rectangle" x="637" y="228" width="46" height="17"/>
    </entry>
    <entry id="48" name="mmu:12630" type="gene"
        link="http://www.kegg.jp/dbget-bin/www_bget?mmu:12630">
        <graphics name="Cfi" fgcolor="#000000" bgcolor="#BFFFBF"
             type="rectangle" x="637" y="248" width="46" height="17"/>
    </entry>
    <entry id="49" name="mmu:14067" type="gene"
        link="http://www.kegg.jp/dbget-bin/www_bget?mmu:14067">
        <graphics name="F5, AI173222, Cf-5, Cf5" fgcolor="#000000" bgcolor="#BFFFBF"
             type="rectangle" x="178" y="443" width="46" height="17"/>
    </entry>
    <entry id="50" name="mmu:14069" type="gene"
        link="http://www.kegg.jp/dbget-bin/www_bget?mmu:14069">
        <graphics name="F8, Cf-8, Cf8, FVIII" fgcolor="#000000" bgcolor="#BFFFBF"
             type="rectangle" x="265" y="391" width="46" height="17"/>
    </entry>
    <entry id="51" name="mmu:11905" type="gene"
        link="http://www.kegg.jp/dbget-bin/www_bget?mmu:11905">
        <graphics name="Serpinc1, AI114908, ATIII, At-3, At3" fgcolor="#000000" bgcolor="#BFFFBF"
             type="rectangle" x="277" y="288" width="46" height="17"/>
    </entry>
    <entry id="52" name="mmu:56373" type="gene"
        link="http://www.kegg.jp/dbget-bin/www_bget?mmu:56373">
        <graphics name="Cpb2, 1110032P04Rik, 4930405E17Rik, AI255929, CPR, Cpu, TAFI" fgcolor="#000000" bgcolor="#BFFFBF"
             type="rectangle" x="235" y="698" width="46" height="17"/>
    </entry>
    <entry id="53" name="mmu:12759" type="gene"
        link="http://www.kegg.jp/dbget-bin/www_bget?mmu:12759">
        <graphics name="Clu, AI893575, ApoJ, Cli, D14Ucla3, SP-40, Sgp-2, Sgp2, Sugp-2" fgcolor="#000000" bgcolor="#BFFFBF"
             type="rectangle" x="692" y="734" width="46" height="17"/>
    </entry>
    <entry id="54" name="mmu:22370" type="gene"
        link="http://www.kegg.jp/dbget-bin/www_bget?mmu:22370">
        <graphics name="Vtn, AI256434, Vn" fgcolor="#000000" bgcolor="#BFFFBF"
             type="rectangle" x="692" y="754" width="46" height="17"/>
    </entry>
    <entry id="55" name="ko:K04011" type="ortholog"
        link="http://www.kegg.jp/dbget-bin/www_bget?K04011">
        <graphics name="K04011" fgcolor="#000000" bgcolor="#FFFFFF"
             type="rectangle" x="800" y="401" width="46" height="17"/>
    </entry>
    <entry id="56" name="mmu:12630" type="gene"
        link="http://www.kegg.jp/dbget-bin/www_bget?mmu:12630">
        <graphics name="Cfi" fgcolor="#000000" bgcolor="#BFFFBF"
             type="rectangle" x="751" y="381" width="46" height="17"/>
    </entry>
    <entry id="57" name="mmu:18793" type="gene"
        link="http://www.kegg.jp/dbget-bin/www_bget?mmu:18793">
        <graphics name="Plaur, Cd87, u-PAR, uPAR" fgcolor="#000000" bgcolor="#BFFFBF"
             type="rectangle" x="493" y="429" width="46" height="17"/>
    </entry>
    <entry id="58" name="mmu:14064 mmu:14065" type="gene"
        link="http://www.kegg.jp/dbget-bin/www_bget?mmu:14064+mmu:14065">
        <graphics name="F2rl2, F730031A08, PAR3..." fgcolor="#000000" bgcolor="#BFFFBF"
             type="rectangle" x="281" y="631" width="46" height="17"/>
    </entry>
    <entry id="59" name="mmu:19124" type="gene"
        link="http://www.kegg.jp/dbget-bin/www_bget?mmu:19124">
        <graphics name="Procr, AI325044, Ccca, Ccd41, Epcr" fgcolor="#000000" bgcolor="#BFFFBF"
             type="rectangle" x="274" y="514" width="46" height="17"/>
    </entry>
    <entry id="60" name="mmu:14066" type="gene"
        link="http://www.kegg.jp/dbget-bin/www_bget?mmu:14066">
        <graphics name="F3, AA409063, CD142, Cf-3, Cf3, TF" fgcolor="#000000" bgcolor="#BFFFBF"
             type="rectangle" x="89" y="288" width="46" height="17"/>
    </entry>
    <entry id="61" name="mmu:12902" type="gene"
        link="http://www.kegg.jp/dbget-bin/www_bget?mmu:12902">
        <graphics name="Cr2, C3DR, CD21, CD35, Cr-1, Cr-2, Cr1" fgcolor="#000000" bgcolor="#BFFFBF"
             type="rectangle" x="1075" y="604" width="46" height="17"/>
    </entry>
    <entry id="62" name="mmu:16409 mmu:16414 mmu:16415" type="gene"
        link="http://www.kegg.jp/dbget-bin/www_bget?mmu:16409+mmu:16414+mmu:16415">
        <graphics name="Itgam, CD11b/CD18, CR3, CR3A, Cd11b, F730045J24Rik, Ly-40, MAC1, Mac-1, Mac-1a..." fgcolor="#000000" bgcolor="#BFFFBF"
             type="rectangle" x="1075" y="646" width="46" height="17"/>
    </entry>
    <entry id="63" name="mmu:16411 mmu:16414 mmu:16415" type="gene"
        link="http://www.kegg.jp/dbget-bin/www_bget?mmu:16411+mmu:16414+mmu:16415">
        <graphics name="Itgax, AI449405, Cd11c, Cr4, N418..." fgcolor="#000000" bgcolor="#BFFFBF"
             type="rectangle" x="1075" y="688" width="46" height="17"/>
    </entry>
    <entry id="64" name="mmu:278180" type="gene"
        link="http://www.kegg.jp/dbget-bin/www_bget?mmu:278180">
        <graphics name="Vsig4, A530061A11, BC025105, CRIg, Z39IG" fgcolor="#000000" bgcolor="#BFFFBF"
             type="rectangle" x="1075" y="528" width="46" height="17"/>
    </entry>
    <entry id="65" name="mmu:12273" type="gene"
        link="http://www.kegg.jp/dbget-bin/www_bget?mmu:12273">
        <graphics name="C5ar1, C5aR, C5r1, Cd88, D7Msu1" fgcolor="#000000" bgcolor="#BFFFBF"
             type="rectangle" x="1075" y="727" width="46" height="17"/>
    </entry>
    <entry id="66" name="mmu:12267" type="gene"
        link="http://www.kegg.jp/dbget-bin/www_bget?mmu:12267">
        <graphics name="C3ar1, AZ3B, C3AR, HNFAG09" fgcolor="#000000" bgcolor="#BFFFBF"
             type="rectangle" x="1075" y="490" width="46" height="17"/>
    </entry>
    <entry id="67" name="mmu:14962" type="gene"
        link="http://www.kegg.jp/dbget-bin/www_bget?mmu:14962">
        <graphics name="Cfb, AI195813, AI255840, B, Bf, C2, Fb, H2-Bf" fgcolor="#000000" bgcolor="#BFFFBF"
             type="rectangle" x="755" y="290" width="46" height="17"/>
    </entry>
    <entry id="68" name="mmu:11537" type="gene"
        link="http://www.kegg.jp/dbget-bin/www_bget?mmu:11537">
        <graphics name="Cfd, Adn, DF" fgcolor="#000000" bgcolor="#BFFFBF"
             type="rectangle" x="755" y="310" width="46" height="17"/>
    </entry>
    <entry id="69" name="path:mmu04611" type="map"
        link="http://www.kegg.jp/dbget-bin/www_bget?mmu04611">
        <graphics name="Platelet activation" fgcolor="#000000" bgcolor="#FFFFFF"
             type="roundrectangle" x="398" y="649" width="101" height="25"/>
    </entry>
    <entry id="70" name="path:mmu04750" type="map"
        link="http://www.kegg.jp/dbget-bin/www_bget?mmu04750">
        <graphics name="Inflammatory mediator regulation of TRP channels" fgcolor="#000000" bgcolor="#FFFFFF"
             type="roundrectangle" x="383" y="341" width="140" height="37"/>
    </entry>
    <entry id="71" name="ko:K04011" type="ortholog"
        link="http://www.kegg.jp/dbget-bin/www_bget?K04011">
        <graphics name="K04011" fgcolor="#000000" bgcolor="#FFFFFF"
             type="rectangle" x="1075" y="567" width="46" height="17"/>
    </entry>
    <entry id="72" name="mmu:268591" type="gene"
        link="http://www.kegg.jp/dbget-bin/www_bget?mmu:268591">
        <graphics name="Serpina5, 4933415L04, PAI-3, Pci" fgcolor="#000000" bgcolor="#BFFFBF"
             type="rectangle" x="408" y="510" width="46" height="17"/>
    </entry>
    <relation entry1="60" entry2="6" type="PPrel">
        <subtype name="activation" value="--&gt;"/>
    </relation>
    <relation entry1="6" entry2="5" type="PPrel">
        <subtype name="activation" value="--&gt;"/>
    </relation>
    <relation entry1="2" entry2="3" type="PPrel">
        <subtype name="activation" value="--&gt;"/>
    </relation>
    <relation entry1="4" entry2="3" type="PPrel">
        <subtype name="activation" value="--&gt;"/>
    </relation>
    <relation entry1="2" entry2="19" type="PPrel">
        <subtype name="activation" value="--&gt;"/>
    </relation>
    <relation entry1="19" entry2="17" type="PPrel">
        <subtype name="activation" value="--&gt;"/>
    </relation>
    <relation entry1="2" entry2="17" type="PPrel">
        <subtype name="activation" value="--&gt;"/>
    </relation>
    <relation entry1="19" entry2="18" type="PPrel">
        <subtype name="activation" value="--&gt;"/>
    </relation>
    <relation entry1="4" entry2="5" type="PPrel">
        <subtype name="activation" value="--&gt;"/>
    </relation>
    <relation entry1="14" entry2="5" type="PPrel">
        <subtype name="activation" value="--&gt;"/>
    </relation>
    <relation entry1="41" entry2="39" type="PPrel">
        <subtype name="activation" value="--&gt;"/>
    </relation>
    <relation entry1="39" entry2="38" type="PPrel">
        <subtype name="activation" value="--&gt;"/>
    </relation>
    <relation entry1="38" entry2="11" type="PPrel">
        <subtype name="activation" value="--&gt;"/>
    </relation>
    <relation entry1="41" entry2="11" type="PPrel">
        <subtype name="activation" value="--&gt;"/>
    </relation>
    <relation entry1="41" entry2="58" type="PPrel">
        <subtype name="activation" value="--&gt;"/>
    </relation>
    <relation entry1="41" entry2="52" type="PPrel">
        <subtype name="activation" value="--&gt;"/>
    </relation>
    <relation entry1="41" entry2="9" type="PPrel">
        <subtype name="inhibition" value="--|"/>
    </relation>
    <relation entry1="49" entry2="41" type="PPrel">
        <subtype name="activation" value="--&gt;"/>
    </relation>
    <relation entry1="9" entry2="7" type="PCrel">
        <subtype name="activation" value="--&gt;"/>
    </relation>
    <relation entry1="14" entry2="50" type="PPrel">
        <subtype name="binding/association" value="---"/>
    </relation>
    <relation entry1="26" entry2="46" type="PPrel">
        <subtype name="activation" value="--&gt;"/>
    </relation>
    <relation entry1="26" entry2="45" type="PPrel">
        <subtype name="activation" value="--&gt;"/>
    </relation>
    <relation entry1="24" entry2="25" type="PPrel">
        <subtype name="binding/association" value="---"/>
    </relation>
    <relation entry1="24" entry2="46" type="PPrel">
        <subtype name="activation" value="--&gt;"/>
    </relation>
    <relation entry1="24" entry2="45" type="PPrel">
        <subtype name="activation" value="--&gt;"/>
    </relation>
    <relation entry1="25" entry2="46" type="PPrel">
        <subtype name="activation" value="--&gt;"/>
    </relation>
    <relation entry1="25" entry2="45" type="PPrel">
        <subtype name="activation" value="--&gt;"/>
    </relation>
    <relation entry1="10" entry2="6" type="PPrel">
        <subtype name="inhibition" value="--|"/>
    </relation>
    <relation entry1="10" entry2="5" type="PPrel">
        <subtype name="inhibition" value="--|"/>
    </relation>
    <relation entry1="51" entry2="2" type="PPrel">
        <subtype name="inhibition" value="--|"/>
    </relation>
    <relation entry1="51" entry2="3" type="PPrel">
        <subtype name="inhibition" value="--|"/>
    </relation>
    <relation entry1="51" entry2="4" type="PPrel">
        <subtype name="inhibition" value="--|"/>
    </relation>
    <relation entry1="13" entry2="5" type="PPrel">
        <subtype name="inhibition" value="--|"/>
    </relation>
    <relation entry1="13" entry2="41" type="PPrel">
        <subtype name="inhibition" value="--|"/>
    </relation>
    <relation entry1="12" entry2="41" type="PPrel">
        <subtype name="inhibition" value="--|"/>
    </relation>
    <relation entry1="15" entry2="41" type="PPrel">
        <subtype name="inhibition" value="--|"/>
    </relation>
    <relation entry1="38" entry2="49" type="PPrel">
        <subtype name="inhibition" value="--|"/>
    </relation>
    <relation entry1="38" entry2="50" type="PPrel">
        <subtype name="inhibition" value="--|"/>
    </relation>
    <relation entry1="38" entry2="16" type="PPrel">
        <subtype name="inhibition" value="--|"/>
    </relation>
    <relation entry1="16" entry2="20" type="PPrel">
        <subtype name="inhibition" value="--|"/>
    </relation>
    <relation entry1="16" entry2="21" type="PPrel">
        <subtype name="inhibition" value="--|"/>
    </relation>
    <relation entry1="72" entry2="38" type="PPrel">
        <subtype name="inhibition" value="--|"/>
    </relation>
    <relation entry1="40" entry2="38" type="PPrel">
        <subtype name="activation" value="--&gt;"/>
    </relation>
    <relation entry1="43" entry2="38" type="PPrel">
        <subtype name="activation" value="--&gt;"/>
    </relation>
    <relation entry1="18" entry2="22" type="PCrel">
        <subtype name="activation" value="--&gt;"/>
    </relation>
    <relation entry1="42" entry2="38" type="PPrel">
        <subtype name="inhibition" value="--|"/>
    </relation>
    <relation entry1="20" entry2="57" type="PPrel">
        <subtype name="activation" value="--&gt;"/>
        <subtype name="binding/association" value="---"/>
    </relation>
    <relation entry1="22" entry2="23" type="PCrel">
        <subtype name="activation" value="--&gt;"/>
        <subtype name="binding/association" value="---"/>
    </relation>
    <relation entry1="59" entry2="38" type="PPrel">
        <subtype name="binding/association" value="---"/>
    </relation>
    <relation entry1="37" entry2="49" type="PPrel">
        <subtype name="inhibition" value="--|"/>
    </relation>
    <relation entry1="20" entry2="17" type="PPrel">
        <subtype name="activation" value="--&gt;"/>
    </relation>
    <relation entry1="21" entry2="17" type="PPrel">
        <subtype name="activation" value="--&gt;"/>
    </relation>
    <relation entry1="67" entry2="44" type="PPrel">
        <subtype name="activation" value="--&gt;"/>
    </relation>
    <relation entry1="68" entry2="44" type="PPrel">
        <subtype name="activation" value="--&gt;"/>
    </relation>
    <relation entry1="28" entry2="26" type="PPrel">
        <subtype name="inhibition" value="--|"/>
    </relation>
    <relation entry1="28" entry2="25" type="PPrel">
        <subtype name="inhibition" value="--|"/>
    </relation>
    <relation entry1="28" entry2="24" type="PPrel">
        <subtype name="inhibition" value="--|"/>
    </relation>
    <relation entry1="8" entry2="7" type="PCrel">
        <subtype name="activation" value="--&gt;"/>
    </relation>
</pathway>
