<?xml version="1.0"?>
<!DOCTYPE pathway SYSTEM "http://www.kegg.jp/kegg/xml/KGML_v0.7.2_.dtd">
<!-- Creation date: Nov 26, 2015 09:19:45 +0900 (GMT+9) -->
<pathway name="path:mmu04974" org="mmu" number="04974"
         title="Protein digestion and absorption"
         image="http://www.kegg.jp/kegg/pathway/mmu/mmu04974.png"
         link="http://www.kegg.jp/kegg-bin/show_pathway?mmu04974">
    <entry id="1" name="path:mmu04974" type="map"
        link="http://www.kegg.jp/dbget-bin/www_bget?mmu04974">
        <graphics name="TITLE:Protein digestion and absorption" fgcolor="#000000" bgcolor="#FFFFFF"
             type="roundrectangle" x="195" y="58" width="310" height="25"/>
    </entry>
    <entry id="2" name="path:mmu04530" type="map"
        link="http://www.kegg.jp/dbget-bin/www_bget?mmu04530">
        <graphics name="Tight junction" fgcolor="#000000" bgcolor="#FFFFFF"
             type="roundrectangle" x="682" y="113" width="115" height="25"/>
    </entry>
    <entry id="3" name="mmu:20510" type="gene"
        link="http://www.kegg.jp/dbget-bin/www_bget?mmu:20510">
        <graphics name="Slc1a1, D130048G10Rik, EAAC1, EAAC2, EAAT3, MEAAC1" fgcolor="#000000" bgcolor="#BFFFBF"
             type="rectangle" x="534" y="511" width="46" height="17"/>
    </entry>
    <entry id="4" name="mmu:30962" type="gene"
        link="http://www.kegg.jp/dbget-bin/www_bget?mmu:30962">
        <graphics name="Slc7a9, CSNU3" fgcolor="#000000" bgcolor="#BFFFBF"
             type="rectangle" x="535" y="766" width="46" height="17"/>
    </entry>
    <entry id="5" name="mmu:50934" type="gene"
        link="http://www.kegg.jp/dbget-bin/www_bget?mmu:50934">
        <graphics name="Slc7a8, AA408822, LAT2" fgcolor="#000000" bgcolor="#BFFFBF"
             type="rectangle" x="1007" y="644" width="46" height="17"/>
    </entry>
    <entry id="6" name="mmu:67760" type="gene"
        link="http://www.kegg.jp/dbget-bin/www_bget?mmu:67760">
        <graphics name="Slc38a2, 5033402L14Rik, AI316867, ATA2, SAT2, mKIAA1382" fgcolor="#000000" bgcolor="#BFFFBF"
             type="rectangle" x="1007" y="456" width="46" height="17"/>
    </entry>
    <entry id="7" name="cpd:C01330" type="compound"
        link="http://www.kegg.jp/dbget-bin/www_bget?C01330">
        <graphics name="C01330" fgcolor="#000000" bgcolor="#FFFFFF"
             type="circle" x="1080" y="312" width="8" height="8"/>
    </entry>
    <entry id="8" name="cpd:C01330" type="compound"
        link="http://www.kegg.jp/dbget-bin/www_bget?C01330">
        <graphics name="C01330" fgcolor="#000000" bgcolor="#FFFFFF"
             type="circle" x="478" y="504" width="8" height="8"/>
    </entry>
    <entry id="9" name="cpd:C00025 cpd:C00049" type="compound"
        link="http://www.kegg.jp/dbget-bin/www_bget?C00025+C00049">
        <graphics name="C00025..." fgcolor="#000000" bgcolor="#FFFFFF"
             type="circle" x="453" y="509" width="8" height="8"/>
    </entry>
    <entry id="10" name="cpd:C00037 cpd:C00041 cpd:C00183 cpd:C00123 cpd:C00073 cpd:C00407 cpd:C00079 cpd:C00078 cpd:C00065 cpd:C00188 cpd:C00152 cpd:C00064" type="compound"
        link="http://www.kegg.jp/dbget-bin/www_bget?C00037+C00041+C00183+C00123+C00073+C00407+C00079+C00078+C00065+C00188+C00152+C00064">
        <graphics name="C00037..." fgcolor="#000000" bgcolor="#FFFFFF"
             type="circle" x="1075" y="641" width="8" height="8"/>
    </entry>
    <entry id="11" name="cpd:C00062 cpd:C00047 cpd:C16138 cpd:C00491" type="compound"
        link="http://www.kegg.jp/dbget-bin/www_bget?C00062+C00047+C16138+C00491">
        <graphics name="C00062..." fgcolor="#000000" bgcolor="#FFFFFF"
             type="circle" x="479" y="765" width="8" height="8"/>
    </entry>
    <entry id="12" name="mmu:20540" type="gene"
        link="http://www.kegg.jp/dbget-bin/www_bget?mmu:20540">
        <graphics name="Slc7a7, AI790233, my+lat1" fgcolor="#000000" bgcolor="#BFFFBF"
             type="rectangle" x="1007" y="770" width="46" height="17"/>
    </entry>
    <entry id="13" name="cpd:C00047 cpd:C00062 cpd:C00135" type="compound"
        link="http://www.kegg.jp/dbget-bin/www_bget?C00047+C00062+C00135">
        <graphics name="C00047..." fgcolor="#000000" bgcolor="#FFFFFF"
             type="circle" x="1104" y="771" width="8" height="8"/>
    </entry>
    <entry id="14" name="cpd:C01330" type="compound"
        link="http://www.kegg.jp/dbget-bin/www_bget?C01330">
        <graphics name="C01330" fgcolor="#000000" bgcolor="#FFFFFF"
             type="circle" x="1070" y="450" width="8" height="8"/>
    </entry>
    <entry id="15" name="cpd:C00037 cpd:C00148 cpd:C00041 cpd:C00065 cpd:C00097 cpd:C00064 cpd:C00152 cpd:C00135 cpd:C00073" type="compound"
        link="http://www.kegg.jp/dbget-bin/www_bget?C00037+C00148+C00041+C00065+C00097+C00064+C00152+C00135+C00073">
        <graphics name="C00037..." fgcolor="#000000" bgcolor="#FFFFFF"
             type="circle" x="1071" y="460" width="8" height="8"/>
    </entry>
    <entry id="16" name="mmu:56643" type="gene"
        link="http://www.kegg.jp/dbget-bin/www_bget?mmu:56643">
        <graphics name="Slc15a1, D630032F02, PECT1, PEPT1" fgcolor="#000000" bgcolor="#BFFFBF"
             type="rectangle" x="533" y="383" width="46" height="17"/>
    </entry>
    <entry id="17" name="mmu:74338" type="gene"
        link="http://www.kegg.jp/dbget-bin/www_bget?mmu:74338">
        <graphics name="Slc6a19, 4632401C08Rik, B&lt;0&gt;AT1" fgcolor="#000000" bgcolor="#BFFFBF"
             type="rectangle" x="533" y="637" width="46" height="17"/>
    </entry>
    <entry id="18" name="mmu:20514" type="gene"
        link="http://www.kegg.jp/dbget-bin/www_bget?mmu:20514">
        <graphics name="Slc1a5, AAAT, ASCT2, ATBO, M7V1, M7VS1, R16, RDRC, Slc1a7" fgcolor="#000000" bgcolor="#BFFFBF"
             type="rectangle" x="621" y="570" width="46" height="17"/>
    </entry>
    <entry id="19" name="path:mmu04972" type="map"
        link="http://www.kegg.jp/dbget-bin/www_bget?mmu04972">
        <graphics name="Pancreatic secretion" fgcolor="#000000" bgcolor="#FFFFFF"
             type="roundrectangle" x="217" y="313" width="124" height="25"/>
    </entry>
    <entry id="20" name="mmu:100040233 mmu:103964 mmu:22072 mmu:22074 mmu:436522 mmu:67373 mmu:73626" type="gene"
        link="http://www.kegg.jp/dbget-bin/www_bget?mmu:100040233+mmu:103964+mmu:22072+mmu:22074+mmu:436522+mmu:67373+mmu:73626">
        <graphics name="Gm10334..." fgcolor="#000000" bgcolor="#BFFFBF"
             type="rectangle" x="159" y="361" width="46" height="17"/>
    </entry>
    <entry id="21" name="mmu:20532" type="gene"
        link="http://www.kegg.jp/dbget-bin/www_bget?mmu:20532">
        <graphics name="Slc3a1, D2H, NBAT, NTAA, RBAT" fgcolor="#000000" bgcolor="#BFFFBF"
             type="rectangle" x="508" y="749" width="46" height="17"/>
    </entry>
    <entry id="22" name="mmu:11928 mmu:11931 mmu:11932 mmu:11933 mmu:11936 mmu:232975 mmu:27222 mmu:67821 mmu:98660" type="gene"
        link="http://www.kegg.jp/dbget-bin/www_bget?mmu:11928+mmu:11931+mmu:11932+mmu:11933+mmu:11936+mmu:232975+mmu:27222+mmu:67821+mmu:98660">
        <graphics name="Atp1a1, Atpa-1, BC010319..." fgcolor="#000000" bgcolor="#BFFFBF"
             type="rectangle" x="1008" y="308" width="47" height="17"/>
    </entry>
    <entry id="23" name="cpd:C00037 cpd:C00041 cpd:C00183 cpd:C00123 cpd:C00073 cpd:C00407 cpd:C00148 cpd:C00079 cpd:C00078 cpd:C00065 cpd:C00188 cpd:C00152 cpd:C00064" type="compound"
        link="http://www.kegg.jp/dbget-bin/www_bget?C00037+C00041+C00183+C00123+C00073+C00407+C00148+C00079+C00078+C00065+C00188+C00152+C00064">
        <graphics name="C00037..." fgcolor="#000000" bgcolor="#FFFFFF"
             type="circle" x="779" y="642" width="8" height="8"/>
    </entry>
    <entry id="24" name="cpd:C00097" type="compound"
        link="http://www.kegg.jp/dbget-bin/www_bget?C00097">
        <graphics name="C00097" fgcolor="#000000" bgcolor="#FFFFFF"
             type="circle" x="769" y="699" width="8" height="8"/>
    </entry>
    <entry id="25" name="mmu:17254" type="gene"
        link="http://www.kegg.jp/dbget-bin/www_bget?mmu:17254">
        <graphics name="Slc3a2, 4F2, 4F2HC, AI314110, Cd98, Ly-10, Ly-m10, Ly10, Mdu1, Mgp-2hc, NACAE" fgcolor="#000000" bgcolor="#BFFFBF"
             type="rectangle" x="1007" y="753" width="46" height="17"/>
    </entry>
    <entry id="26" name="mmu:17254" type="gene"
        link="http://www.kegg.jp/dbget-bin/www_bget?mmu:17254">
        <graphics name="Slc3a2, 4F2, 4F2HC, AI314110, Cd98, Ly-10, Ly-m10, Ly10, Mdu1, Mgp-2hc, NACAE" fgcolor="#000000" bgcolor="#BFFFBF"
             type="rectangle" x="1007" y="627" width="46" height="17"/>
    </entry>
    <entry id="27" name="cpd:C00037 cpd:C00041 cpd:C00183 cpd:C00123 cpd:C00073 cpd:C00407 cpd:C00148 cpd:C00079 cpd:C00078 cpd:C00065 cpd:C00188 cpd:C00152 cpd:C00064" type="compound"
        link="http://www.kegg.jp/dbget-bin/www_bget?C00037+C00041+C00183+C00123+C00073+C00407+C00148+C00079+C00078+C00065+C00188+C00152+C00064">
        <graphics name="C00037..." fgcolor="#000000" bgcolor="#FFFFFF"
             type="circle" x="456" y="639" width="8" height="8"/>
    </entry>
    <entry id="28" name="cpd:C01330" type="compound"
        link="http://www.kegg.jp/dbget-bin/www_bget?C01330">
        <graphics name="C01330" fgcolor="#000000" bgcolor="#FFFFFF"
             type="circle" x="478" y="631" width="8" height="8"/>
    </entry>
    <entry id="29" name="cpd:C00080" type="compound"
        link="http://www.kegg.jp/dbget-bin/www_bget?C00080">
        <graphics name="C00080" fgcolor="#000000" bgcolor="#FFFFFF"
             type="circle" x="480" y="379" width="8" height="8"/>
    </entry>
    <entry id="30" name="cpd:C00238" type="compound"
        link="http://www.kegg.jp/dbget-bin/www_bget?C00238">
        <graphics name="C00238" fgcolor="#000000" bgcolor="#FFFFFF"
             type="circle" x="597" y="515" width="8" height="8"/>
    </entry>
    <entry id="31" name="mmu:66473" type="gene"
        link="http://www.kegg.jp/dbget-bin/www_bget?mmu:66473">
        <graphics name="Ctrb1, 2200008D09Rik, AI504462, Ctrb, Prt-2" fgcolor="#000000" bgcolor="#BFFFBF"
             type="rectangle" x="214" y="361" width="46" height="17"/>
    </entry>
    <entry id="32" name="mmu:109660" type="gene"
        link="http://www.kegg.jp/dbget-bin/www_bget?mmu:109660">
        <graphics name="Ctrl, 0910001G08Rik, 1810004D15Rik, AV005227, Ctra-1, Ctra1, chymopasin, mFLJ00366" fgcolor="#000000" bgcolor="#BFFFBF"
             type="rectangle" x="269" y="361" width="46" height="17"/>
    </entry>
    <entry id="33" name="mmu:13706 mmu:67868" type="gene"
        link="http://www.kegg.jp/dbget-bin/www_bget?mmu:13706+mmu:67868">
        <graphics name="Cela2a, Ela-2, Ela2, Ela2a..." fgcolor="#000000" bgcolor="#BFFFBF"
             type="rectangle" x="159" y="388" width="46" height="17"/>
    </entry>
    <entry id="34" name="mmu:109697 mmu:12873 mmu:232680" type="gene"
        link="http://www.kegg.jp/dbget-bin/www_bget?mmu:109697+mmu:12873+mmu:232680">
        <graphics name="Cpa1, 0910001L12Rik, Cpa..." fgcolor="#000000" bgcolor="#BFFFBF"
             type="rectangle" x="159" y="414" width="46" height="17"/>
    </entry>
    <entry id="35" name="mmu:56373 mmu:76703" type="gene"
        link="http://www.kegg.jp/dbget-bin/www_bget?mmu:56373+mmu:76703">
        <graphics name="Cpb2, 1110032P04Rik, 4930405E17Rik, AI255929, CPR, Cpu, TAFI..." fgcolor="#000000" bgcolor="#BFFFBF"
             type="rectangle" x="214" y="414" width="46" height="17"/>
    </entry>
    <entry id="36" name="mmu:58803" type="gene"
        link="http://www.kegg.jp/dbget-bin/www_bget?mmu:58803">
        <graphics name="Pga5, 1110035E17Rik, Pepf" fgcolor="#000000" bgcolor="#BFFFBF"
             type="rectangle" x="212" y="275" width="46" height="17"/>
    </entry>
    <entry id="37" name="mmu:105243" type="gene"
        link="http://www.kegg.jp/dbget-bin/www_bget?mmu:105243">
        <graphics name="Slc9a3, 9030624O13Rik, AI930210, NHE-3, NHE3" fgcolor="#000000" bgcolor="#BFFFBF"
             type="rectangle" x="619" y="316" width="46" height="17"/>
    </entry>
    <entry id="38" name="cpd:C01330" type="compound"
        link="http://www.kegg.jp/dbget-bin/www_bget?C01330">
        <graphics name="C01330" fgcolor="#000000" bgcolor="#FFFFFF"
             type="circle" x="562" y="311" width="8" height="8"/>
    </entry>
    <entry id="39" name="cpd:C00080" type="compound"
        link="http://www.kegg.jp/dbget-bin/www_bget?C00080">
        <graphics name="C00080" fgcolor="#000000" bgcolor="#FFFFFF"
             type="circle" x="689" y="320" width="8" height="8"/>
    </entry>
    <entry id="40" name="cpd:C00238" type="compound"
        link="http://www.kegg.jp/dbget-bin/www_bget?C00238">
        <graphics name="C00238" fgcolor="#000000" bgcolor="#FFFFFF"
             type="circle" x="1074" y="303" width="8" height="8"/>
    </entry>
    <entry id="41" name="mmu:100040591 mmu:16529 mmu:16534 mmu:16535 mmu:57442" type="gene"
        link="http://www.kegg.jp/dbget-bin/www_bget?mmu:100040591+mmu:16529+mmu:16534+mmu:16535+mmu:57442">
        <graphics name="Kcnj13..." fgcolor="#000000" bgcolor="#BFFFBF"
             type="rectangle" x="1007" y="268" width="46" height="17"/>
    </entry>
    <entry id="42" name="cpd:C00238" type="compound"
        link="http://www.kegg.jp/dbget-bin/www_bget?C00238">
        <graphics name="C00238" fgcolor="#000000" bgcolor="#FFFFFF"
             type="circle" x="954" y="267" width="8" height="8"/>
    </entry>
    <entry id="43" name="cpd:C00049 cpd:C00025 cpd:C00082 cpd:C00097" type="compound"
        link="http://www.kegg.jp/dbget-bin/www_bget?C00049+C00025+C00082+C00097">
        <graphics name="C00049..." fgcolor="#000000" bgcolor="#FFFFFF"
             type="circle" x="868" y="506" width="8" height="8"/>
    </entry>
    <entry id="44" name="cpd:C00064 cpd:C00073 cpd:C00123" type="compound"
        link="http://www.kegg.jp/dbget-bin/www_bget?C00064+C00073+C00123">
        <graphics name="C00064..." fgcolor="#000000" bgcolor="#FFFFFF"
             type="circle" x="927" y="763" width="8" height="8"/>
    </entry>
    <entry id="45" name="cpd:C00037 cpd:C00041 cpd:C00183 cpd:C00123 cpd:C00073 cpd:C00407 cpd:C00148 cpd:C00079 cpd:C00078 cpd:C00065 cpd:C00188 cpd:C00152 cpd:C00064 cpd:C00062 cpd:C00135 cpd:C00047 cpd:C00049 cpd:C00025 cpd:C00082 cpd:C00097" type="compound"
        link="http://www.kegg.jp/dbget-bin/www_bget?C00037+C00041+C00183+C00123+C00073+C00407+C00148+C00079+C00078+C00065+C00188+C00152+C00064+C00062+C00135+C00047+C00049+C00025+C00082+C00097">
        <graphics name="C00037..." fgcolor="#000000" bgcolor="#FFFFFF"
             type="circle" x="806" y="448" width="8" height="8"/>
    </entry>
    <entry id="46" name="mmu:215335" type="gene"
        link="http://www.kegg.jp/dbget-bin/www_bget?mmu:215335">
        <graphics name="Slc36a1, 5830411H19Rik, AI839897, Pat1" fgcolor="#000000" bgcolor="#BFFFBF"
             type="rectangle" x="622" y="699" width="46" height="17"/>
    </entry>
    <entry id="47" name="cpd:C00148 cpd:C00037 cpd:C00099" type="compound"
        link="http://www.kegg.jp/dbget-bin/www_bget?C00148+C00037+C00099">
        <graphics name="C00148..." fgcolor="#000000" bgcolor="#FFFFFF"
             type="circle" x="574" y="695" width="8" height="8"/>
    </entry>
    <entry id="48" name="cpd:C00080" type="compound"
        link="http://www.kegg.jp/dbget-bin/www_bget?C00080">
        <graphics name="C00080" fgcolor="#000000" bgcolor="#FFFFFF"
             type="circle" x="547" y="702" width="8" height="8"/>
    </entry>
    <entry id="49" name="cpd:C00062 cpd:C00047 cpd:C00135" type="compound"
        link="http://www.kegg.jp/dbget-bin/www_bget?C00062+C00047+C00135">
        <graphics name="C00062..." fgcolor="#000000" bgcolor="#FFFFFF"
             type="circle" x="805" y="771" width="8" height="8"/>
    </entry>
    <entry id="50" name="mmu:110891 mmu:110893 mmu:20541" type="gene"
        link="http://www.kegg.jp/dbget-bin/www_bget?mmu:110891+mmu:110893+mmu:20541">
        <graphics name="Slc8a2, Ncx2..." fgcolor="#000000" bgcolor="#BFFFBF"
             type="rectangle" x="1007" y="579" width="46" height="17"/>
    </entry>
    <entry id="51" name="cpd:C01330" type="compound"
        link="http://www.kegg.jp/dbget-bin/www_bget?C01330">
        <graphics name="C01330" fgcolor="#000000" bgcolor="#FFFFFF"
             type="circle" x="1075" y="574" width="8" height="8"/>
    </entry>
    <entry id="52" name="cpd:C00076" type="compound"
        link="http://www.kegg.jp/dbget-bin/www_bget?C00076">
        <graphics name="C00076" fgcolor="#000000" bgcolor="#FFFFFF"
             type="circle" x="951" y="583" width="8" height="8"/>
    </entry>
    <entry id="53" name="mmu:13482 mmu:170745 mmu:17287 mmu:17288 mmu:17380 mmu:70008 mmu:72461" type="gene"
        link="http://www.kegg.jp/dbget-bin/www_bget?mmu:13482+mmu:170745+mmu:17287+mmu:17288+mmu:17380+mmu:70008+mmu:72461">
        <graphics name="Dpp4, Cd26, Dpp-4, THAM..." fgcolor="#000000" bgcolor="#BFFFBF"
             type="rectangle" x="620" y="446" width="46" height="17"/>
    </entry>
    <entry id="54" name="path:mmu04971" type="map"
        link="http://www.kegg.jp/dbget-bin/www_bget?mmu04971">
        <graphics name="Gastric acid secretion" fgcolor="#000000" bgcolor="#FFFFFF"
             type="roundrectangle" x="218" y="205" width="124" height="25"/>
    </entry>
    <entry id="55" name="mmu:13717" type="gene"
        link="http://www.kegg.jp/dbget-bin/www_bget?mmu:13717">
        <graphics name="Eln, AI385707, AI480567, E030024M20Rik" fgcolor="#000000" bgcolor="#BFFFBF"
             type="rectangle" x="134" y="591" width="46" height="17"/>
    </entry>
    <entry id="56" name="mmu:12813 mmu:12814 mmu:12815 mmu:12816 mmu:12817 mmu:12818 mmu:12819 mmu:12821 mmu:12822 mmu:12824 mmu:12825 mmu:12826 mmu:12827 mmu:12828 mmu:12829 mmu:12830 mmu:12831 mmu:12832 mmu:12833 mmu:12834 mmu:12835 mmu:12836 mmu:12839 mmu:12840 mmu:12841 mmu:12842 mmu:12843 mmu:245026 mmu:373864 mmu:53867 mmu:665033 mmu:68553 mmu:69700 mmu:71355 mmu:94216" type="gene"
        link="http://www.kegg.jp/dbget-bin/www_bget?mmu:12813+mmu:12814+mmu:12815+mmu:12816+mmu:12817+mmu:12818+mmu:12819+mmu:12821+mmu:12822+mmu:12824+mmu:12825+mmu:12826+mmu:12827+mmu:12828+mmu:12829+mmu:12830+mmu:12831+mmu:12832+mmu:12833+mmu:12834+mmu:12835+mmu:12836+mmu:12839+mmu:12840+mmu:12841+mmu:12842+mmu:12843+mmu:245026+mmu:373864+mmu:53867+mmu:665033+mmu:68553+mmu:69700+mmu:71355+mmu:94216">
        <graphics name="Col10a1, Col10, Col10a-1..." fgcolor="#000000" bgcolor="#BFFFBF"
             type="rectangle" x="134" y="615" width="46" height="17"/>
    </entry>
    <entry id="57" name="cpd:C00246" type="compound"
        link="http://www.kegg.jp/dbget-bin/www_bget?C00246">
        <graphics name="C00246" fgcolor="#000000" bgcolor="#FFFFFF"
             type="circle" x="140" y="749" width="8" height="8"/>
    </entry>
    <entry id="58" name="cpd:C00163" type="compound"
        link="http://www.kegg.jp/dbget-bin/www_bget?C00163">
        <graphics name="C00163" fgcolor="#000000" bgcolor="#FFFFFF"
             type="circle" x="211" y="749" width="8" height="8"/>
    </entry>
    <entry id="59" name="cpd:C00033" type="compound"
        link="http://www.kegg.jp/dbget-bin/www_bget?C00033">
        <graphics name="C00033" fgcolor="#000000" bgcolor="#FFFFFF"
             type="circle" x="275" y="749" width="8" height="8"/>
    </entry>
    <entry id="60" name="cpd:C02632" type="compound"
        link="http://www.kegg.jp/dbget-bin/www_bget?C02632">
        <graphics name="C02632" fgcolor="#000000" bgcolor="#FFFFFF"
             type="circle" x="142" y="811" width="8" height="8"/>
    </entry>
    <entry id="61" name="cpd:C08262" type="compound"
        link="http://www.kegg.jp/dbget-bin/www_bget?C08262">
        <graphics name="C08262" fgcolor="#000000" bgcolor="#FFFFFF"
             type="circle" x="188" y="790" width="8" height="8"/>
    </entry>
    <entry id="62" name="cpd:C18319" type="compound"
        link="http://www.kegg.jp/dbget-bin/www_bget?C18319">
        <graphics name="C18319" fgcolor="#000000" bgcolor="#FFFFFF"
             type="circle" x="236" y="809" width="8" height="8"/>
    </entry>
    <entry id="63" name="cpd:C05996" type="compound"
        link="http://www.kegg.jp/dbget-bin/www_bget?C05996">
        <graphics name="C05996" fgcolor="#000000" bgcolor="#FFFFFF"
             type="circle" x="272" y="790" width="8" height="8"/>
    </entry>
    <entry id="64" name="cpd:C00011" type="compound"
        link="http://www.kegg.jp/dbget-bin/www_bget?C00011">
        <graphics name="C00011" fgcolor="#000000" bgcolor="#FFFFFF"
             type="circle" x="336" y="750" width="8" height="8"/>
    </entry>
    <entry id="65" name="cpd:C00282" type="compound"
        link="http://www.kegg.jp/dbget-bin/www_bget?C00282">
        <graphics name="C00282" fgcolor="#000000" bgcolor="#FFFFFF"
             type="circle" x="336" y="771" width="8" height="8"/>
    </entry>
    <entry id="66" name="cpd:C01438" type="compound"
        link="http://www.kegg.jp/dbget-bin/www_bget?C01438">
        <graphics name="C01438" fgcolor="#000000" bgcolor="#FFFFFF"
             type="circle" x="336" y="792" width="8" height="8"/>
    </entry>
    <entry id="67" name="cpd:C00014" type="compound"
        link="http://www.kegg.jp/dbget-bin/www_bget?C00014">
        <graphics name="C00014" fgcolor="#000000" bgcolor="#FFFFFF"
             type="circle" x="336" y="813" width="8" height="8"/>
    </entry>
    <entry id="68" name="cpd:C00483 cpd:C00388 cpd:C01746 cpd:C01672 cpd:C00134" type="compound"
        link="http://www.kegg.jp/dbget-bin/www_bget?C00483+C00388+C01746+C01672+C00134">
        <graphics name="C00483..." fgcolor="#000000" bgcolor="#FFFFFF"
             type="circle" x="336" y="834" width="8" height="8"/>
    </entry>
    <entry id="69" name="cpd:C00146 cpd:C01468" type="compound"
        link="http://www.kegg.jp/dbget-bin/www_bget?C00146+C01468">
        <graphics name="C00146..." fgcolor="#000000" bgcolor="#FFFFFF"
             type="circle" x="336" y="855" width="8" height="8"/>
    </entry>
    <entry id="70" name="cpd:C00463" type="compound"
        link="http://www.kegg.jp/dbget-bin/www_bget?C00463">
        <graphics name="C00463" fgcolor="#000000" bgcolor="#FFFFFF"
             type="circle" x="336" y="895" width="8" height="8"/>
    </entry>
    <entry id="71" name="mmu:72472" type="gene"
        link="http://www.kegg.jp/dbget-bin/www_bget?mmu:72472">
        <graphics name="Slc16a10, 2610103N14Rik, 9830169E08, Mct10, PRO0813, TAT1" fgcolor="#000000" bgcolor="#BFFFBF"
             type="rectangle" x="1007" y="699" width="46" height="17"/>
    </entry>
    <entry id="72" name="cpd:C00079 cpd:C00082 cpd:C00078" type="compound"
        link="http://www.kegg.jp/dbget-bin/www_bget?C00079+C00082+C00078">
        <graphics name="C00079..." fgcolor="#000000" bgcolor="#FFFFFF"
             type="circle" x="1074" y="699" width="8" height="8"/>
    </entry>
    <entry id="73" name="cpd:C01327" type="compound"
        link="http://www.kegg.jp/dbget-bin/www_bget?C01327">
        <graphics name="C01327" fgcolor="#000000" bgcolor="#FFFFFF"
             type="circle" x="213" y="241" width="8" height="8"/>
    </entry>
    <entry id="74" name="path:ko00350" type="map"
        link="http://www.kegg.jp/dbget-bin/www_bget?ko00350">
        <graphics name="Tyrosine metabolism" fgcolor="#000000" bgcolor="#FFFFFF"
             type="roundrectangle" x="330" y="665" width="126" height="25"/>
    </entry>
    <entry id="75" name="path:ko00280" type="map"
        link="http://www.kegg.jp/dbget-bin/www_bget?ko00280">
        <graphics name="Valine, leucine and isoleucine degradation" fgcolor="#000000" bgcolor="#FFFFFF"
             type="roundrectangle" x="105" y="679" width="126" height="34"/>
    </entry>
    <entry id="76" name="path:ko00380" type="map"
        link="http://www.kegg.jp/dbget-bin/www_bget?ko00380">
        <graphics name="Tryptophan metabolism" fgcolor="#000000" bgcolor="#FFFFFF"
             type="roundrectangle" x="330" y="695" width="126" height="25"/>
    </entry>
    <entry id="77" name="path:mmu00250" type="map"
        link="http://www.kegg.jp/dbget-bin/www_bget?mmu00250">
        <graphics name="Alanine, aspartate and glutamate metabolism" fgcolor="#000000" bgcolor="#FFFFFF"
             type="roundrectangle" x="916" y="540" width="126" height="34"/>
    </entry>
    <entry id="78" name="cpd:C01330" type="compound"
        link="http://www.kegg.jp/dbget-bin/www_bget?C01330">
        <graphics name="C01330" fgcolor="#000000" bgcolor="#FFFFFF"
             type="circle" x="674" y="574" width="8" height="8"/>
    </entry>
    <entry id="79" name="cpd:C00041 cpd:C00065 cpd:C00097 cpd:C00188 cpd:C00064" type="compound"
        link="http://www.kegg.jp/dbget-bin/www_bget?C00041+C00065+C00097+C00188+C00064">
        <graphics name="C00041..." fgcolor="#000000" bgcolor="#FFFFFF"
             type="circle" x="694" y="567" width="8" height="8"/>
    </entry>
    <entry id="80" name="cpd:C00037 cpd:C00041 cpd:C00183 cpd:C00123 cpd:C00073 cpd:C00407 cpd:C00079 cpd:C00078 cpd:C00065 cpd:C00188 cpd:C00152 cpd:C00064" type="compound"
        link="http://www.kegg.jp/dbget-bin/www_bget?C00037+C00041+C00183+C00123+C00073+C00407+C00079+C00078+C00065+C00188+C00152+C00064">
        <graphics name="C00037..." fgcolor="#000000" bgcolor="#FFFFFF"
             type="circle" x="942" y="648" width="8" height="8"/>
    </entry>
    <entry id="81" name="cpd:C01330" type="compound"
        link="http://www.kegg.jp/dbget-bin/www_bget?C01330">
        <graphics name="C01330" fgcolor="#000000" bgcolor="#FFFFFF"
             type="circle" x="1057" y="776" width="8" height="8"/>
    </entry>
    <relation entry1="73" entry2="36" type="PCrel">
        <subtype name="activation" value="--&gt;"/>
    </relation>
</pathway>
