<?xml version="1.0"?>
<!DOCTYPE pathway SYSTEM "http://www.kegg.jp/kegg/xml/KGML_v0.7.2_.dtd">
<!-- Creation date: May 25, 2012 17:07:37 +0900 (GMT+09:00) -->
<pathway name="path:mmu04622" org="mmu" number="04622"
         title="RIG-I-like receptor signaling pathway"
         image="http://www.kegg.jp/kegg/pathway/mmu/mmu04622.png"
         link="http://www.kegg.jp/kegg-bin/show_pathway?mmu04622">
    <entry id="1" name="mmu:230073" type="gene"
        link="http://www.kegg.jp/dbget-bin/www_bget?mmu:230073">
        <graphics name="Ddx58, 6430573D20Rik, C330021E21, RIG-I, RLR-1" fgcolor="#000000" bgcolor="#BFFFBF"
             type="rectangle" x="444" y="260" width="46" height="17"/>
    </entry>
    <entry id="2" name="mmu:71586" type="gene"
        link="http://www.kegg.jp/dbget-bin/www_bget?mmu:71586">
        <graphics name="Ifih1, 9130009C22Rik, Helicard, Hlcd, MDA5, RLR-2" fgcolor="#000000" bgcolor="#BFFFBF"
             type="rectangle" x="444" y="536" width="46" height="17"/>
    </entry>
    <entry id="3" name="mmu:217069" type="gene"
        link="http://www.kegg.jp/dbget-bin/www_bget?mmu:217069">
        <graphics name="Trim25, AA960166, AL022677, EFP, Zfp147" fgcolor="#000000" bgcolor="#BFFFBF"
             type="rectangle" x="398" y="192" width="46" height="17"/>
    </entry>
    <entry id="4" name="mmu:67664" type="gene"
        link="http://www.kegg.jp/dbget-bin/www_bget?mmu:67664">
        <graphics name="Rnf125, 4930553F04Rik" fgcolor="#000000" bgcolor="#BFFFBF"
             type="rectangle" x="456" y="192" width="46" height="17"/>
    </entry>
    <entry id="5" name="mmu:228607" type="gene"
        link="http://www.kegg.jp/dbget-bin/www_bget?mmu:228607">
        <graphics name="Mavs, D430028G21Rik, IPS-1, Visa, cardif" fgcolor="#000000" bgcolor="#BFFFBF"
             type="rectangle" x="622" y="390" width="46" height="17"/>
    </entry>
    <entry id="6" name="mmu:18033 mmu:19697" type="gene"
        link="http://www.kegg.jp/dbget-bin/www_bget?mmu:18033+mmu:19697">
        <graphics name="Nfkb1, NF-KB1, NF-kappaB, NF-kappaB1, p105, p50, p50/p105..." fgcolor="#000000" bgcolor="#BFFFBF"
             type="rectangle" x="1111" y="501" width="46" height="17"/>
    </entry>
    <entry id="7" name="mmu:54644" type="gene"
        link="http://www.kegg.jp/dbget-bin/www_bget?mmu:54644">
        <graphics name="Otud5, AA407879, AI553596, BB114028, DUBA, DXImx46e, Sfc7" fgcolor="#000000" bgcolor="#BFFFBF"
             type="rectangle" x="753" y="313" width="46" height="17"/>
    </entry>
    <entry id="8" name="mmu:22031" type="gene"
        link="http://www.kegg.jp/dbget-bin/www_bget?mmu:22031">
        <graphics name="Traf3, AI528849, CAP-1, CD40bp, CRAF1, LAP1, T-BAM, amn" fgcolor="#000000" bgcolor="#BFFFBF"
             type="rectangle" x="753" y="365" width="46" height="17"/>
    </entry>
    <entry id="9" name="mmu:54131" type="gene"
        link="http://www.kegg.jp/dbget-bin/www_bget?mmu:54131">
        <graphics name="Irf3, C920001K05Rik, IRF-3" fgcolor="#000000" bgcolor="#BFFFBF"
             type="rectangle" x="1022" y="324" width="46" height="17"/>
    </entry>
    <entry id="10" name="mmu:56489" type="gene"
        link="http://www.kegg.jp/dbget-bin/www_bget?mmu:56489">
        <graphics name="Ikbke, AW558201, IKK-i, IKKepsilon, Ikki" fgcolor="#000000" bgcolor="#BFFFBF"
             type="rectangle" x="931" y="322" width="46" height="17"/>
    </entry>
    <entry id="11" name="mmu:54123" type="gene"
        link="http://www.kegg.jp/dbget-bin/www_bget?mmu:54123">
        <graphics name="Irf7" fgcolor="#000000" bgcolor="#BFFFBF"
             type="rectangle" x="1022" y="353" width="46" height="17"/>
    </entry>
    <entry id="12" name="mmu:21353" type="gene"
        link="http://www.kegg.jp/dbget-bin/www_bget?mmu:21353">
        <graphics name="Tank, C86182, E430026L09Rik, I-TRAF" fgcolor="#000000" bgcolor="#BFFFBF"
             type="rectangle" x="841" y="348" width="46" height="17"/>
    </entry>
    <entry id="13" name="mmu:27215" type="gene"
        link="http://www.kegg.jp/dbget-bin/www_bget?mmu:27215">
        <graphics name="Azi2, AA410145, AZ2" fgcolor="#000000" bgcolor="#BFFFBF"
             type="rectangle" x="841" y="365" width="46" height="17"/>
    </entry>
    <entry id="14" name="mmu:73174" type="gene"
        link="http://www.kegg.jp/dbget-bin/www_bget?mmu:73174">
        <graphics name="Tbkbp1, 3110043L15Rik, ProSAPiP2, SINTBAD" fgcolor="#000000" bgcolor="#BFFFBF"
             type="rectangle" x="841" y="382" width="46" height="17"/>
    </entry>
    <entry id="15" name="mmu:14082" type="gene"
        link="http://www.kegg.jp/dbget-bin/www_bget?mmu:14082">
        <graphics name="Fadd, Mort1/FADD" fgcolor="#000000" bgcolor="#BFFFBF"
             type="rectangle" x="841" y="455" width="46" height="17"/>
    </entry>
    <entry id="16" name="mmu:12370" type="gene"
        link="http://www.kegg.jp/dbget-bin/www_bget?mmu:12370">
        <graphics name="Casp8, CASP-8, FLICE, MACH, Mch5" fgcolor="#000000" bgcolor="#BFFFBF"
             type="rectangle" x="931" y="446" width="46" height="17"/>
    </entry>
    <entry id="17" name="ko:K04400" type="ortholog"
        link="http://www.kegg.jp/dbget-bin/www_bget?K04400">
        <graphics name="K04400" fgcolor="#000000" bgcolor="#FFFFFF"
             type="rectangle" x="931" y="463" width="46" height="17"/>
    </entry>
    <entry id="18" name="mmu:15962 mmu:15964 mmu:15965 mmu:15967 mmu:15968 mmu:15969 mmu:15970 mmu:15972 mmu:15974 mmu:230396 mmu:242517 mmu:242519 mmu:404549" type="gene"
        link="http://www.kegg.jp/dbget-bin/www_bget?mmu:15962+mmu:15964+mmu:15965+mmu:15967+mmu:15968+mmu:15969+mmu:15970+mmu:15972+mmu:15974+mmu:230396+mmu:242517+mmu:242519+mmu:404549">
        <graphics name="Ifna1, Ifa1..." fgcolor="#000000" bgcolor="#BFFFBF"
             type="rectangle" x="1286" y="309" width="46" height="17"/>
    </entry>
    <entry id="19" name="mmu:15977" type="gene"
        link="http://www.kegg.jp/dbget-bin/www_bget?mmu:15977">
        <graphics name="Ifnb1, IFN-beta, IFNB, Ifb" fgcolor="#000000" bgcolor="#BFFFBF"
             type="rectangle" x="1286" y="328" width="46" height="17"/>
    </entry>
    <entry id="20" name="mmu:22034" type="gene"
        link="http://www.kegg.jp/dbget-bin/www_bget?mmu:22034">
        <graphics name="Traf6, 2310003F17Rik, AI851288, C630032O20Rik" fgcolor="#000000" bgcolor="#BFFFBF"
             type="rectangle" x="715" y="645" width="46" height="17"/>
    </entry>
    <entry id="21" name="mmu:12675" type="gene"
        link="http://www.kegg.jp/dbget-bin/www_bget?mmu:12675">
        <graphics name="Chuk, AI256658, Chuk1, Fbx24, Fbxo24, IKBKA, IKK1, Ikka, NFKBIKA" fgcolor="#000000" bgcolor="#BFFFBF"
             type="rectangle" x="1022" y="439" width="46" height="17"/>
    </entry>
    <entry id="22" name="mmu:16150" type="gene"
        link="http://www.kegg.jp/dbget-bin/www_bget?mmu:16150">
        <graphics name="Ikbkb, AI132552, IKK-2, IKK-beta, IKK2, IKK[b], IKKbeta" fgcolor="#000000" bgcolor="#BFFFBF"
             type="rectangle" x="1022" y="456" width="46" height="17"/>
    </entry>
    <entry id="23" name="mmu:16151" type="gene"
        link="http://www.kegg.jp/dbget-bin/www_bget?mmu:16151">
        <graphics name="Ikbkg, 1110037D23Rik, AI848108, AI851264, AW124339, IKK[g], NEMO" fgcolor="#000000" bgcolor="#BFFFBF"
             type="rectangle" x="1022" y="422" width="46" height="17"/>
    </entry>
    <entry id="24" name="mmu:18035 mmu:18036" type="gene"
        link="http://www.kegg.jp/dbget-bin/www_bget?mmu:18035+mmu:18036">
        <graphics name="Nfkbia, AI462015, Nfkbi..." fgcolor="#000000" bgcolor="#BFFFBF"
             type="rectangle" x="1111" y="456" width="46" height="17"/>
    </entry>
    <entry id="25" name="path:mmu04120" type="map"
        link="http://www.kegg.jp/dbget-bin/www_bget?mmu04120">
        <graphics name="Ubiquitin mediated proteolysis" fgcolor="#000000" bgcolor="#FFFFFF"
             type="roundrectangle" x="537" y="647" width="113" height="34"/>
    </entry>
    <entry id="26" name="mmu:56480" type="gene"
        link="http://www.kegg.jp/dbget-bin/www_bget?mmu:56480">
        <graphics name="Tbk1, 1200008B05Rik, AI462036, AW048562" fgcolor="#000000" bgcolor="#BFFFBF"
             type="rectangle" x="931" y="339" width="46" height="17"/>
    </entry>
    <entry id="27" name="mmu:80861" type="gene"
        link="http://www.kegg.jp/dbget-bin/www_bget?mmu:80861">
        <graphics name="Dhx58, B430001I08Rik, D11Lgp2e, LPG2, Lgp2, RLR-3" fgcolor="#000000" bgcolor="#BFFFBF"
             type="rectangle" x="387" y="390" width="46" height="17"/>
    </entry>
    <entry id="28" name="mmu:67664" type="gene"
        link="http://www.kegg.jp/dbget-bin/www_bget?mmu:67664">
        <graphics name="Rnf125, 4930553F04Rik" fgcolor="#000000" bgcolor="#BFFFBF"
             type="rectangle" x="474" y="461" width="46" height="17"/>
    </entry>
    <entry id="29" name="mmu:100038882" type="gene"
        link="http://www.kegg.jp/dbget-bin/www_bget?mmu:100038882">
        <graphics name="Isg15, G1p2, IGI15, IP17, Irfp, UCRP" fgcolor="#000000" bgcolor="#BFFFBF"
             type="rectangle" x="481" y="218" width="46" height="17"/>
    </entry>
    <entry id="30" name="mmu:11793" type="gene"
        link="http://www.kegg.jp/dbget-bin/www_bget?mmu:11793">
        <graphics name="Atg5, 2010107M05Rik, 3110067M24Rik, AW319544, Apg5l, Atg5l, C88337, Paddy" fgcolor="#000000" bgcolor="#BFFFBF"
             type="rectangle" x="550" y="226" width="46" height="17"/>
    </entry>
    <entry id="31" name="mmu:67526" type="gene"
        link="http://www.kegg.jp/dbget-bin/www_bget?mmu:67526">
        <graphics name="Atg12, 4931423H11Rik, A330058M13Rik, Apg12l, Atg12l" fgcolor="#000000" bgcolor="#BFFFBF"
             type="rectangle" x="550" y="243" width="46" height="17"/>
    </entry>
    <entry id="32" name="mmu:270151" type="gene"
        link="http://www.kegg.jp/dbget-bin/www_bget?mmu:270151">
        <graphics name="Nlrx1, BC034204, NOD9" fgcolor="#000000" bgcolor="#BFFFBF"
             type="rectangle" x="603" y="315" width="46" height="17"/>
    </entry>
    <entry id="33" name="mmu:72512" type="gene"
        link="http://www.kegg.jp/dbget-bin/www_bget?mmu:72512">
        <graphics name="Tmem173, 2610307O08Rik, ERIS, MPYS, Mita, STING" fgcolor="#000000" bgcolor="#BFFFBF"
             type="rectangle" x="691" y="279" width="46" height="17"/>
    </entry>
    <entry id="34" name="mmu:74256" type="gene"
        link="http://www.kegg.jp/dbget-bin/www_bget?mmu:74256">
        <graphics name="Cyld, 2010013M14Rik, 2900009M21Rik, C130039D01Rik, CDMT, CYLD1, EAC, mKIAA0849" fgcolor="#000000" bgcolor="#BFFFBF"
             type="rectangle" x="423" y="156" width="46" height="17"/>
    </entry>
    <entry id="35" name="mmu:23988" type="gene"
        link="http://www.kegg.jp/dbget-bin/www_bget?mmu:23988">
        <graphics name="Pin1, 0610025L01Rik, D9Bwg1161e" fgcolor="#000000" bgcolor="#BFFFBF"
             type="rectangle" x="1057" y="273" width="46" height="17"/>
    </entry>
    <entry id="36" name="mmu:16151" type="gene"
        link="http://www.kegg.jp/dbget-bin/www_bget?mmu:16151">
        <graphics name="Ikbkg, 1110037D23Rik, AI848108, AI851264, AW124339, IKK[g], NEMO" fgcolor="#000000" bgcolor="#BFFFBF"
             type="rectangle" x="931" y="356" width="46" height="17"/>
    </entry>
    <entry id="37" name="mmu:71609" type="gene"
        link="http://www.kegg.jp/dbget-bin/www_bget?mmu:71609">
        <graphics name="Tradd, 9130005N23Rik, AA930854" fgcolor="#000000" bgcolor="#BFFFBF"
             type="rectangle" x="753" y="434" width="46" height="17"/>
    </entry>
    <entry id="38" name="mmu:19766" type="gene"
        link="http://www.kegg.jp/dbget-bin/www_bget?mmu:19766">
        <graphics name="Ripk1, D330015H01Rik, RIP, Rinp, Rip1" fgcolor="#000000" bgcolor="#BFFFBF"
             type="rectangle" x="841" y="472" width="46" height="17"/>
    </entry>
    <entry id="39" name="mmu:66641" type="gene"
        link="http://www.kegg.jp/dbget-bin/www_bget?mmu:66641">
        <graphics name="Sike1, 2810005O12Rik, 5730470L24Rik, AI450236, AI839862, Sike, Sikeb" fgcolor="#000000" bgcolor="#BFFFBF"
             type="rectangle" x="931" y="273" width="46" height="17"/>
    </entry>
    <entry id="40" name="mmu:225913" type="gene"
        link="http://www.kegg.jp/dbget-bin/www_bget?mmu:225913">
        <graphics name="Tkfc, BC021917, Dak" fgcolor="#000000" bgcolor="#BFFFBF"
             type="rectangle" x="444" y="433" width="46" height="17"/>
    </entry>
    <entry id="41" name="path:mmu04210" type="map"
        link="http://www.kegg.jp/dbget-bin/www_bget?mmu04210">
        <graphics name="Apoptosis" fgcolor="#000000" bgcolor="#FFFFFF"
             type="roundrectangle" x="931" y="521" width="92" height="25"/>
    </entry>
    <entry id="42" name="mmu:110957 mmu:13205" type="gene"
        link="http://www.kegg.jp/dbget-bin/www_bget?mmu:110957+mmu:13205">
        <graphics name="D1Pas1, Pl10..." fgcolor="#000000" bgcolor="#BFFFBF"
             type="rectangle" x="988" y="273" width="46" height="17"/>
    </entry>
    <entry id="43" name="mmu:26401" type="gene"
        link="http://www.kegg.jp/dbget-bin/www_bget?mmu:26401">
        <graphics name="Map3k1, MAPKKK1, MEKK1, Mekk" fgcolor="#000000" bgcolor="#BFFFBF"
             type="rectangle" x="821" y="645" width="46" height="17"/>
    </entry>
    <entry id="44" name="mmu:26414 mmu:26419 mmu:26420" type="gene"
        link="http://www.kegg.jp/dbget-bin/www_bget?mmu:26414+mmu:26419+mmu:26420">
        <graphics name="Mapk10, C230008H04Rik, JNK3, JNK3B1, JNK3B2, SAPK(beta), Serk2, p493F12, p54bSAPK..." fgcolor="#000000" bgcolor="#BFFFBF"
             type="rectangle" x="974" y="630" width="46" height="17"/>
    </entry>
    <entry id="45" name="mmu:19094 mmu:26415 mmu:26416 mmu:29857" type="gene"
        link="http://www.kegg.jp/dbget-bin/www_bget?mmu:19094+mmu:26415+mmu:26416+mmu:29857">
        <graphics name="Mapk11, P38b, Prkm11, Sapk2, Sapk2b, p38-2, p38beta, p38beta2..." fgcolor="#000000" bgcolor="#BFFFBF"
             type="rectangle" x="974" y="661" width="46" height="17"/>
    </entry>
    <entry id="46" name="mmu:22030" type="gene"
        link="http://www.kegg.jp/dbget-bin/www_bget?mmu:22030">
        <graphics name="Traf2, AI325259" fgcolor="#000000" bgcolor="#BFFFBF"
             type="rectangle" x="715" y="579" width="46" height="17"/>
    </entry>
    <entry id="47" name="mmu:26409" type="gene"
        link="http://www.kegg.jp/dbget-bin/www_bget?mmu:26409">
        <graphics name="Map3k7, B430101B05, C87327, Tak1" fgcolor="#000000" bgcolor="#BFFFBF"
             type="rectangle" x="821" y="579" width="46" height="17"/>
    </entry>
    <entry id="48" name="ko:K05440" type="ortholog"
        link="http://www.kegg.jp/dbget-bin/www_bget?K05440">
        <graphics name="K05440" fgcolor="#000000" bgcolor="#FFFFFF"
             type="rectangle" x="1286" y="347" width="46" height="17"/>
    </entry>
    <entry id="49" name="mmu:230405" type="gene"
        link="http://www.kegg.jp/dbget-bin/www_bget?mmu:230405">
        <graphics name="Ifne, Ifn-tau-1, Ifne1, Ifnt1, Infe1" fgcolor="#000000" bgcolor="#BFFFBF"
             type="rectangle" x="1286" y="366" width="46" height="17"/>
    </entry>
    <entry id="50" name="mmu:387510" type="gene"
        link="http://www.kegg.jp/dbget-bin/www_bget?mmu:387510">
        <graphics name="Ifnk" fgcolor="#000000" bgcolor="#BFFFBF"
             type="rectangle" x="1286" y="385" width="46" height="17"/>
    </entry>
    <entry id="51" name="ko:K10030" type="ortholog"
        link="http://www.kegg.jp/dbget-bin/www_bget?K10030">
        <graphics name="K10030" fgcolor="#000000" bgcolor="#FFFFFF"
             type="rectangle" x="1286" y="495" width="46" height="17"/>
    </entry>
    <entry id="52" name="mmu:21926" type="gene"
        link="http://www.kegg.jp/dbget-bin/www_bget?mmu:21926">
        <graphics name="Tnf, DIF, TNF-a, TNF-alpha, TNFSF2, TNFalpha, Tnfa, Tnfsf1a, Tnlg1f" fgcolor="#000000" bgcolor="#BFFFBF"
             type="rectangle" x="1286" y="514" width="46" height="17"/>
    </entry>
    <entry id="53" name="mmu:16159 mmu:16160" type="gene"
        link="http://www.kegg.jp/dbget-bin/www_bget?mmu:16159+mmu:16160">
        <graphics name="Il12a, IL-12p35, Il-12a, Ll12a, p35..." fgcolor="#000000" bgcolor="#BFFFBF"
             type="rectangle" x="1286" y="533" width="46" height="17"/>
    </entry>
    <entry id="54" name="mmu:15945" type="gene"
        link="http://www.kegg.jp/dbget-bin/www_bget?mmu:15945">
        <graphics name="Cxcl10, C7, CRG-2, INP10, IP-10, IP10, Ifi10, Scyb10, gIP-10, mob-1" fgcolor="#000000" bgcolor="#BFFFBF"
             type="rectangle" x="1286" y="552" width="46" height="17"/>
    </entry>
    <entry id="55" name="path:mmu04010" type="map"
        link="http://www.kegg.jp/dbget-bin/www_bget?mmu04010">
        <graphics name="MAPK signaling pathway" fgcolor="#000000" bgcolor="#FFFFFF"
             type="roundrectangle" x="870" y="696" width="113" height="34"/>
    </entry>
    <entry id="56" name="path:mmu04120" type="map"
        link="http://www.kegg.jp/dbget-bin/www_bget?mmu04120">
        <graphics name="Ubiquitin mediated proteolysis" fgcolor="#000000" bgcolor="#FFFFFF"
             type="roundrectangle" x="1101" y="176" width="113" height="34"/>
    </entry>
    <entry id="57" name="path:mmu04630" type="map"
        link="http://www.kegg.jp/dbget-bin/www_bget?mmu04630">
        <graphics name="Jak-STAT signaling pathway" fgcolor="#000000" bgcolor="#FFFFFF"
             type="roundrectangle" x="1502" y="332" width="121" height="34"/>
    </entry>
    <entry id="58" name="path:mmu04622" type="map"
        link="http://www.kegg.jp/dbget-bin/www_bget?mmu04622">
        <graphics name="TITLE:RIG-I-like receptor signaling pathway" fgcolor="#000000" bgcolor="#FFFFFF"
             type="roundrectangle" x="206" y="58" width="332" height="25"/>
    </entry>
    <entry id="59" name="undefined" type="group">
        <graphics fgcolor="#000000" bgcolor="#FFFFFF"
             type="rectangle" x="841" y="365" width="46" height="51"/>
        <component id="12"/>
        <component id="13"/>
        <component id="14"/>
    </entry>
    <entry id="60" name="undefined" type="group">
        <graphics fgcolor="#000000" bgcolor="#FFFFFF"
             type="rectangle" x="931" y="339" width="46" height="51"/>
        <component id="10"/>
        <component id="26"/>
        <component id="36"/>
    </entry>
    <entry id="61" name="undefined" type="group">
        <graphics fgcolor="#000000" bgcolor="#FFFFFF"
             type="rectangle" x="841" y="463" width="46" height="34"/>
        <component id="15"/>
        <component id="38"/>
    </entry>
    <entry id="62" name="undefined" type="group">
        <graphics fgcolor="#000000" bgcolor="#FFFFFF"
             type="rectangle" x="1022" y="439" width="46" height="51"/>
        <component id="21"/>
        <component id="22"/>
        <component id="23"/>
    </entry>
    <entry id="63" name="undefined" type="group">
        <graphics fgcolor="#000000" bgcolor="#FFFFFF"
             type="rectangle" x="550" y="234" width="46" height="34"/>
        <component id="30"/>
        <component id="31"/>
    </entry>
    <relation entry1="1" entry2="5" type="PPrel">
        <subtype name="activation" value="--&gt;"/>
    </relation>
    <relation entry1="5" entry2="8" type="PPrel">
        <subtype name="binding/association" value="---"/>
    </relation>
    <relation entry1="8" entry2="12" type="PPrel">
        <subtype name="binding/association" value="---"/>
    </relation>
    <relation entry1="59" entry2="36" type="PPrel">
        <subtype name="activation" value="--&gt;"/>
    </relation>
    <relation entry1="60" entry2="9" type="PPrel">
        <subtype name="activation" value="--&gt;"/>
        <subtype name="phosphorylation" value="+p"/>
    </relation>
    <relation entry1="60" entry2="11" type="PPrel">
        <subtype name="activation" value="--&gt;"/>
        <subtype name="phosphorylation" value="+p"/>
    </relation>
    <relation entry1="5" entry2="37" type="PPrel">
        <subtype name="binding/association" value="---"/>
    </relation>
    <relation entry1="37" entry2="8" type="PPrel">
        <subtype name="binding/association" value="---"/>
    </relation>
    <relation entry1="37" entry2="12" type="PPrel">
        <subtype name="binding/association" value="---"/>
    </relation>
    <relation entry1="37" entry2="61" type="PPrel">
        <subtype name="binding/association" value="---"/>
    </relation>
    <relation entry1="15" entry2="16" type="PPrel">
        <subtype name="activation" value="--&gt;"/>
    </relation>
    <relation entry1="16" entry2="62" type="PPrel">
        <subtype name="activation" value="--&gt;"/>
        <subtype name="indirect effect" value="..&gt;"/>
    </relation>
    <relation entry1="24" entry2="6" type="PPrel">
        <subtype name="dissociation" value="-+-"/>
    </relation>
    <relation entry1="2" entry2="5" type="PPrel">
        <subtype name="activation" value="--&gt;"/>
    </relation>
    <relation entry1="5" entry2="46" type="PPrel">
        <subtype name="binding/association" value="---"/>
    </relation>
    <relation entry1="46" entry2="47" type="PPrel">
        <subtype name="activation" value="--&gt;"/>
    </relation>
    <relation entry1="47" entry2="6" type="PPrel">
        <subtype name="activation" value="--&gt;"/>
        <subtype name="indirect effect" value="..&gt;"/>
    </relation>
    <relation entry1="47" entry2="45" type="PPrel">
        <subtype name="activation" value="--&gt;"/>
        <subtype name="indirect effect" value="..&gt;"/>
    </relation>
    <relation entry1="5" entry2="20" type="PPrel">
        <subtype name="binding/association" value="---"/>
    </relation>
    <relation entry1="20" entry2="43" type="PPrel">
        <subtype name="activation" value="--&gt;"/>
    </relation>
    <relation entry1="43" entry2="6" type="PPrel">
        <subtype name="activation" value="--&gt;"/>
        <subtype name="indirect effect" value="..&gt;"/>
    </relation>
    <relation entry1="43" entry2="44" type="PPrel">
        <subtype name="activation" value="--&gt;"/>
        <subtype name="indirect effect" value="..&gt;"/>
    </relation>
    <relation entry1="43" entry2="45" type="PPrel">
        <subtype name="activation" value="--&gt;"/>
        <subtype name="indirect effect" value="..&gt;"/>
    </relation>
    <relation entry1="27" entry2="1" type="PPrel">
        <subtype name="inhibition" value="--|"/>
    </relation>
    <relation entry1="27" entry2="2" type="PPrel">
        <subtype name="activation" value="--&gt;"/>
    </relation>
    <relation entry1="3" entry2="1" type="PPrel">
        <subtype name="activation" value="--&gt;"/>
        <subtype name="ubiquitination" value="+u"/>
    </relation>
    <relation entry1="34" entry2="1" type="PPrel">
        <subtype name="inhibition" value="--|"/>
    </relation>
    <relation entry1="4" entry2="1" type="PPrel">
        <subtype name="inhibition" value="--|"/>
        <subtype name="ubiquitination" value="+u"/>
    </relation>
    <relation entry1="29" entry2="1" type="PPrel">
        <subtype name="binding/association" value="---"/>
    </relation>
    <relation entry1="63" entry2="1" type="PPrel">
        <subtype name="binding/association" value="---"/>
    </relation>
    <relation entry1="63" entry2="5" type="PPrel">
        <subtype name="binding/association" value="---"/>
    </relation>
    <relation entry1="33" entry2="5" type="PPrel">
        <subtype name="binding/association" value="---"/>
    </relation>
    <relation entry1="7" entry2="8" type="PPrel">
        <subtype name="inhibition" value="--|"/>
    </relation>
    <relation entry1="39" entry2="10" type="PPrel">
        <subtype name="inhibition" value="--|"/>
    </relation>
    <relation entry1="42" entry2="26" type="PPrel">
        <subtype name="binding/association" value="---"/>
    </relation>
    <relation entry1="35" entry2="9" type="PPrel">
        <subtype name="binding/association" value="---"/>
    </relation>
    <relation entry1="40" entry2="2" type="PPrel">
        <subtype name="inhibition" value="--|"/>
    </relation>
    <relation entry1="28" entry2="2" type="PPrel">
        <subtype name="inhibition" value="--|"/>
        <subtype name="ubiquitination" value="+u"/>
    </relation>
    <relation entry1="32" entry2="5" type="PPrel">
        <subtype name="inhibition" value="--|"/>
    </relation>
    <relation entry1="22" entry2="24" type="PPrel">
        <subtype name="activation" value="--&gt;"/>
        <subtype name="phosphorylation" value="+p"/>
    </relation>
</pathway>
