<?xml version="1.0"?>
<!DOCTYPE pathway SYSTEM "http://www.kegg.jp/kegg/xml/KGML_v0.7.2_.dtd">
<!-- Creation date: Jun 2, 2017 13:29:48 +0900 (GMT+9) -->
<pathway name="path:mmu04062" org="mmu" number="04062"
         title="Chemokine signaling pathway"
         image="http://www.kegg.jp/kegg/pathway/mmu/mmu04062.png"
         link="http://www.kegg.jp/kegg-bin/show_pathway?mmu04062">
    <entry id="1" name="mmu:12145 mmu:12458 mmu:12765 mmu:12766 mmu:12767 mmu:12768 mmu:12769 mmu:12770 mmu:12771 mmu:12772 mmu:12773 mmu:12774 mmu:12775 mmu:12776 mmu:12777 mmu:13051 mmu:227288 mmu:23832 mmu:80901" type="gene"
        link="http://www.kegg.jp/dbget-bin/www_bget?mmu:12145+mmu:12458+mmu:12765+mmu:12766+mmu:12767+mmu:12768+mmu:12769+mmu:12770+mmu:12771+mmu:12772+mmu:12773+mmu:12774+mmu:12775+mmu:12776+mmu:12777+mmu:13051+mmu:227288+mmu:23832+mmu:80901">
        <graphics name="Cxcr5, Blr1, CXC-R5, CXCR-5, Gpcr6, MDR15..." fgcolor="#000000" bgcolor="#BFFFBF"
             type="rectangle" x="160" y="334" width="46" height="17"/>
    </entry>
    <entry id="2" name="mmu:100039053 mmu:100039848 mmu:100039863 mmu:100039939 mmu:100040048 mmu:100041504 mmu:100041579 mmu:100041593 mmu:100042493 mmu:100504239 mmu:100504346 mmu:100504362 mmu:100861978 mmu:100862177 mmu:100862247 mmu:14825 mmu:15945 mmu:16963 mmu:17329 mmu:18829 mmu:20290 mmu:20292 mmu:20293 mmu:20295 mmu:20296 mmu:20297 mmu:20299 mmu:20300 mmu:20301 mmu:20302 mmu:20303 mmu:20304 mmu:20305 mmu:20306 mmu:20307 mmu:20308 mmu:20309 mmu:20310 mmu:20311 mmu:20312 mmu:20315 mmu:24047 mmu:330122 mmu:541307 mmu:55985 mmu:56066 mmu:56221 mmu:56744 mmu:56838 mmu:57266 mmu:57349 mmu:621580 mmu:65956 mmu:66102" type="gene"
        link="http://www.kegg.jp/dbget-bin/www_bget?mmu:100039053+mmu:100039848+mmu:100039863+mmu:100039939+mmu:100040048+mmu:100041504+mmu:100041579+mmu:100041593+mmu:100042493+mmu:100504239+mmu:100504346+mmu:100504362+mmu:100861978+mmu:100862177+mmu:100862247+mmu:14825+mmu:15945+mmu:16963+mmu:17329+mmu:18829+mmu:20290+mmu:20292+mmu:20293+mmu:20295+mmu:20296+mmu:20297+mmu:20299+mmu:20300+mmu:20301+mmu:20302+mmu:20303+mmu:20304+mmu:20305+mmu:20306+mmu:20307+mmu:20308+mmu:20309+mmu:20310+mmu:20311+mmu:20312+mmu:20315+mmu:24047+mmu:330122+mmu:541307+mmu:55985+mmu:56066+mmu:56221+mmu:56744+mmu:56838+mmu:57266+mmu:57349+mmu:621580+mmu:65956+mmu:66102">
        <graphics name="Gm2023..." fgcolor="#000000" bgcolor="#BFFFBF"
             type="rectangle" x="93" y="334" width="46" height="17"/>
    </entry>
    <entry id="3" name="mmu:16452 mmu:16453" type="gene"
        link="http://www.kegg.jp/dbget-bin/www_bget?mmu:16452+mmu:16453">
        <graphics name="Jak2, Fd17..." fgcolor="#000000" bgcolor="#BFFFBF"
             type="rectangle" x="305" y="129" width="46" height="17"/>
    </entry>
    <entry id="4" name="path:mmu04810" type="map"
        link="http://www.kegg.jp/dbget-bin/www_bget?mmu04810">
        <graphics name="Regulation of actin cytoskeleton" fgcolor="#000000" bgcolor="#FFFFFF"
             type="roundrectangle" x="983" y="486" width="101" height="34"/>
    </entry>
    <entry id="5" name="path:mmu04060" type="map"
        link="http://www.kegg.jp/dbget-bin/www_bget?mmu04060">
        <graphics name="Cytokine-cytokine receptor interaction" fgcolor="#000000" bgcolor="#FFFFFF"
             type="roundrectangle" x="105" y="292" width="145" height="34"/>
    </entry>
    <entry id="6" name="mmu:14083" type="gene"
        link="http://www.kegg.jp/dbget-bin/www_bget?mmu:14083">
        <graphics name="Ptk2, FAK, FRNK, Fadk, mKIAA4203, p125FAK" fgcolor="#000000" bgcolor="#BFFFBF"
             type="rectangle" x="474" y="674" width="46" height="17"/>
    </entry>
    <entry id="7" name="mmu:14191 mmu:15162 mmu:17096 mmu:20779 mmu:666513" type="gene"
        link="http://www.kegg.jp/dbget-bin/www_bget?mmu:14191+mmu:15162+mmu:17096+mmu:20779+mmu:666513">
        <graphics name="Fgr..." fgcolor="#000000" bgcolor="#BFFFBF"
             type="rectangle" x="355" y="300" width="46" height="17"/>
    </entry>
    <entry id="8" name="mmu:19303" type="gene"
        link="http://www.kegg.jp/dbget-bin/www_bget?mmu:19303">
        <graphics name="Pxn, AW108311, AW123232, Pax" fgcolor="#000000" bgcolor="#BFFFBF"
             type="rectangle" x="646" y="661" width="46" height="17"/>
    </entry>
    <entry id="9" name="mmu:11848 mmu:67653" type="gene"
        link="http://www.kegg.jp/dbget-bin/www_bget?mmu:11848+mmu:67653">
        <graphics name="Rhoa, Arha, Arha1, Arha2..." fgcolor="#000000" bgcolor="#BFFFBF"
             type="rectangle" x="757" y="626" width="46" height="17"/>
    </entry>
    <entry id="10" name="mmu:18706 mmu:18707 mmu:18708 mmu:18709 mmu:18710 mmu:74769" type="gene"
        link="http://www.kegg.jp/dbget-bin/www_bget?mmu:18706+mmu:18707+mmu:18708+mmu:18709+mmu:18710+mmu:74769">
        <graphics name="Pik3ca, 6330412C24Rik, caPI3K, p110, p110alpha..." fgcolor="#000000" bgcolor="#BFFFBF"
             type="rectangle" x="444" y="300" width="46" height="17"/>
    </entry>
    <entry id="11" name="mmu:18795 mmu:18796 mmu:18797 mmu:18798" type="gene"
        link="http://www.kegg.jp/dbget-bin/www_bget?mmu:18795+mmu:18796+mmu:18797+mmu:18798">
        <graphics name="Plcb1, 3110043I21Rik, AI132408, Plcb, mKIAA0581..." fgcolor="#000000" bgcolor="#BFFFBF"
             type="rectangle" x="363" y="752" width="46" height="17"/>
    </entry>
    <entry id="12" name="cpd:C00165" type="compound"
        link="http://www.kegg.jp/dbget-bin/www_bget?C00165">
        <graphics name="C00165" fgcolor="#000000" bgcolor="#FFFFFF"
             type="circle" x="465" y="819" width="8" height="8"/>
    </entry>
    <entry id="13" name="cpd:C01245" type="compound"
        link="http://www.kegg.jp/dbget-bin/www_bget?C01245">
        <graphics name="C01245" fgcolor="#000000" bgcolor="#FFFFFF"
             type="circle" x="442" y="751" width="8" height="8"/>
    </entry>
    <entry id="14" name="cpd:C00076" type="compound"
        link="http://www.kegg.jp/dbget-bin/www_bget?C00076">
        <graphics name="C00076" fgcolor="#000000" bgcolor="#FFFFFF"
             type="circle" x="496" y="751" width="8" height="8"/>
    </entry>
    <entry id="15" name="path:mmu04670" type="map"
        link="http://www.kegg.jp/dbget-bin/www_bget?mmu04670">
        <graphics name="Leukocyte transendothelial migration" fgcolor="#000000" bgcolor="#FFFFFF"
             type="roundrectangle" x="1119" y="486" width="140" height="34"/>
    </entry>
    <entry id="16" name="mmu:20416 mmu:20418 mmu:216148 mmu:271849" type="gene"
        link="http://www.kegg.jp/dbget-bin/www_bget?mmu:20416+mmu:20418+mmu:216148+mmu:271849">
        <graphics name="Shc1, Shc, ShcA, p66, p66shc..." fgcolor="#000000" bgcolor="#BFFFBF"
             type="rectangle" x="444" y="205" width="46" height="17"/>
    </entry>
    <entry id="17" name="mmu:14677 mmu:14678 mmu:14679" type="gene"
        link="http://www.kegg.jp/dbget-bin/www_bget?mmu:14677+mmu:14678+mmu:14679">
        <graphics name="Gnai1, AU046200, Gialpha1, Gnai-1..." fgcolor="#000000" bgcolor="#BFFFBF"
             type="rectangle" x="276" y="300" width="46" height="17"/>
    </entry>
    <entry id="18" name="mmu:100043507 mmu:100503710 mmu:14688 mmu:14693 mmu:14695 mmu:14696 mmu:14697 mmu:14699 mmu:14700 mmu:14701 mmu:14702 mmu:14704 mmu:14706 mmu:14707 mmu:14708 mmu:14709 mmu:14710 mmu:64337 mmu:66066" type="gene"
        link="http://www.kegg.jp/dbget-bin/www_bget?mmu:100043507+mmu:100503710+mmu:14688+mmu:14693+mmu:14695+mmu:14696+mmu:14697+mmu:14699+mmu:14700+mmu:14701+mmu:14702+mmu:14704+mmu:14706+mmu:14707+mmu:14708+mmu:14709+mmu:14710+mmu:64337+mmu:66066">
        <graphics name="Gm15776..." fgcolor="#000000" bgcolor="#BFFFBF"
             type="rectangle" x="276" y="368" width="46" height="17"/>
    </entry>
    <entry id="19" name="mmu:14784" type="gene"
        link="http://www.kegg.jp/dbget-bin/www_bget?mmu:14784">
        <graphics name="Grb2, AA408164, Ash" fgcolor="#000000" bgcolor="#BFFFBF"
             type="rectangle" x="513" y="205" width="46" height="17"/>
    </entry>
    <entry id="20" name="mmu:12927" type="gene"
        link="http://www.kegg.jp/dbget-bin/www_bget?mmu:12927">
        <graphics name="Bcar1, AI385681, Cas, Crkas" fgcolor="#000000" bgcolor="#BFFFBF"
             type="rectangle" x="576" y="685" width="46" height="17"/>
    </entry>
    <entry id="21" name="mmu:140580" type="gene"
        link="http://www.kegg.jp/dbget-bin/www_bget?mmu:140580">
        <graphics name="Elmo1, 6330578D22Rik, C230095H21Rik, CED-12" fgcolor="#000000" bgcolor="#BFFFBF"
             type="rectangle" x="605" y="450" width="46" height="17"/>
    </entry>
    <entry id="22" name="mmu:12928 mmu:12929" type="gene"
        link="http://www.kegg.jp/dbget-bin/www_bget?mmu:12928+mmu:12929">
        <graphics name="Crk, Crk-I, Crk-II, Crk-III, Crk3, CrkIII, Crko, c-Crk, p38..." fgcolor="#000000" bgcolor="#BFFFBF"
             type="rectangle" x="646" y="686" width="46" height="17"/>
    </entry>
    <entry id="23" name="mmu:110355 mmu:14772 mmu:14773 mmu:24013 mmu:26385 mmu:320129" type="gene"
        link="http://www.kegg.jp/dbget-bin/www_bget?mmu:110355+mmu:14772+mmu:14773+mmu:24013+mmu:26385+mmu:320129">
        <graphics name="Grk2, Adrbk-1, Adrbk1, Bark-1, beta_ARK, betaARK1..." fgcolor="#000000" bgcolor="#BFFFBF"
             type="rectangle" x="227" y="405" width="46" height="17"/>
    </entry>
    <entry id="24" name="mmu:109689 mmu:216869" type="gene"
        link="http://www.kegg.jp/dbget-bin/www_bget?mmu:109689+mmu:216869">
        <graphics name="Arrb1, 1200006I17Rik, AW208571, G430100A01Rik..." fgcolor="#000000" bgcolor="#BFFFBF"
             type="rectangle" x="211" y="431" width="46" height="17"/>
    </entry>
    <entry id="25" name="mmu:19877 mmu:19878" type="gene"
        link="http://www.kegg.jp/dbget-bin/www_bget?mmu:19877+mmu:19878">
        <graphics name="Rock1, 1110055K06Rik, Rock-I..." fgcolor="#000000" bgcolor="#BFFFBF"
             type="rectangle" x="829" y="626" width="46" height="17"/>
    </entry>
    <entry id="26" name="path:mmu04630" type="map"
        link="http://www.kegg.jp/dbget-bin/www_bget?mmu04630">
        <graphics name="Jak-STAT signaling pathway" fgcolor="#000000" bgcolor="#FFFFFF"
             type="roundrectangle" x="478" y="100" width="109" height="34"/>
    </entry>
    <entry id="27" name="mmu:22324 mmu:22325 mmu:57257" type="gene"
        link="http://www.kegg.jp/dbget-bin/www_bget?mmu:22324+mmu:22325+mmu:57257">
        <graphics name="Vav1, Vav, vav-T..." fgcolor="#000000" bgcolor="#BFFFBF"
             type="rectangle" x="595" y="560" width="46" height="17"/>
    </entry>
    <entry id="28" name="mmu:16428" type="gene"
        link="http://www.kegg.jp/dbget-bin/www_bget?mmu:16428">
        <graphics name="Itk, Emt, Tcsk, Tsk" fgcolor="#000000" bgcolor="#BFFFBF"
             type="rectangle" x="524" y="560" width="46" height="17"/>
    </entry>
    <entry id="29" name="mmu:12540" type="gene"
        link="http://www.kegg.jp/dbget-bin/www_bget?mmu:12540">
        <graphics name="Cdc42, AI747189, AU018915" fgcolor="#000000" bgcolor="#BFFFBF"
             type="rectangle" x="734" y="560" width="46" height="17"/>
    </entry>
    <entry id="30" name="mmu:104110 mmu:104111 mmu:11512 mmu:11513 mmu:11514 mmu:11515 mmu:210044 mmu:224129 mmu:432530" type="gene"
        link="http://www.kegg.jp/dbget-bin/www_bget?mmu:104110+mmu:104111+mmu:11512+mmu:11513+mmu:11514+mmu:11515+mmu:210044+mmu:224129+mmu:432530">
        <graphics name="Adcy4, mKIAA4004..." fgcolor="#000000" bgcolor="#BFFFBF"
             type="rectangle" x="291" y="249" width="46" height="17"/>
    </entry>
    <entry id="31" name="mmu:19395" type="gene"
        link="http://www.kegg.jp/dbget-bin/www_bget?mmu:19395">
        <graphics name="Rasgrp2, CDC25L, Caldaggef1" fgcolor="#000000" bgcolor="#BFFFBF"
             type="rectangle" x="576" y="752" width="46" height="17"/>
    </entry>
    <entry id="32" name="mmu:109905 mmu:215449" type="gene"
        link="http://www.kegg.jp/dbget-bin/www_bget?mmu:109905+mmu:215449">
        <graphics name="Rap1a, AI848598, G-22K, Krev-1, Rap1..." fgcolor="#000000" bgcolor="#BFFFBF"
             type="rectangle" x="668" y="752" width="46" height="17"/>
    </entry>
    <entry id="33" name="mmu:22376 mmu:73178" type="gene"
        link="http://www.kegg.jp/dbget-bin/www_bget?mmu:22376+mmu:73178">
        <graphics name="Was, U42471, Wasp..." fgcolor="#000000" bgcolor="#BFFFBF"
             type="rectangle" x="822" y="560" width="46" height="17"/>
    </entry>
    <entry id="34" name="mmu:18751 mmu:18753" type="gene"
        link="http://www.kegg.jp/dbget-bin/www_bget?mmu:18751+mmu:18753">
        <graphics name="Prkcb, PKC-B, PKC-Beta, Pkcb, Prkcb1, Prkcb2..." fgcolor="#000000" bgcolor="#BFFFBF"
             type="rectangle" x="576" y="819" width="46" height="17"/>
    </entry>
    <entry id="35" name="mmu:93742" type="gene"
        link="http://www.kegg.jp/dbget-bin/www_bget?mmu:93742">
        <graphics name="Pard3, AA960621, AI256638, Asip, D8Ertd580e, Par-3, Par3, Pard-3, Pard3a, Phip" fgcolor="#000000" bgcolor="#BFFFBF"
             type="rectangle" x="749" y="500" width="46" height="17"/>
    </entry>
    <entry id="36" name="mmu:18762" type="gene"
        link="http://www.kegg.jp/dbget-bin/www_bget?mmu:18762">
        <graphics name="Prkcz, AI098070, C80388, Pkcz, R74924, aPKCzeta, nPKC-zeta, zetaPKC" fgcolor="#000000" bgcolor="#BFFFBF"
             type="rectangle" x="749" y="517" width="46" height="17"/>
    </entry>
    <entry id="37" name="mmu:21844" type="gene"
        link="http://www.kegg.jp/dbget-bin/www_bget?mmu:21844">
        <graphics name="Tiam1, AI847750, D16Ium10, D16Ium10e" fgcolor="#000000" bgcolor="#BFFFBF"
             type="rectangle" x="749" y="483" width="46" height="17"/>
    </entry>
    <entry id="38" name="mmu:17969" type="gene"
        link="http://www.kegg.jp/dbget-bin/www_bget?mmu:17969">
        <graphics name="Ncf1, NCF-47K, NOXO2, Ncf-1, p47-phox, p47&lt;phox&gt;, p47phox" fgcolor="#000000" bgcolor="#BFFFBF"
             type="rectangle" x="679" y="856" width="46" height="17"/>
    </entry>
    <entry id="39" name="cpd:C00575" type="compound"
        link="http://www.kegg.jp/dbget-bin/www_bget?C00575">
        <graphics name="C00575" fgcolor="#000000" bgcolor="#FFFFFF"
             type="circle" x="306" y="205" width="8" height="8"/>
    </entry>
    <entry id="40" name="mmu:18747 mmu:18749" type="gene"
        link="http://www.kegg.jp/dbget-bin/www_bget?mmu:18747+mmu:18749">
        <graphics name="Prkaca, PKCD, Pkaca..." fgcolor="#000000" bgcolor="#BFFFBF"
             type="rectangle" x="350" y="169" width="46" height="17"/>
    </entry>
    <entry id="41" name="mmu:19229" type="gene"
        link="http://www.kegg.jp/dbget-bin/www_bget?mmu:19229">
        <graphics name="Ptk2b, CADTK, CAKB, CAKbeta, E430023O05Rik, FADK2, FAK2, PYK2, Raftk" fgcolor="#000000" bgcolor="#BFFFBF"
             type="rectangle" x="523" y="620" width="46" height="17"/>
    </entry>
    <entry id="42" name="mmu:18479" type="gene"
        link="http://www.kegg.jp/dbget-bin/www_bget?mmu:18479">
        <graphics name="Pak1, AW045634, PAK-1, Paka" fgcolor="#000000" bgcolor="#BFFFBF"
             type="rectangle" x="868" y="487" width="46" height="17"/>
    </entry>
    <entry id="43" name="mmu:20846 mmu:20847 mmu:20848 mmu:20851" type="gene"
        link="http://www.kegg.jp/dbget-bin/www_bget?mmu:20846+mmu:20847+mmu:20848+mmu:20851">
        <graphics name="Stat1, 2010005J02Rik, AA408197..." fgcolor="#000000" bgcolor="#BFFFBF"
             type="rectangle" x="564" y="129" width="46" height="17"/>
    </entry>
    <entry id="44" name="mmu:26413 mmu:26417" type="gene"
        link="http://www.kegg.jp/dbget-bin/www_bget?mmu:26413+mmu:26417">
        <graphics name="Mapk1, 9030612K14Rik, AA407128, AU018647, C78273, ERK, Erk2, MAPK2, PRKM2, Prkm1, p41mapk, p42mapk..." fgcolor="#000000" bgcolor="#BFFFBF"
             type="rectangle" x="858" y="205" width="46" height="17"/>
    </entry>
    <entry id="45" name="mmu:11651 mmu:11652 mmu:23797" type="gene"
        link="http://www.kegg.jp/dbget-bin/www_bget?mmu:11651+mmu:11652+mmu:23797">
        <graphics name="Akt1, Akt, LTR-akt, PKB, PKB/Akt, PKBalpha, Rac..." fgcolor="#000000" bgcolor="#BFFFBF"
             type="rectangle" x="647" y="300" width="46" height="17"/>
    </entry>
    <entry id="46" name="mmu:15461 mmu:16653 mmu:18176" type="gene"
        link="http://www.kegg.jp/dbget-bin/www_bget?mmu:15461+mmu:16653+mmu:18176">
        <graphics name="Hras, H-ras, Ha-ras, Harvey-ras, Hras-1, Hras1, Kras2, c-H-ras, c-Ha-ras, c-rasHa, ras..." fgcolor="#000000" bgcolor="#BFFFBF"
             type="rectangle" x="651" y="205" width="46" height="17"/>
    </entry>
    <entry id="47" name="mmu:26395" type="gene"
        link="http://www.kegg.jp/dbget-bin/www_bget?mmu:26395">
        <graphics name="Map2k1, MAPKK1, MEKK1, Mek1, Prkmk1" fgcolor="#000000" bgcolor="#BFFFBF"
             type="rectangle" x="789" y="205" width="46" height="17"/>
    </entry>
    <entry id="48" name="mmu:109880 mmu:110157" type="gene"
        link="http://www.kegg.jp/dbget-bin/www_bget?mmu:109880+mmu:110157">
        <graphics name="Braf, 9930012E13Rik, AA120551, AA387315, AA473386, B-raf, Braf-2, Braf2, C230098H17, C87398, D6Ertd631e..." fgcolor="#000000" bgcolor="#BFFFBF"
             type="rectangle" x="720" y="205" width="46" height="17"/>
    </entry>
    <entry id="49" name="path:mmu04120" type="map"
        link="http://www.kegg.jp/dbget-bin/www_bget?mmu04120">
        <graphics name="Ubiquitin mediated proteolysis" fgcolor="#000000" bgcolor="#FFFFFF"
             type="roundrectangle" x="860" y="394" width="102" height="34"/>
    </entry>
    <entry id="50" name="mmu:94176" type="gene"
        link="http://www.kegg.jp/dbget-bin/www_bget?mmu:94176">
        <graphics name="Dock2, AI662014, AW122239, CED-5, Hch, MBC" fgcolor="#000000" bgcolor="#BFFFBF"
             type="rectangle" x="605" y="433" width="46" height="17"/>
    </entry>
    <entry id="51" name="mmu:19353 mmu:19354" type="gene"
        link="http://www.kegg.jp/dbget-bin/www_bget?mmu:19353+mmu:19354">
        <graphics name="Rac1, AL023026, D5Ertd559e..." fgcolor="#000000" bgcolor="#BFFFBF"
             type="rectangle" x="767" y="432" width="46" height="17"/>
    </entry>
    <entry id="52" name="mmu:18762" type="gene"
        link="http://www.kegg.jp/dbget-bin/www_bget?mmu:18762">
        <graphics name="Prkcz, AI098070, C80388, Pkcz, R74924, aPKCzeta, nPKC-zeta, zetaPKC" fgcolor="#000000" bgcolor="#BFFFBF"
             type="rectangle" x="698" y="247" width="46" height="17"/>
    </entry>
    <entry id="53" name="mmu:18033 mmu:19697" type="gene"
        link="http://www.kegg.jp/dbget-bin/www_bget?mmu:18033+mmu:19697">
        <graphics name="Nfkb1, NF-KB1, NF-kappaB, NF-kappaB1, p105, p50, p50/p105..." fgcolor="#000000" bgcolor="#BFFFBF"
             type="rectangle" x="858" y="299" width="46" height="17"/>
    </entry>
    <entry id="54" name="mmu:12675 mmu:16150 mmu:16151" type="gene"
        link="http://www.kegg.jp/dbget-bin/www_bget?mmu:12675+mmu:16150+mmu:16151">
        <graphics name="Chuk, AI256658, Chuk1, Fbx24, Fbxo24, IKBKA, IKK1, Ikka, NFKBIKA..." fgcolor="#000000" bgcolor="#BFFFBF"
             type="rectangle" x="784" y="337" width="46" height="17"/>
    </entry>
    <entry id="55" name="mmu:18035 mmu:18036" type="gene"
        link="http://www.kegg.jp/dbget-bin/www_bget?mmu:18035+mmu:18036">
        <graphics name="Nfkbia, AI462015, Nfkbi..." fgcolor="#000000" bgcolor="#BFFFBF"
             type="rectangle" x="858" y="336" width="46" height="17"/>
    </entry>
    <entry id="56" name="path:mmu04010" type="map"
        link="http://www.kegg.jp/dbget-bin/www_bget?mmu04010">
        <graphics name="MAPK signaling pathway" fgcolor="#000000" bgcolor="#FFFFFF"
             type="roundrectangle" x="694" y="166" width="101" height="34"/>
    </entry>
    <entry id="57" name="mmu:277360" type="gene"
        link="http://www.kegg.jp/dbget-bin/www_bget?mmu:277360">
        <graphics name="Prex1, G630042G04, P-REX1, Setd6" fgcolor="#000000" bgcolor="#BFFFBF"
             type="rectangle" x="605" y="386" width="46" height="17"/>
    </entry>
    <entry id="58" name="mmu:20662 mmu:20663" type="gene"
        link="http://www.kegg.jp/dbget-bin/www_bget?mmu:20662+mmu:20663">
        <graphics name="Sos1, 4430401P03Rik, 9630010N06, AI449023..." fgcolor="#000000" bgcolor="#BFFFBF"
             type="rectangle" x="582" y="205" width="46" height="17"/>
    </entry>
    <entry id="59" name="mmu:56484" type="gene"
        link="http://www.kegg.jp/dbget-bin/www_bget?mmu:56484">
        <graphics name="Foxo3, 1110048B16Rik, 2010203A17Rik, C76856, FKHRL1, Fkhr2, Foxo3a" fgcolor="#000000" bgcolor="#BFFFBF"
             type="rectangle" x="858" y="261" width="46" height="17"/>
    </entry>
    <entry id="60" name="mmu:56637 mmu:606496" type="gene"
        link="http://www.kegg.jp/dbget-bin/www_bget?mmu:56637+mmu:606496">
        <graphics name="Gsk3b, 7330414F15Rik, 8430431H08Rik, C86142, GSK-3, GSK-3beta, GSK3..." fgcolor="#000000" bgcolor="#BFFFBF"
             type="rectangle" x="742" y="372" width="46" height="17"/>
    </entry>
    <entry id="61" name="path:mmu04062" type="map"
        link="http://www.kegg.jp/dbget-bin/www_bget?mmu04062">
        <graphics name="TITLE:Chemokine signaling pathway" fgcolor="#000000" bgcolor="#FFFFFF"
             type="roundrectangle" x="180" y="58" width="280" height="25"/>
    </entry>
    <entry id="62" name="cpd:C05981" type="compound"
        link="http://www.kegg.jp/dbget-bin/www_bget?C05981">
        <graphics name="C05981" fgcolor="#000000" bgcolor="#FFFFFF"
             type="circle" x="552" y="300" width="8" height="8"/>
    </entry>
    <entry id="63" name="undefined" type="group">
        <graphics fgcolor="#000000" bgcolor="#FFFFFF"
             type="rectangle" x="605" y="441" width="46" height="34"/>
        <component id="21"/>
        <component id="50"/>
    </entry>
    <entry id="64" name="undefined" type="group">
        <graphics fgcolor="#000000" bgcolor="#FFFFFF"
             type="rectangle" x="749" y="500" width="46" height="51"/>
        <component id="35"/>
        <component id="36"/>
        <component id="37"/>
    </entry>
    <relation entry1="2" entry2="1" type="PPrel">
        <subtype name="activation" value="--&gt;"/>
        <subtype name="binding/association" value="---"/>
    </relation>
    <relation entry1="1" entry2="3" type="PPrel">
        <subtype name="activation" value="--&gt;"/>
    </relation>
    <relation entry1="3" entry2="43" type="PPrel">
        <subtype name="activation" value="--&gt;"/>
        <subtype name="phosphorylation" value="+p"/>
    </relation>
    <relation entry1="1" entry2="17" type="PPrel">
        <subtype name="activation" value="--&gt;"/>
    </relation>
    <relation entry1="17" entry2="30" type="PPrel">
        <subtype name="inhibition" value="--|"/>
    </relation>
    <relation entry1="30" entry2="40" type="PPrel">
        <subtype name="compound" value="39"/>
        <subtype name="activation" value="--&gt;"/>
    </relation>
    <relation entry1="17" entry2="7" type="PPrel">
        <subtype name="activation" value="--&gt;"/>
    </relation>
    <relation entry1="7" entry2="16" type="PPrel">
        <subtype name="activation" value="--&gt;"/>
    </relation>
    <relation entry1="16" entry2="19" type="PPrel">
        <subtype name="binding/association" value="---"/>
    </relation>
    <relation entry1="19" entry2="58" type="PPrel">
        <subtype name="binding/association" value="---"/>
    </relation>
    <relation entry1="58" entry2="46" type="PPrel">
        <subtype name="activation" value="--&gt;"/>
        <subtype name="indirect effect" value="..&gt;"/>
    </relation>
    <relation entry1="46" entry2="48" type="PPrel">
        <subtype name="activation" value="--&gt;"/>
    </relation>
    <relation entry1="48" entry2="47" type="PPrel">
        <subtype name="activation" value="--&gt;"/>
        <subtype name="phosphorylation" value="+p"/>
    </relation>
    <relation entry1="47" entry2="44" type="PPrel">
        <subtype name="activation" value="--&gt;"/>
        <subtype name="phosphorylation" value="+p"/>
    </relation>
    <relation entry1="7" entry2="10" type="PPrel">
        <subtype name="activation" value="--&gt;"/>
        <subtype name="phosphorylation" value="+p"/>
    </relation>
    <relation entry1="10" entry2="46" type="PPrel">
        <subtype name="activation" value="--&gt;"/>
        <subtype name="indirect effect" value="..&gt;"/>
    </relation>
    <relation entry1="10" entry2="52" type="PPrel">
        <subtype name="activation" value="--&gt;"/>
        <subtype name="indirect effect" value="..&gt;"/>
    </relation>
    <relation entry1="52" entry2="44" type="PPrel">
        <subtype name="activation" value="--&gt;"/>
    </relation>
    <relation entry1="10" entry2="45" type="PPrel">
        <subtype name="compound" value="62"/>
        <subtype name="activation" value="--&gt;"/>
    </relation>
    <relation entry1="45" entry2="54" type="PPrel">
        <subtype name="phosphorylation" value="+p"/>
        <subtype name="indirect effect" value="..&gt;"/>
    </relation>
    <relation entry1="54" entry2="55" type="PPrel">
        <subtype name="phosphorylation" value="+p"/>
    </relation>
    <relation entry1="55" entry2="53" type="PPrel">
        <subtype name="dissociation" value="-+-"/>
    </relation>
    <relation entry1="45" entry2="60" type="PPrel">
        <subtype name="inhibition" value="--|"/>
        <subtype name="phosphorylation" value="+p"/>
    </relation>
    <relation entry1="7" entry2="28" type="PPrel">
        <subtype name="activation" value="--&gt;"/>
    </relation>
    <relation entry1="10" entry2="28" type="PPrel">
        <subtype name="activation" value="--&gt;"/>
    </relation>
    <relation entry1="28" entry2="27" type="PPrel">
        <subtype name="activation" value="--&gt;"/>
    </relation>
    <relation entry1="27" entry2="51" type="PPrel">
        <subtype name="activation" value="--&gt;"/>
    </relation>
    <relation entry1="51" entry2="42" type="PPrel">
        <subtype name="activation" value="--&gt;"/>
        <subtype name="indirect effect" value="..&gt;"/>
    </relation>
    <relation entry1="27" entry2="29" type="PPrel">
        <subtype name="activation" value="--&gt;"/>
        <subtype name="indirect effect" value="..&gt;"/>
    </relation>
    <relation entry1="29" entry2="42" type="PPrel">
        <subtype name="activation" value="--&gt;"/>
    </relation>
    <relation entry1="29" entry2="33" type="PPrel">
        <subtype name="activation" value="--&gt;"/>
    </relation>
    <relation entry1="27" entry2="9" type="PPrel">
        <subtype name="activation" value="--&gt;"/>
    </relation>
    <relation entry1="9" entry2="25" type="PPrel">
        <subtype name="activation" value="--&gt;"/>
    </relation>
    <relation entry1="10" entry2="57" type="PPrel">
        <subtype name="compound" value="62"/>
        <subtype name="activation" value="--&gt;"/>
    </relation>
    <relation entry1="57" entry2="51" type="PPrel">
        <subtype name="activation" value="--&gt;"/>
    </relation>
    <relation entry1="18" entry2="57" type="PPrel">
        <subtype name="activation" value="--&gt;"/>
    </relation>
    <relation entry1="18" entry2="10" type="PPrel">
        <subtype name="activation" value="--&gt;"/>
    </relation>
    <relation entry1="7" entry2="63" type="PPrel">
        <subtype name="activation" value="--&gt;"/>
        <subtype name="phosphorylation" value="+p"/>
    </relation>
    <relation entry1="63" entry2="51" type="PPrel">
        <subtype name="activation" value="--&gt;"/>
    </relation>
    <relation entry1="7" entry2="41" type="PPrel">
        <subtype name="activation" value="--&gt;"/>
        <subtype name="phosphorylation" value="+p"/>
    </relation>
    <relation entry1="41" entry2="8" type="PPrel">
        <subtype name="binding/association" value="---"/>
    </relation>
    <relation entry1="41" entry2="22" type="PPrel">
        <subtype name="binding/association" value="---"/>
    </relation>
    <relation entry1="7" entry2="6" type="PPrel">
        <subtype name="activation" value="--&gt;"/>
        <subtype name="phosphorylation" value="+p"/>
    </relation>
    <relation entry1="10" entry2="6" type="PPrel">
        <subtype name="activation" value="--&gt;"/>
        <subtype name="phosphorylation" value="+p"/>
    </relation>
    <relation entry1="6" entry2="8" type="PPrel">
        <subtype name="activation" value="--&gt;"/>
        <subtype name="phosphorylation" value="+p"/>
    </relation>
    <relation entry1="6" entry2="20" type="PPrel">
        <subtype name="binding/association" value="---"/>
    </relation>
    <relation entry1="20" entry2="22" type="PPrel">
        <subtype name="binding/association" value="---"/>
    </relation>
    <relation entry1="17" entry2="18" type="PPrel">
        <subtype name="dissociation" value="-+-"/>
    </relation>
    <relation entry1="18" entry2="11" type="PPrel">
        <subtype name="activation" value="--&gt;"/>
    </relation>
    <relation entry1="11" entry2="13" type="PCrel">
        <subtype name="activation" value="--&gt;"/>
    </relation>
    <relation entry1="14" entry2="31" type="PCrel">
        <subtype name="activation" value="--&gt;"/>
        <subtype name="indirect effect" value="..&gt;"/>
    </relation>
    <relation entry1="31" entry2="32" type="PPrel">
        <subtype name="activation" value="--&gt;"/>
    </relation>
    <relation entry1="32" entry2="29" type="PPrel">
        <subtype name="activation" value="--&gt;"/>
        <subtype name="indirect effect" value="..&gt;"/>
    </relation>
    <relation entry1="29" entry2="64" type="PPrel">
        <subtype name="activation" value="--&gt;"/>
    </relation>
    <relation entry1="37" entry2="51" type="PPrel">
        <subtype name="activation" value="--&gt;"/>
    </relation>
    <relation entry1="14" entry2="34" type="PCrel">
        <subtype name="activation" value="--&gt;"/>
    </relation>
    <relation entry1="11" entry2="34" type="PPrel">
        <subtype name="compound" value="12"/>
        <subtype name="activation" value="--&gt;"/>
    </relation>
    <relation entry1="12" entry2="31" type="PCrel">
        <subtype name="activation" value="--&gt;"/>
        <subtype name="indirect effect" value="..&gt;"/>
    </relation>
    <relation entry1="34" entry2="38" type="PPrel">
        <subtype name="activation" value="--&gt;"/>
        <subtype name="indirect effect" value="..&gt;"/>
    </relation>
    <relation entry1="24" entry2="1" type="PPrel">
        <subtype name="binding/association" value="---"/>
    </relation>
    <relation entry1="23" entry2="1" type="PPrel">
        <subtype name="phosphorylation" value="+p"/>
    </relation>
    <relation entry1="45" entry2="59" type="PPrel">
        <subtype name="inhibition" value="--|"/>
        <subtype name="phosphorylation" value="+p"/>
    </relation>
</pathway>
