<?xml version="1.0"?>
<!DOCTYPE pathway SYSTEM "http://www.kegg.jp/kegg/xml/KGML_v0.7.2_.dtd">
<!-- Creation date: Nov 18, 2013 14:17:25 +0900 (GMT+09:00) -->
<pathway name="path:mmu04260" org="mmu" number="04260"
         title="Cardiac muscle contraction"
         image="http://www.kegg.jp/kegg/pathway/mmu/mmu04260.png"
         link="http://www.kegg.jp/kegg-bin/show_pathway?mmu04260">
    <entry id="1" name="path:mmu04260" type="map"
        link="http://www.kegg.jp/dbget-bin/www_bget?mmu04260">
        <graphics name="TITLE:Cardiac muscle contraction" fgcolor="#000000" bgcolor="#FFFFFF"
             type="roundrectangle" x="168" y="58" width="256" height="25"/>
    </entry>
    <entry id="2" name="mmu:12288 mmu:12289 mmu:12292 mmu:12293 mmu:12294 mmu:12295 mmu:12296 mmu:12297 mmu:12298 mmu:12299 mmu:12300 mmu:140723 mmu:319734 mmu:54376 mmu:54377 mmu:54378 mmu:54652 mmu:56808 mmu:81904 mmu:81905" type="gene"
        link="http://www.kegg.jp/dbget-bin/www_bget?mmu:12288+mmu:12289+mmu:12292+mmu:12293+mmu:12294+mmu:12295+mmu:12296+mmu:12297+mmu:12298+mmu:12299+mmu:12300+mmu:140723+mmu:319734+mmu:54376+mmu:54377+mmu:54378+mmu:54652+mmu:56808+mmu:81904+mmu:81905">
        <graphics name="Cacna1c, Cav1.2, Cchl1a1, D930026N18Rik, MBC, MELC-CC..." fgcolor="#000000" bgcolor="#BFFFBF"
             type="rectangle" x="235" y="270" width="46" height="17"/>
    </entry>
    <entry id="3" name="mmu:20191" type="gene"
        link="http://www.kegg.jp/dbget-bin/www_bget?mmu:20191">
        <graphics name="Ryr2, 9330127I20Rik, RYR-2" fgcolor="#000000" bgcolor="#BFFFBF"
             type="rectangle" x="333" y="275" width="46" height="17"/>
    </entry>
    <entry id="4" name="mmu:20541" type="gene"
        link="http://www.kegg.jp/dbget-bin/www_bget?mmu:20541">
        <graphics name="Slc8a1, AI852629, AV344025, D930008O12Rik, Ncx1" fgcolor="#000000" bgcolor="#BFFFBF"
             type="rectangle" x="682" y="140" width="46" height="17"/>
    </entry>
    <entry id="5" name="mmu:20541" type="gene"
        link="http://www.kegg.jp/dbget-bin/www_bget?mmu:20541">
        <graphics name="Slc8a1, AI852629, AV344025, D930008O12Rik, Ncx1" fgcolor="#000000" bgcolor="#BFFFBF"
             type="rectangle" x="235" y="482" width="46" height="17"/>
    </entry>
    <entry id="6" name="cpd:C00076" type="compound"
        link="http://www.kegg.jp/dbget-bin/www_bget?C00076">
        <graphics name="C00076" fgcolor="#000000" bgcolor="#FFFFFF"
             type="circle" x="195" y="269" width="8" height="8"/>
    </entry>
    <entry id="7" name="cpd:C00076" type="compound"
        link="http://www.kegg.jp/dbget-bin/www_bget?C00076">
        <graphics name="C00076" fgcolor="#000000" bgcolor="#FFFFFF"
             type="circle" x="388" y="279" width="8" height="8"/>
    </entry>
    <entry id="8" name="mmu:11938" type="gene"
        link="http://www.kegg.jp/dbget-bin/www_bget?mmu:11938">
        <graphics name="Atp2a2, 9530097L16Rik, D5Wsu150e, SERCA2, SERCA2B, Serca2a, mKIAA4195" fgcolor="#000000" bgcolor="#BFFFBF"
             type="rectangle" x="525" y="305" width="46" height="17"/>
    </entry>
    <entry id="9" name="mmu:21924" type="gene"
        link="http://www.kegg.jp/dbget-bin/www_bget?mmu:21924">
        <graphics name="Tnnc1, AI874626, TnC, cTnC, cTnI, tncc" fgcolor="#000000" bgcolor="#BFFFBF"
             type="rectangle" x="415" y="401" width="46" height="17"/>
    </entry>
    <entry id="10" name="cpd:C00076" type="compound"
        link="http://www.kegg.jp/dbget-bin/www_bget?C00076">
        <graphics name="C00076" fgcolor="#000000" bgcolor="#FFFFFF"
             type="circle" x="652" y="365" width="8" height="8"/>
    </entry>
    <entry id="11" name="cpd:C00076" type="compound"
        link="http://www.kegg.jp/dbget-bin/www_bget?C00076">
        <graphics name="C00076" fgcolor="#000000" bgcolor="#FFFFFF"
             type="circle" x="193" y="476" width="8" height="8"/>
    </entry>
    <entry id="12" name="cpd:C01330" type="compound"
        link="http://www.kegg.jp/dbget-bin/www_bget?C01330">
        <graphics name="C01330" fgcolor="#000000" bgcolor="#FFFFFF"
             type="circle" x="280" y="486" width="8" height="8"/>
    </entry>
    <entry id="13" name="cpd:C01330" type="compound"
        link="http://www.kegg.jp/dbget-bin/www_bget?C01330">
        <graphics name="C01330" fgcolor="#000000" bgcolor="#FFFFFF"
             type="circle" x="688" y="67" width="8" height="8"/>
    </entry>
    <entry id="14" name="mmu:21954" type="gene"
        link="http://www.kegg.jp/dbget-bin/www_bget?mmu:21954">
        <graphics name="Tnni3, Tn1, cTnI" fgcolor="#000000" bgcolor="#BFFFBF"
             type="rectangle" x="377" y="437" width="46" height="17"/>
    </entry>
    <entry id="15" name="mmu:21924" type="gene"
        link="http://www.kegg.jp/dbget-bin/www_bget?mmu:21924">
        <graphics name="Tnnc1, AI874626, TnC, cTnC, cTnI, tncc" fgcolor="#000000" bgcolor="#BFFFBF"
             type="rectangle" x="653" y="401" width="46" height="17"/>
    </entry>
    <entry id="16" name="mmu:21956" type="gene"
        link="http://www.kegg.jp/dbget-bin/www_bget?mmu:21956">
        <graphics name="Tnnt2, Tnt, cTnT" fgcolor="#000000" bgcolor="#BFFFBF"
             type="rectangle" x="455" y="437" width="46" height="17"/>
    </entry>
    <entry id="17" name="mmu:11464" type="gene"
        link="http://www.kegg.jp/dbget-bin/www_bget?mmu:11464">
        <graphics name="Actc1, Actc-1" fgcolor="#000000" bgcolor="#BFFFBF"
             type="rectangle" x="399" y="500" width="46" height="17"/>
    </entry>
    <entry id="18" name="mmu:22003 mmu:22004 mmu:326618 mmu:59069" type="gene"
        link="http://www.kegg.jp/dbget-bin/www_bget?mmu:22003+mmu:22004+mmu:326618+mmu:59069">
        <graphics name="Tpm1, AA986836, AI854628, TM2, Tm3, Tmpa, Tpm-1, alpha-TM..." fgcolor="#000000" bgcolor="#BFFFBF"
             type="rectangle" x="424" y="483" width="46" height="17"/>
    </entry>
    <entry id="19" name="mmu:140781 mmu:17888 mmu:17896 mmu:17897 mmu:17906" type="gene"
        link="http://www.kegg.jp/dbget-bin/www_bget?mmu:140781+mmu:17888+mmu:17896+mmu:17897+mmu:17906">
        <graphics name="Myh7, B-MHC, MyHC-I, Myhc-b, Myhcb, beta-MHC..." fgcolor="#000000" bgcolor="#BFFFBF"
             type="rectangle" x="399" y="554" width="46" height="17"/>
    </entry>
    <entry id="20" name="path:mmu04020" type="map"
        link="http://www.kegg.jp/dbget-bin/www_bget?mmu04020">
        <graphics name="Calcium signaling pathway" fgcolor="#000000" bgcolor="#FFFFFF"
             type="roundrectangle" x="483" y="181" width="117" height="34"/>
    </entry>
    <entry id="21" name="mmu:21954" type="gene"
        link="http://www.kegg.jp/dbget-bin/www_bget?mmu:21954">
        <graphics name="Tnni3, Tn1, cTnI" fgcolor="#000000" bgcolor="#BFFFBF"
             type="rectangle" x="618" y="437" width="46" height="17"/>
    </entry>
    <entry id="22" name="mmu:21956" type="gene"
        link="http://www.kegg.jp/dbget-bin/www_bget?mmu:21956">
        <graphics name="Tnnt2, Tnt, cTnT" fgcolor="#000000" bgcolor="#BFFFBF"
             type="rectangle" x="696" y="437" width="46" height="17"/>
    </entry>
    <entry id="23" name="mmu:11464" type="gene"
        link="http://www.kegg.jp/dbget-bin/www_bget?mmu:11464">
        <graphics name="Actc1, Actc-1" fgcolor="#000000" bgcolor="#BFFFBF"
             type="rectangle" x="648" y="500" width="46" height="17"/>
    </entry>
    <entry id="24" name="mmu:22003 mmu:22004 mmu:326618 mmu:59069" type="gene"
        link="http://www.kegg.jp/dbget-bin/www_bget?mmu:22003+mmu:22004+mmu:326618+mmu:59069">
        <graphics name="Tpm1, AA986836, AI854628, TM2, Tm3, Tmpa, Tpm-1, alpha-TM..." fgcolor="#000000" bgcolor="#BFFFBF"
             type="rectangle" x="673" y="483" width="46" height="17"/>
    </entry>
    <entry id="25" name="mmu:140781 mmu:17888 mmu:17896 mmu:17897 mmu:17906" type="gene"
        link="http://www.kegg.jp/dbget-bin/www_bget?mmu:140781+mmu:17888+mmu:17896+mmu:17897+mmu:17906">
        <graphics name="Myh7, B-MHC, MyHC-I, Myhc-b, Myhcb, beta-MHC..." fgcolor="#000000" bgcolor="#BFFFBF"
             type="rectangle" x="648" y="554" width="46" height="17"/>
    </entry>
    <entry id="26" name="cpd:C00076" type="compound"
        link="http://www.kegg.jp/dbget-bin/www_bget?C00076">
        <graphics name="C00076" fgcolor="#000000" bgcolor="#FFFFFF"
             type="circle" x="414" y="364" width="8" height="8"/>
    </entry>
    <entry id="28" name="mmu:20541" type="gene"
        link="http://www.kegg.jp/dbget-bin/www_bget?mmu:20541">
        <graphics name="Slc8a1, AI852629, AV344025, D930008O12Rik, Ncx1" fgcolor="#000000" bgcolor="#BFFFBF"
             type="rectangle" x="765" y="355" width="46" height="17"/>
    </entry>
    <entry id="29" name="mmu:236794" type="gene"
        link="http://www.kegg.jp/dbget-bin/www_bget?mmu:236794">
        <graphics name="Slc9a6, 3732426M05, 6430520C02Rik, NHE6, mKIAA0267" fgcolor="#000000" bgcolor="#BFFFBF"
             type="rectangle" x="830" y="355" width="46" height="17"/>
    </entry>
    <entry id="30" name="mmu:110323 mmu:12857 mmu:12858 mmu:12859 mmu:12861 mmu:12862 mmu:12864 mmu:12865 mmu:12866 mmu:12867 mmu:12868 mmu:12869 mmu:17708 mmu:17709 mmu:17710 mmu:17711 mmu:20463 mmu:22272 mmu:22273 mmu:333182 mmu:66142 mmu:66152 mmu:66445 mmu:66576 mmu:66594 mmu:66694 mmu:67003 mmu:67530 mmu:75483 mmu:78174 mmu:84682" type="gene"
        link="http://www.kegg.jp/dbget-bin/www_bget?mmu:110323+mmu:12857+mmu:12858+mmu:12859+mmu:12861+mmu:12862+mmu:12864+mmu:12865+mmu:12866+mmu:12867+mmu:12868+mmu:12869+mmu:17708+mmu:17709+mmu:17710+mmu:17711+mmu:20463+mmu:22272+mmu:22273+mmu:333182+mmu:66142+mmu:66152+mmu:66445+mmu:66576+mmu:66594+mmu:66694+mmu:67003+mmu:67530+mmu:75483+mmu:78174+mmu:84682">
        <graphics name="Cox6b1, 2010000G05Rik, Cox6b..." fgcolor="#000000" bgcolor="#BFFFBF"
             type="rectangle" x="879" y="280" width="46" height="17"/>
    </entry>
    <entry id="31" name="cpd:C00080" type="compound"
        link="http://www.kegg.jp/dbget-bin/www_bget?C00080">
        <graphics name="C00080" fgcolor="#000000" bgcolor="#FFFFFF"
             type="circle" x="839" y="394" width="8" height="8"/>
    </entry>
    <entry id="32" name="cpd:C00080" type="compound"
        link="http://www.kegg.jp/dbget-bin/www_bget?C00080">
        <graphics name="C00080" fgcolor="#000000" bgcolor="#FFFFFF"
             type="circle" x="838" y="279" width="8" height="8"/>
    </entry>
    <entry id="33" name="cpd:C01330" type="compound"
        link="http://www.kegg.jp/dbget-bin/www_bget?C01330">
        <graphics name="C01330" fgcolor="#000000" bgcolor="#FFFFFF"
             type="circle" x="821" y="317" width="8" height="8"/>
    </entry>
    <entry id="34" name="cpd:C00076" type="compound"
        link="http://www.kegg.jp/dbget-bin/www_bget?C00076">
        <graphics name="C00076" fgcolor="#000000" bgcolor="#FFFFFF"
             type="circle" x="757" y="316" width="8" height="8"/>
    </entry>
    <entry id="35" name="cpd:C01330" type="compound"
        link="http://www.kegg.jp/dbget-bin/www_bget?C01330">
        <graphics name="C01330" fgcolor="#000000" bgcolor="#FFFFFF"
             type="circle" x="773" y="394" width="8" height="8"/>
    </entry>
    <entry id="36" name="mmu:11928 mmu:11931 mmu:11932 mmu:11933 mmu:11936 mmu:232975 mmu:27222 mmu:67821 mmu:98660" type="gene"
        link="http://www.kegg.jp/dbget-bin/www_bget?mmu:11928+mmu:11931+mmu:11932+mmu:11933+mmu:11936+mmu:232975+mmu:27222+mmu:67821+mmu:98660">
        <graphics name="Atp1a1, Atpa-1, BC010319..." fgcolor="#000000" bgcolor="#BFFFBF"
             type="rectangle" x="752" y="140" width="46" height="17"/>
    </entry>
    <entry id="37" name="cpd:C00238" type="compound"
        link="http://www.kegg.jp/dbget-bin/www_bget?C00238">
        <graphics name="C00238" fgcolor="#000000" bgcolor="#FFFFFF"
             type="circle" x="758" y="90" width="8" height="8"/>
    </entry>
    <entry id="38" name="cpd:C01330" type="compound"
        link="http://www.kegg.jp/dbget-bin/www_bget?C01330">
        <graphics name="C01330" fgcolor="#000000" bgcolor="#FFFFFF"
             type="circle" x="748" y="189" width="8" height="8"/>
    </entry>
    <entry id="39" name="mmu:20544" type="gene"
        link="http://www.kegg.jp/dbget-bin/www_bget?mmu:20544">
        <graphics name="Slc9a1, AW554487, Apnh, Mir5122, Nhe1, mir-5122, swe" fgcolor="#000000" bgcolor="#BFFFBF"
             type="rectangle" x="820" y="141" width="46" height="17"/>
    </entry>
    <entry id="40" name="cpd:C00080" type="compound"
        link="http://www.kegg.jp/dbget-bin/www_bget?C00080">
        <graphics name="C00080" fgcolor="#000000" bgcolor="#FFFFFF"
             type="circle" x="815" y="189" width="8" height="8"/>
    </entry>
    <entry id="41" name="cpd:C01330" type="compound"
        link="http://www.kegg.jp/dbget-bin/www_bget?C01330">
        <graphics name="C01330" fgcolor="#000000" bgcolor="#FFFFFF"
             type="circle" x="825" y="92" width="8" height="8"/>
    </entry>
    <relation entry1="26" entry2="9" type="PCrel">
        <subtype name="binding/association" value="---"/>
    </relation>
    <relation entry1="9" entry2="14" type="PPrel">
        <subtype name="binding/association" value="---"/>
    </relation>
    <relation entry1="9" entry2="16" type="PPrel">
        <subtype name="binding/association" value="---"/>
    </relation>
    <relation entry1="14" entry2="16" type="PPrel">
        <subtype name="binding/association" value="---"/>
    </relation>
    <relation entry1="16" entry2="18" type="PPrel">
        <subtype name="binding/association" value="---"/>
    </relation>
    <relation entry1="18" entry2="17" type="PPrel">
        <subtype name="binding/association" value="---"/>
    </relation>
    <relation entry1="17" entry2="19" type="PPrel">
        <subtype name="binding/association" value="---"/>
    </relation>
    <relation entry1="15" entry2="21" type="PPrel">
        <subtype name="binding/association" value="---"/>
    </relation>
    <relation entry1="21" entry2="22" type="PPrel">
        <subtype name="binding/association" value="---"/>
    </relation>
    <relation entry1="22" entry2="15" type="PPrel">
        <subtype name="binding/association" value="---"/>
    </relation>
    <relation entry1="21" entry2="23" type="PPrel">
        <subtype name="binding/association" value="---"/>
    </relation>
    <relation entry1="22" entry2="24" type="PPrel">
        <subtype name="binding/association" value="---"/>
    </relation>
    <relation entry1="24" entry2="23" type="PPrel">
        <subtype name="binding/association" value="---"/>
    </relation>
    <relation entry1="14" entry2="17" type="PPrel">
        <subtype name="dissociation" value="-+-"/>
    </relation>
    <relation entry1="10" entry2="15" type="PCrel">
        <subtype name="dissociation" value="-+-"/>
    </relation>
    <relation entry1="23" entry2="25" type="PPrel">
        <subtype name="dissociation" value="-+-"/>
    </relation>
</pathway>
