<?xml version="1.0"?>
<!DOCTYPE pathway SYSTEM "http://www.kegg.jp/kegg/xml/KGML_v0.7.2_.dtd">
<!-- Creation date: Dec 7, 2015 09:46:08 +0900 (GMT+9) -->
<pathway name="path:mmu04973" org="mmu" number="04973"
         title="Carbohydrate digestion and absorption"
         image="http://www.kegg.jp/kegg/pathway/mmu/mmu04973.png"
         link="http://www.kegg.jp/kegg-bin/show_pathway?mmu04973">
    <entry id="1" name="path:mmu04973" type="map"
        link="http://www.kegg.jp/dbget-bin/www_bget?mmu04973">
        <graphics name="TITLE:Carbohydrate digestion and absorption" fgcolor="#000000" bgcolor="#FFFFFF"
             type="roundrectangle" x="223" y="58" width="366" height="25"/>
    </entry>
    <entry id="2" name="path:mmu04970" type="map"
        link="http://www.kegg.jp/dbget-bin/www_bget?mmu04970">
        <graphics name="Salivary secretion" fgcolor="#000000" bgcolor="#FFFFFF"
             type="roundrectangle" x="141" y="203" width="115" height="25"/>
    </entry>
    <entry id="3" name="path:mmu04530" type="map"
        link="http://www.kegg.jp/dbget-bin/www_bget?mmu04530">
        <graphics name="Tight junction" fgcolor="#000000" bgcolor="#FFFFFF"
             type="roundrectangle" x="600" y="117" width="115" height="25"/>
    </entry>
    <entry id="4" name="mmu:20537" type="gene"
        link="http://www.kegg.jp/dbget-bin/www_bget?mmu:20537">
        <graphics name="Slc5a1, Sglt1" fgcolor="#000000" bgcolor="#BFFFBF"
             type="rectangle" x="446" y="382" width="46" height="17"/>
    </entry>
    <entry id="5" name="mmu:56485" type="gene"
        link="http://www.kegg.jp/dbget-bin/www_bget?mmu:56485">
        <graphics name="Slc2a5, AI526984, Glut5, Slc5a" fgcolor="#000000" bgcolor="#BFFFBF"
             type="rectangle" x="535" y="568" width="46" height="17"/>
    </entry>
    <entry id="6" name="mmu:20526" type="gene"
        link="http://www.kegg.jp/dbget-bin/www_bget?mmu:20526">
        <graphics name="Slc2a2, AI266973, Glut-2, Glut2" fgcolor="#000000" bgcolor="#BFFFBF"
             type="rectangle" x="976" y="358" width="46" height="17"/>
    </entry>
    <entry id="7" name="mmu:11928 mmu:11931 mmu:11932 mmu:11933 mmu:11936 mmu:232975 mmu:27222 mmu:67821 mmu:98660" type="gene"
        link="http://www.kegg.jp/dbget-bin/www_bget?mmu:11928+mmu:11931+mmu:11932+mmu:11933+mmu:11936+mmu:232975+mmu:27222+mmu:67821+mmu:98660">
        <graphics name="Atp1a1, Atpa-1, BC010319..." fgcolor="#000000" bgcolor="#BFFFBF"
             type="rectangle" x="975" y="309" width="46" height="17"/>
    </entry>
    <entry id="8" name="mmu:14385" type="gene"
        link="http://www.kegg.jp/dbget-bin/www_bget?mmu:14385">
        <graphics name="Slc37a4, 100043178, G6PT, G6pt1, GSD-1b, mG6PT" fgcolor="#000000" bgcolor="#BFFFBF"
             type="rectangle" x="747" y="443" width="46" height="17"/>
    </entry>
    <entry id="9" name="cpd:C00092" type="compound"
        link="http://www.kegg.jp/dbget-bin/www_bget?C00092">
        <graphics name="C00092" fgcolor="#000000" bgcolor="#FFFFFF"
             type="circle" x="691" y="442" width="8" height="8"/>
    </entry>
    <entry id="10" name="cpd:C00092" type="compound"
        link="http://www.kegg.jp/dbget-bin/www_bget?C00092">
        <graphics name="C00092" fgcolor="#000000" bgcolor="#FFFFFF"
             type="circle" x="809" y="443" width="8" height="8"/>
    </entry>
    <entry id="11" name="cpd:C00031" type="compound"
        link="http://www.kegg.jp/dbget-bin/www_bget?C00031">
        <graphics name="C00031" fgcolor="#000000" bgcolor="#FFFFFF"
             type="circle" x="919" y="441" width="8" height="8"/>
    </entry>
    <entry id="12" name="cpd:C00031" type="compound"
        link="http://www.kegg.jp/dbget-bin/www_bget?C00031">
        <graphics name="C00031" fgcolor="#000000" bgcolor="#FFFFFF"
             type="circle" x="877" y="519" width="8" height="8"/>
    </entry>
    <entry id="13" name="cpd:C00031" type="compound"
        link="http://www.kegg.jp/dbget-bin/www_bget?C00031">
        <graphics name="C00031" fgcolor="#000000" bgcolor="#FFFFFF"
             type="circle" x="1040" y="599" width="8" height="8"/>
    </entry>
    <entry id="14" name="cpd:C01330" type="compound"
        link="http://www.kegg.jp/dbget-bin/www_bget?C01330">
        <graphics name="C01330" fgcolor="#000000" bgcolor="#FFFFFF"
             type="circle" x="389" y="373" width="8" height="8"/>
    </entry>
    <entry id="15" name="cpd:C00124 cpd:C00031" type="compound"
        link="http://www.kegg.jp/dbget-bin/www_bget?C00124+C00031">
        <graphics name="C00124..." fgcolor="#000000" bgcolor="#FFFFFF"
             type="circle" x="389" y="386" width="8" height="8"/>
    </entry>
    <entry id="16" name="cpd:C00124 cpd:C00031" type="compound"
        link="http://www.kegg.jp/dbget-bin/www_bget?C00124+C00031">
        <graphics name="C00124..." fgcolor="#000000" bgcolor="#FFFFFF"
             type="circle" x="1043" y="359" width="8" height="8"/>
    </entry>
    <entry id="17" name="cpd:C00095" type="compound"
        link="http://www.kegg.jp/dbget-bin/www_bget?C00095">
        <graphics name="C00095" fgcolor="#000000" bgcolor="#FFFFFF"
             type="circle" x="479" y="567" width="8" height="8"/>
    </entry>
    <entry id="18" name="mmu:20526" type="gene"
        link="http://www.kegg.jp/dbget-bin/www_bget?mmu:20526">
        <graphics name="Slc2a2, AI266973, Glut-2, Glut2" fgcolor="#000000" bgcolor="#BFFFBF"
             type="rectangle" x="976" y="695" width="46" height="17"/>
    </entry>
    <entry id="19" name="cpd:C00031 cpd:C00095" type="compound"
        link="http://www.kegg.jp/dbget-bin/www_bget?C00031+C00095">
        <graphics name="C00031..." fgcolor="#000000" bgcolor="#FFFFFF"
             type="circle" x="1048" y="695" width="8" height="8"/>
    </entry>
    <entry id="20" name="cpd:C01330" type="compound"
        link="http://www.kegg.jp/dbget-bin/www_bget?C01330">
        <graphics name="C01330" fgcolor="#000000" bgcolor="#FFFFFF"
             type="circle" x="1041" y="303" width="8" height="8"/>
    </entry>
    <entry id="21" name="cpd:C00238" type="compound"
        link="http://www.kegg.jp/dbget-bin/www_bget?C00238">
        <graphics name="C00238" fgcolor="#000000" bgcolor="#FFFFFF"
             type="circle" x="910" y="313" width="8" height="8"/>
    </entry>
    <entry id="22" name="mmu:226413" type="gene"
        link="http://www.kegg.jp/dbget-bin/www_bget?mmu:226413">
        <graphics name="Lct, Gm100, LAC, LPH, Lphl" fgcolor="#000000" bgcolor="#BFFFBF"
             type="rectangle" x="420" y="248" width="46" height="17"/>
    </entry>
    <entry id="23" name="mmu:69983" type="gene"
        link="http://www.kegg.jp/dbget-bin/www_bget?mmu:69983">
        <graphics name="Sis, 2010204N08Rik, SI, Si-s" fgcolor="#000000" bgcolor="#BFFFBF"
             type="rectangle" x="425" y="504" width="46" height="17"/>
    </entry>
    <entry id="24" name="cpd:C00243" type="compound"
        link="http://www.kegg.jp/dbget-bin/www_bget?C00243">
        <graphics name="C00243" fgcolor="#000000" bgcolor="#FFFFFF"
             type="circle" x="305" y="183" width="8" height="8"/>
    </entry>
    <entry id="25" name="cpd:C00124" type="compound"
        link="http://www.kegg.jp/dbget-bin/www_bget?C00124">
        <graphics name="C00124" fgcolor="#000000" bgcolor="#FFFFFF"
             type="circle" x="285" y="315" width="8" height="8"/>
    </entry>
    <entry id="26" name="cpd:C00031" type="compound"
        link="http://www.kegg.jp/dbget-bin/www_bget?C00031">
        <graphics name="C00031" fgcolor="#000000" bgcolor="#FFFFFF"
             type="circle" x="328" y="302" width="8" height="8"/>
    </entry>
    <entry id="27" name="cpd:C00089" type="compound"
        link="http://www.kegg.jp/dbget-bin/www_bget?C00089">
        <graphics name="C00089" fgcolor="#000000" bgcolor="#FFFFFF"
             type="circle" x="356" y="183" width="8" height="8"/>
    </entry>
    <entry id="28" name="cpd:C00031" type="compound"
        link="http://www.kegg.jp/dbget-bin/www_bget?C00031">
        <graphics name="C00031" fgcolor="#000000" bgcolor="#FFFFFF"
             type="circle" x="307" y="589" width="8" height="8"/>
    </entry>
    <entry id="29" name="cpd:C02049" type="compound"
        link="http://www.kegg.jp/dbget-bin/www_bget?C02049">
        <graphics name="C02049" fgcolor="#000000" bgcolor="#FFFFFF"
             type="circle" x="222" y="403" width="8" height="8"/>
    </entry>
    <entry id="30" name="cpd:C01835" type="compound"
        link="http://www.kegg.jp/dbget-bin/www_bget?C01835">
        <graphics name="C01835" fgcolor="#000000" bgcolor="#FFFFFF"
             type="circle" x="150" y="418" width="8" height="8"/>
    </entry>
    <entry id="31" name="cpd:C00208" type="compound"
        link="http://www.kegg.jp/dbget-bin/www_bget?C00208">
        <graphics name="C00208" fgcolor="#000000" bgcolor="#FFFFFF"
             type="circle" x="270" y="388" width="8" height="8"/>
    </entry>
    <entry id="32" name="mmu:232714" type="gene"
        link="http://www.kegg.jp/dbget-bin/www_bget?mmu:232714">
        <graphics name="Mgam, 6030407P20Rik, MGA" fgcolor="#000000" bgcolor="#BFFFBF"
             type="rectangle" x="507" y="443" width="46" height="17"/>
    </entry>
    <entry id="33" name="cpd:C00369" type="compound"
        link="http://www.kegg.jp/dbget-bin/www_bget?C00369">
        <graphics name="C00369" fgcolor="#000000" bgcolor="#FFFFFF"
             type="circle" x="223" y="183" width="8" height="8"/>
    </entry>
    <entry id="34" name="path:mmu04972" type="map"
        link="http://www.kegg.jp/dbget-bin/www_bget?mmu04972">
        <graphics name="Pancreatic secretion" fgcolor="#000000" bgcolor="#FFFFFF"
             type="roundrectangle" x="141" y="235" width="115" height="25"/>
    </entry>
    <entry id="35" name="mmu:100043684 mmu:100043686 mmu:100043688 mmu:109959 mmu:11722" type="gene"
        link="http://www.kegg.jp/dbget-bin/www_bget?mmu:100043684+mmu:100043686+mmu:100043688+mmu:109959+mmu:11722">
        <graphics name="Amy2a4, OTTMUSG00000022433, mAmy2-3..." fgcolor="#000000" bgcolor="#BFFFBF"
             type="rectangle" x="137" y="286" width="46" height="17"/>
    </entry>
    <entry id="36" name="mmu:20526" type="gene"
        link="http://www.kegg.jp/dbget-bin/www_bget?mmu:20526">
        <graphics name="Slc2a2, AI266973, Glut-2, Glut2" fgcolor="#000000" bgcolor="#BFFFBF"
             type="rectangle" x="536" y="699" width="46" height="17"/>
    </entry>
    <entry id="37" name="cpd:C00031" type="compound"
        link="http://www.kegg.jp/dbget-bin/www_bget?C00031">
        <graphics name="C00031" fgcolor="#000000" bgcolor="#FFFFFF"
             type="circle" x="469" y="699" width="8" height="8"/>
    </entry>
    <entry id="38" name="mmu:12289" type="gene"
        link="http://www.kegg.jp/dbget-bin/www_bget?mmu:12289">
        <graphics name="Cacna1d, 8430418G19Rik, C79217, Cach3, Cacn4, Cacnl1a2, Cav1.3, Cchl1a, Cchl1a2, D-LTCC" fgcolor="#000000" bgcolor="#BFFFBF"
             type="rectangle" x="447" y="636" width="46" height="17"/>
    </entry>
    <entry id="39" name="cpd:C00076" type="compound"
        link="http://www.kegg.jp/dbget-bin/www_bget?C00076">
        <graphics name="C00076" fgcolor="#000000" bgcolor="#FFFFFF"
             type="circle" x="394" y="635" width="8" height="8"/>
    </entry>
    <entry id="40" name="mmu:20526" type="gene"
        link="http://www.kegg.jp/dbget-bin/www_bget?mmu:20526">
        <graphics name="Slc2a2, AI266973, Glut-2, Glut2" fgcolor="#000000" bgcolor="#BFFFBF"
             type="rectangle" x="636" y="654" width="46" height="17"/>
    </entry>
    <entry id="41" name="cpd:C00076" type="compound"
        link="http://www.kegg.jp/dbget-bin/www_bget?C00076">
        <graphics name="C00076" fgcolor="#000000" bgcolor="#FFFFFF"
             type="circle" x="543" y="635" width="8" height="8"/>
    </entry>
    <entry id="42" name="mmu:15275 mmu:15277 mmu:212032 mmu:216019" type="gene"
        link="http://www.kegg.jp/dbget-bin/www_bget?mmu:15275+mmu:15277+mmu:212032+mmu:216019">
        <graphics name="Hk1, BB404130, Hk-1, Hk1-s, dea, mHk1-s..." fgcolor="#000000" bgcolor="#BFFFBF"
             type="rectangle" x="720" y="417" width="46" height="17"/>
    </entry>
    <entry id="43" name="mmu:14377 mmu:14378 mmu:68401" type="gene"
        link="http://www.kegg.jp/dbget-bin/www_bget?mmu:14377+mmu:14378+mmu:68401">
        <graphics name="G6pc, AW107337, G6Pase, G6pt, Glc-6-Pase..." fgcolor="#000000" bgcolor="#BFFFBF"
             type="rectangle" x="854" y="430" width="46" height="17"/>
    </entry>
    <entry id="44" name="mmu:18706 mmu:18707 mmu:18708 mmu:18709 mmu:18710 mmu:74769" type="gene"
        link="http://www.kegg.jp/dbget-bin/www_bget?mmu:18706+mmu:18707+mmu:18708+mmu:18709+mmu:18710+mmu:74769">
        <graphics name="Pik3ca, 6330412C24Rik, caPI3K, p110, p110alpha..." fgcolor="#000000" bgcolor="#BFFFBF"
             type="rectangle" x="680" y="504" width="46" height="17"/>
    </entry>
    <entry id="45" name="mmu:11651 mmu:11652 mmu:23797" type="gene"
        link="http://www.kegg.jp/dbget-bin/www_bget?mmu:11651+mmu:11652+mmu:23797">
        <graphics name="Akt1, Akt, LTR-akt, PKB, PKB/Akt, PKBalpha, Rac..." fgcolor="#000000" bgcolor="#BFFFBF"
             type="rectangle" x="793" y="544" width="46" height="17"/>
    </entry>
    <entry id="46" name="cpd:C00095" type="compound"
        link="http://www.kegg.jp/dbget-bin/www_bget?C00095">
        <graphics name="C00095" fgcolor="#000000" bgcolor="#FFFFFF"
             type="circle" x="643" y="567" width="8" height="8"/>
    </entry>
    <entry id="47" name="cpd:C05981" type="compound"
        link="http://www.kegg.jp/dbget-bin/www_bget?C05981">
        <graphics name="C05981" fgcolor="#000000" bgcolor="#FFFFFF"
             type="circle" x="746" y="506" width="8" height="8"/>
    </entry>
    <entry id="48" name="mmu:83770" type="gene"
        link="http://www.kegg.jp/dbget-bin/www_bget?mmu:83770">
        <graphics name="Tas1r2, Gpr71, T1r2, TR2" fgcolor="#000000" bgcolor="#BFFFBF"
             type="rectangle" x="447" y="759" width="46" height="17"/>
    </entry>
    <entry id="49" name="mmu:83771" type="gene"
        link="http://www.kegg.jp/dbget-bin/www_bget?mmu:83771">
        <graphics name="Tas1r3, Sac, T1r3" fgcolor="#000000" bgcolor="#BFFFBF"
             type="rectangle" x="447" y="776" width="46" height="17"/>
    </entry>
    <entry id="50" name="mmu:242851" type="gene"
        link="http://www.kegg.jp/dbget-bin/www_bget?mmu:242851">
        <graphics name="Gnat3, Ggust, Gtn" fgcolor="#000000" bgcolor="#BFFFBF"
             type="rectangle" x="551" y="769" width="46" height="17"/>
    </entry>
    <entry id="51" name="mmu:18796" type="gene"
        link="http://www.kegg.jp/dbget-bin/www_bget?mmu:18796">
        <graphics name="Plcb2, AI550384, B230205M18Rik, B230399N12" fgcolor="#000000" bgcolor="#BFFFBF"
             type="rectangle" x="643" y="769" width="46" height="17"/>
    </entry>
    <entry id="52" name="mmu:18751" type="gene"
        link="http://www.kegg.jp/dbget-bin/www_bget?mmu:18751">
        <graphics name="Prkcb, PKC-B, PKC-Beta, Pkcb, Prkcb1, Prkcb2" fgcolor="#000000" bgcolor="#BFFFBF"
             type="rectangle" x="718" y="720" width="46" height="17"/>
    </entry>
    <entry id="53" name="cpd:C00165" type="compound"
        link="http://www.kegg.jp/dbget-bin/www_bget?C00165">
        <graphics name="C00165" fgcolor="#000000" bgcolor="#FFFFFF"
             type="circle" x="717" y="768" width="8" height="8"/>
    </entry>
    <entry id="54" name="path:mmu04742" type="map"
        link="http://www.kegg.jp/dbget-bin/www_bget?mmu04742">
        <graphics name="Taste transduction" fgcolor="#000000" bgcolor="#FFFFFF"
             type="roundrectangle" x="604" y="738" width="116" height="25"/>
    </entry>
    <entry id="55" name="cpd:C12285 cpd:C12284" type="compound"
        link="http://www.kegg.jp/dbget-bin/www_bget?C12285+C12284">
        <graphics name="C12285..." fgcolor="#000000" bgcolor="#FFFFFF"
             type="circle" x="371" y="772" width="8" height="8"/>
    </entry>
    <entry id="56" name="cpd:C00760" type="compound"
        link="http://www.kegg.jp/dbget-bin/www_bget?C00760">
        <graphics name="C00760" fgcolor="#000000" bgcolor="#FFFFFF"
             type="circle" x="74" y="628" width="8" height="8"/>
    </entry>
    <entry id="57" name="cpd:C00369" type="compound"
        link="http://www.kegg.jp/dbget-bin/www_bget?C00369">
        <graphics name="C00369" fgcolor="#000000" bgcolor="#FFFFFF"
             type="circle" x="148" y="629" width="8" height="8"/>
    </entry>
    <entry id="58" name="cpd:C00707" type="compound"
        link="http://www.kegg.jp/dbget-bin/www_bget?C00707">
        <graphics name="C00707" fgcolor="#000000" bgcolor="#FFFFFF"
             type="circle" x="200" y="629" width="8" height="8"/>
    </entry>
    <entry id="59" name="cpd:C01355" type="compound"
        link="http://www.kegg.jp/dbget-bin/www_bget?C01355">
        <graphics name="C01355" fgcolor="#000000" bgcolor="#FFFFFF"
             type="circle" x="128" y="654" width="8" height="8"/>
    </entry>
    <entry id="60" name="cpd:C00246" type="compound"
        link="http://www.kegg.jp/dbget-bin/www_bget?C00246">
        <graphics name="C00246" fgcolor="#000000" bgcolor="#FFFFFF"
             type="circle" x="98" y="827" width="8" height="8"/>
    </entry>
    <entry id="61" name="cpd:C00163" type="compound"
        link="http://www.kegg.jp/dbget-bin/www_bget?C00163">
        <graphics name="C00163" fgcolor="#000000" bgcolor="#FFFFFF"
             type="circle" x="160" y="827" width="8" height="8"/>
    </entry>
    <entry id="62" name="cpd:C00033" type="compound"
        link="http://www.kegg.jp/dbget-bin/www_bget?C00033">
        <graphics name="C00033" fgcolor="#000000" bgcolor="#FFFFFF"
             type="circle" x="218" y="828" width="8" height="8"/>
    </entry>
    <entry id="63" name="cpd:C00714" type="compound"
        link="http://www.kegg.jp/dbget-bin/www_bget?C00714">
        <graphics name="C00714" fgcolor="#000000" bgcolor="#FFFFFF"
             type="circle" x="253" y="629" width="8" height="8"/>
    </entry>
    <entry id="64" name="cpd:C08822" type="compound"
        link="http://www.kegg.jp/dbget-bin/www_bget?C08822">
        <graphics name="C08822" fgcolor="#000000" bgcolor="#FFFFFF"
             type="circle" x="214" y="653" width="8" height="8"/>
    </entry>
    <entry id="65" name="cpd:C00011" type="compound"
        link="http://www.kegg.jp/dbget-bin/www_bget?C00011">
        <graphics name="C00011" fgcolor="#000000" bgcolor="#FFFFFF"
             type="circle" x="264" y="828" width="8" height="8"/>
    </entry>
    <entry id="66" name="cpd:C00282" type="compound"
        link="http://www.kegg.jp/dbget-bin/www_bget?C00282">
        <graphics name="C00282" fgcolor="#000000" bgcolor="#FFFFFF"
             type="circle" x="264" y="861" width="8" height="8"/>
    </entry>
    <entry id="67" name="path:ko00650" type="map"
        link="http://www.kegg.jp/dbget-bin/www_bget?ko00650">
        <graphics name="Butanoate metabolism" fgcolor="#000000" bgcolor="#FFFFFF"
             type="roundrectangle" x="279" y="709" width="123" height="25"/>
    </entry>
    <entry id="68" name="path:ko00640" type="map"
        link="http://www.kegg.jp/dbget-bin/www_bget?ko00640">
        <graphics name="Propanoate metabolism" fgcolor="#000000" bgcolor="#FFFFFF"
             type="roundrectangle" x="279" y="739" width="123" height="25"/>
    </entry>
    <entry id="69" name="path:ko00620" type="map"
        link="http://www.kegg.jp/dbget-bin/www_bget?ko00620">
        <graphics name="Pyruvate metabolism" fgcolor="#000000" bgcolor="#FFFFFF"
             type="roundrectangle" x="279" y="769" width="123" height="25"/>
    </entry>
    <entry id="70" name="undefined" type="group">
        <graphics fgcolor="#000000" bgcolor="#FFFFFF"
             type="rectangle" x="447" y="767" width="46" height="34"/>
        <component id="48"/>
        <component id="49"/>
    </entry>
    <relation entry1="46" entry2="44" type="PCrel">
        <subtype name="activation" value="--&gt;"/>
    </relation>
    <relation entry1="44" entry2="47" type="PCrel">
        <subtype name="activation" value="--&gt;"/>
    </relation>
    <relation entry1="47" entry2="45" type="PCrel">
        <subtype name="activation" value="--&gt;"/>
    </relation>
    <relation entry1="45" entry2="5" type="PPrel">
        <subtype name="activation" value="--&gt;"/>
        <subtype name="indirect effect" value="..&gt;"/>
    </relation>
    <relation entry1="70" entry2="50" type="PPrel">
        <subtype name="activation" value="--&gt;"/>
    </relation>
    <relation entry1="50" entry2="51" type="PPrel">
        <subtype name="activation" value="--&gt;"/>
    </relation>
    <relation entry1="51" entry2="53" type="PCrel">
        <subtype name="activation" value="--&gt;"/>
    </relation>
    <relation entry1="53" entry2="52" type="PCrel">
        <subtype name="activation" value="--&gt;"/>
    </relation>
    <relation entry1="52" entry2="36" type="PPrel">
        <subtype name="activation" value="--&gt;"/>
        <subtype name="indirect effect" value="..&gt;"/>
    </relation>
</pathway>
