<?xml version="1.0"?>
<!DOCTYPE pathway SYSTEM "http://www.kegg.jp/kegg/xml/KGML_v0.7.2_.dtd">
<!-- Creation date: Dec 16, 2013 09:30:34 +0900 (GMT+09:00) -->
<pathway name="path:mmu04623" org="mmu" number="04623"
         title="Cytosolic DNA-sensing pathway"
         image="http://www.kegg.jp/kegg/pathway/mmu/mmu04623.png"
         link="http://www.kegg.jp/kegg-bin/show_pathway?mmu04623">
    <entry id="1" name="mmu:12362" type="gene"
        link="http://www.kegg.jp/dbget-bin/www_bget?mmu:12362">
        <graphics name="Casp1, ICE, Il1bc" fgcolor="#000000" bgcolor="#BFFFBF"
             type="rectangle" x="617" y="615" width="46" height="17"/>
    </entry>
    <entry id="2" name="mmu:66824" type="gene"
        link="http://www.kegg.jp/dbget-bin/www_bget?mmu:66824">
        <graphics name="Pycard, 9130417A21Rik, Asc, CARD5, TMS-1, TNS1, masc" fgcolor="#000000" bgcolor="#BFFFBF"
             type="rectangle" x="557" y="615" width="46" height="17"/>
    </entry>
    <entry id="3" name="mmu:383619" type="gene"
        link="http://www.kegg.jp/dbget-bin/www_bget?mmu:383619">
        <graphics name="Aim2, Gm1313, Ifi210" fgcolor="#000000" bgcolor="#BFFFBF"
             type="rectangle" x="497" y="614" width="46" height="17"/>
    </entry>
    <entry id="4" name="mmu:16176" type="gene"
        link="http://www.kegg.jp/dbget-bin/www_bget?mmu:16176">
        <graphics name="Il1b, IL-1beta, Il-1b" fgcolor="#000000" bgcolor="#BFFFBF"
             type="rectangle" x="743" y="605" width="46" height="17"/>
    </entry>
    <entry id="5" name="mmu:16173" type="gene"
        link="http://www.kegg.jp/dbget-bin/www_bget?mmu:16173">
        <graphics name="Il18, Igif, Il-18" fgcolor="#000000" bgcolor="#BFFFBF"
             type="rectangle" x="743" y="625" width="46" height="17"/>
    </entry>
    <entry id="6" name="mmu:100044068 mmu:26388" type="gene"
        link="http://www.kegg.jp/dbget-bin/www_bget?mmu:100044068+mmu:26388">
        <graphics name="100044068..." fgcolor="#000000" bgcolor="#BFFFBF"
             type="rectangle" x="412" y="654" width="46" height="17"/>
    </entry>
    <entry id="7" name="mmu:58203" type="gene"
        link="http://www.kegg.jp/dbget-bin/www_bget?mmu:58203">
        <graphics name="Zbp1, 2010010H03Rik, Dai, Dlm1, mZaDLM" fgcolor="#000000" bgcolor="#BFFFBF"
             type="rectangle" x="537" y="321" width="46" height="17"/>
    </entry>
    <entry id="8" name="mmu:56480" type="gene"
        link="http://www.kegg.jp/dbget-bin/www_bget?mmu:56480">
        <graphics name="Tbk1, 1200008B05Rik, AI462036, AW048562" fgcolor="#000000" bgcolor="#BFFFBF"
             type="rectangle" x="697" y="279" width="46" height="17"/>
    </entry>
    <entry id="9" name="mmu:56489" type="gene"
        link="http://www.kegg.jp/dbget-bin/www_bget?mmu:56489">
        <graphics name="Ikbke, AW558201, IKK-i, IKKepsilon, Ikki" fgcolor="#000000" bgcolor="#BFFFBF"
             type="rectangle" x="697" y="300" width="46" height="17"/>
    </entry>
    <entry id="10" name="mmu:54131" type="gene"
        link="http://www.kegg.jp/dbget-bin/www_bget?mmu:54131">
        <graphics name="Irf3, C920001K05Rik, IRF-3" fgcolor="#000000" bgcolor="#BFFFBF"
             type="rectangle" x="820" y="312" width="46" height="17"/>
    </entry>
    <entry id="11" name="mmu:15977" type="gene"
        link="http://www.kegg.jp/dbget-bin/www_bget?mmu:15977">
        <graphics name="Ifnb1, IFN-beta, IFNB, Ifb" fgcolor="#000000" bgcolor="#BFFFBF"
             type="rectangle" x="997" y="336" width="46" height="17"/>
    </entry>
    <entry id="12" name="mmu:54123" type="gene"
        link="http://www.kegg.jp/dbget-bin/www_bget?mmu:54123">
        <graphics name="Irf7" fgcolor="#000000" bgcolor="#BFFFBF"
             type="rectangle" x="820" y="335" width="46" height="17"/>
    </entry>
    <entry id="13" name="mmu:15962 mmu:15964 mmu:15965 mmu:15967 mmu:15968 mmu:15969 mmu:15970 mmu:15972 mmu:15974 mmu:230396 mmu:242517 mmu:242519 mmu:404549" type="gene"
        link="http://www.kegg.jp/dbget-bin/www_bget?mmu:15962+mmu:15964+mmu:15965+mmu:15967+mmu:15968+mmu:15969+mmu:15970+mmu:15972+mmu:15974+mmu:230396+mmu:242517+mmu:242519+mmu:404549">
        <graphics name="Ifna1, Ifa1..." fgcolor="#000000" bgcolor="#BFFFBF"
             type="rectangle" x="997" y="316" width="46" height="17"/>
    </entry>
    <entry id="14" name="mmu:15945" type="gene"
        link="http://www.kegg.jp/dbget-bin/www_bget?mmu:15945">
        <graphics name="Cxcl10, C7, CRG-2, INP10, IP-10, IP10, Ifi10, Scyb10, gIP-10, mob-1" fgcolor="#000000" bgcolor="#BFFFBF"
             type="rectangle" x="997" y="466" width="46" height="17"/>
    </entry>
    <entry id="15" name="mmu:228607" type="gene"
        link="http://www.kegg.jp/dbget-bin/www_bget?mmu:228607">
        <graphics name="Mavs, D430028G21Rik, IPS-1, Visa, cardif" fgcolor="#000000" bgcolor="#BFFFBF"
             type="rectangle" x="583" y="176" width="46" height="17"/>
    </entry>
    <entry id="16" name="mmu:72512" type="gene"
        link="http://www.kegg.jp/dbget-bin/www_bget?mmu:72512">
        <graphics name="Tmem173, 2610307O08Rik, ERIS, MPYS, Mita, STING" fgcolor="#000000" bgcolor="#BFFFBF"
             type="rectangle" x="642" y="218" width="46" height="17"/>
    </entry>
    <entry id="17" name="mmu:18033 mmu:19697" type="gene"
        link="http://www.kegg.jp/dbget-bin/www_bget?mmu:18033+mmu:19697">
        <graphics name="Nfkb1, NF-KB1, NF-kappaB, NF-kappaB1, p105, p50, p50/p105..." fgcolor="#000000" bgcolor="#BFFFBF"
             type="rectangle" x="820" y="408" width="46" height="17"/>
    </entry>
    <entry id="18" name="mmu:19766" type="gene"
        link="http://www.kegg.jp/dbget-bin/www_bget?mmu:19766">
        <graphics name="Ripk1, D330015H01Rik, RIP, Rinp, Rip1" fgcolor="#000000" bgcolor="#BFFFBF"
             type="rectangle" x="616" y="453" width="46" height="17"/>
    </entry>
    <entry id="19" name="mmu:56532" type="gene"
        link="http://www.kegg.jp/dbget-bin/www_bget?mmu:56532">
        <graphics name="Ripk3, 2610528K09Rik, AW107945, Rip3" fgcolor="#000000" bgcolor="#BFFFBF"
             type="rectangle" x="616" y="470" width="46" height="17"/>
    </entry>
    <entry id="20" name="mmu:56417" type="gene"
        link="http://www.kegg.jp/dbget-bin/www_bget?mmu:56417">
        <graphics name="Adar, AV242451, Adar1, Adar1p110, Adar1p150, mZaADAR" fgcolor="#000000" bgcolor="#BFFFBF"
             type="rectangle" x="371" y="389" width="46" height="17"/>
    </entry>
    <entry id="21" name="ko:K12969" type="ortholog"
        link="http://www.kegg.jp/dbget-bin/www_bget?K12969">
        <graphics name="K12969" fgcolor="#000000" bgcolor="#FFFFFF"
             type="rectangle" x="406" y="414" width="46" height="17"/>
    </entry>
    <entry id="22" name="mmu:16193" type="gene"
        link="http://www.kegg.jp/dbget-bin/www_bget?mmu:16193">
        <graphics name="Il6, Il-6" fgcolor="#000000" bgcolor="#BFFFBF"
             type="rectangle" x="997" y="406" width="46" height="17"/>
    </entry>
    <entry id="23" name="mmu:12675 mmu:16150 mmu:16151" type="gene"
        link="http://www.kegg.jp/dbget-bin/www_bget?mmu:12675+mmu:16150+mmu:16151">
        <graphics name="Chuk, AI256658, Chuk1, Fbx24, Fbxo24, IKBKA, IKK1, Ikka, NFKBIKA..." fgcolor="#000000" bgcolor="#BFFFBF"
             type="rectangle" x="721" y="453" width="46" height="17"/>
    </entry>
    <entry id="24" name="mmu:230073" type="gene"
        link="http://www.kegg.jp/dbget-bin/www_bget?mmu:230073">
        <graphics name="Ddx58, 6430573D20Rik, C330021E21, RIG-I, RLR-1" fgcolor="#000000" bgcolor="#BFFFBF"
             type="rectangle" x="512" y="176" width="46" height="17"/>
    </entry>
    <entry id="25" name="mmu:18033 mmu:19697" type="gene"
        link="http://www.kegg.jp/dbget-bin/www_bget?mmu:18033+mmu:19697">
        <graphics name="Nfkb1, NF-KB1, NF-kappaB, NF-kappaB1, p105, p50, p50/p105..." fgcolor="#000000" bgcolor="#BFFFBF"
             type="rectangle" x="820" y="129" width="46" height="17"/>
    </entry>
    <entry id="26" name="mmu:77125" type="gene"
        link="http://www.kegg.jp/dbget-bin/www_bget?mmu:77125">
        <graphics name="Il33, 9230117N10Rik, Il-33, Il1f11, NF-HEV" fgcolor="#000000" bgcolor="#BFFFBF"
             type="rectangle" x="743" y="645" width="46" height="17"/>
    </entry>
    <entry id="27" name="mmu:18035 mmu:18036" type="gene"
        link="http://www.kegg.jp/dbget-bin/www_bget?mmu:18035+mmu:18036">
        <graphics name="Nfkbia, AI462015, Nfkbi..." fgcolor="#000000" bgcolor="#BFFFBF"
             type="rectangle" x="820" y="453" width="46" height="17"/>
    </entry>
    <entry id="28" name="mmu:16193" type="gene"
        link="http://www.kegg.jp/dbget-bin/www_bget?mmu:16193">
        <graphics name="Il6, Il-6" fgcolor="#000000" bgcolor="#BFFFBF"
             type="rectangle" x="997" y="143" width="46" height="17"/>
    </entry>
    <entry id="29" name="mmu:100862456 mmu:102641086 mmu:20016 mmu:20018 mmu:218832 mmu:245841 mmu:26939 mmu:66420 mmu:66491 mmu:67005 mmu:67065 mmu:67486 mmu:69833 mmu:69870 mmu:70408 mmu:70428 mmu:74414 mmu:78929" type="gene"
        link="http://www.kegg.jp/dbget-bin/www_bget?mmu:100862456+mmu:102641086+mmu:20016+mmu:20018+mmu:218832+mmu:245841+mmu:26939+mmu:66420+mmu:66491+mmu:67005+mmu:67065+mmu:67486+mmu:69833+mmu:69870+mmu:70408+mmu:70428+mmu:74414+mmu:78929">
        <graphics name="100862456..." fgcolor="#000000" bgcolor="#BFFFBF"
             type="rectangle" x="332" y="189" width="46" height="17"/>
    </entry>
    <entry id="30" name="path:mmu04622" type="map"
        link="http://www.kegg.jp/dbget-bin/www_bget?mmu04622">
        <graphics name="RIG-I-like receptor signaling pathway" fgcolor="#000000" bgcolor="#FFFFFF"
             type="roundrectangle" x="527" y="140" width="121" height="34"/>
    </entry>
    <entry id="31" name="ko:K12970" type="ortholog"
        link="http://www.kegg.jp/dbget-bin/www_bget?K12970">
        <graphics name="K12970" fgcolor="#000000" bgcolor="#FFFFFF"
             type="rectangle" x="491" y="414" width="46" height="17"/>
    </entry>
    <entry id="32" name="mmu:20303" type="gene"
        link="http://www.kegg.jp/dbget-bin/www_bget?mmu:20303">
        <graphics name="Ccl4, AT744.1, Act-2, MIP-1B, Mip1b, Scya4" fgcolor="#000000" bgcolor="#BFFFBF"
             type="rectangle" x="997" y="426" width="46" height="17"/>
    </entry>
    <entry id="33" name="mmu:20304" type="gene"
        link="http://www.kegg.jp/dbget-bin/www_bget?mmu:20304">
        <graphics name="Ccl5, MuRantes, RANTES, SISd, Scya5, TCP228" fgcolor="#000000" bgcolor="#BFFFBF"
             type="rectangle" x="997" y="446" width="46" height="17"/>
    </entry>
    <entry id="34" name="mmu:22040" type="gene"
        link="http://www.kegg.jp/dbget-bin/www_bget?mmu:22040">
        <graphics name="Trex1, AU041952" fgcolor="#000000" bgcolor="#BFFFBF"
             type="rectangle" x="335" y="364" width="46" height="17"/>
    </entry>
    <entry id="35" name="path:mmu04120" type="map"
        link="http://www.kegg.jp/dbget-bin/www_bget?mmu04120">
        <graphics name="Ubiquitin mediated proteolysis" fgcolor="#000000" bgcolor="#FFFFFF"
             type="roundrectangle" x="827" y="525" width="117" height="34"/>
    </entry>
    <entry id="36" name="path:mmu04623" type="map"
        link="http://www.kegg.jp/dbget-bin/www_bget?mmu04623">
        <graphics name="TITLE:Cytosolic DNA-sensing pathway" fgcolor="#000000" bgcolor="#FFFFFF"
             type="roundrectangle" x="186" y="58" width="292" height="25"/>
    </entry>
    <entry id="37" name="path:mmu04064" type="map"
        link="http://www.kegg.jp/dbget-bin/www_bget?mmu04064">
        <graphics name="NF-kappa B signaling pathway" fgcolor="#000000" bgcolor="#FFFFFF"
             type="roundrectangle" x="724" y="411" width="121" height="34"/>
    </entry>
    <entry id="38" name="mmu:214763" type="gene"
        link="http://www.kegg.jp/dbget-bin/www_bget?mmu:214763">
        <graphics name="Mb21d1, E330016A19Rik, cGAS" fgcolor="#000000" bgcolor="#BFFFBF"
             type="rectangle" x="410" y="217" width="46" height="17"/>
    </entry>
    <entry id="39" name="cpd:C20640" type="compound"
        link="http://www.kegg.jp/dbget-bin/www_bget?C20640">
        <graphics name="C20640" fgcolor="#000000" bgcolor="#FFFFFF"
             type="circle" x="514" y="217" width="8" height="8"/>
    </entry>
    <relation entry1="24" entry2="15" type="PPrel">
        <subtype name="activation" value="--&gt;"/>
    </relation>
    <relation entry1="15" entry2="25" type="PPrel">
        <subtype name="activation" value="--&gt;"/>
        <subtype name="indirect effect" value="..&gt;"/>
    </relation>
    <relation entry1="15" entry2="16" type="PPrel">
        <subtype name="binding/association" value="---"/>
    </relation>
    <relation entry1="16" entry2="8" type="PPrel">
        <subtype name="activation" value="--&gt;"/>
    </relation>
    <relation entry1="16" entry2="9" type="PPrel">
        <subtype name="activation" value="--&gt;"/>
    </relation>
    <relation entry1="8" entry2="10" type="PPrel">
        <subtype name="binding/association" value="---"/>
    </relation>
    <relation entry1="9" entry2="12" type="PPrel">
        <subtype name="binding/association" value="---"/>
    </relation>
    <relation entry1="7" entry2="8" type="PPrel">
        <subtype name="activation" value="--&gt;"/>
    </relation>
    <relation entry1="7" entry2="9" type="PPrel">
        <subtype name="activation" value="--&gt;"/>
    </relation>
    <relation entry1="7" entry2="10" type="PPrel">
        <subtype name="binding/association" value="---"/>
    </relation>
    <relation entry1="7" entry2="12" type="PPrel">
        <subtype name="binding/association" value="---"/>
    </relation>
    <relation entry1="7" entry2="18" type="PPrel">
        <subtype name="binding/association" value="---"/>
    </relation>
    <relation entry1="18" entry2="23" type="PPrel">
        <subtype name="activation" value="--&gt;"/>
        <subtype name="phosphorylation" value="+p"/>
    </relation>
    <relation entry1="23" entry2="27" type="PPrel">
        <subtype name="activation" value="--&gt;"/>
        <subtype name="phosphorylation" value="+p"/>
    </relation>
    <relation entry1="27" entry2="17" type="PPrel">
        <subtype name="dissociation" value="-+-"/>
    </relation>
    <relation entry1="7" entry2="19" type="PPrel">
        <subtype name="binding/association" value="---"/>
    </relation>
    <relation entry1="3" entry2="2" type="PPrel">
        <subtype name="binding/association" value="---"/>
    </relation>
    <relation entry1="2" entry2="1" type="PPrel">
        <subtype name="binding/association" value="---"/>
    </relation>
    <relation entry1="8" entry2="12" type="PPrel">
        <subtype name="binding/association" value="---"/>
    </relation>
    <relation entry1="9" entry2="10" type="PPrel">
        <subtype name="binding/association" value="---"/>
    </relation>
    <relation entry1="38" entry2="39" type="PCrel">
        <subtype name="expression" value="--&gt;"/>
    </relation>
    <relation entry1="39" entry2="16" type="PCrel">
        <subtype name="activation" value="--&gt;"/>
        <subtype name="binding/association" value="---"/>
    </relation>
</pathway>
