<?xml version="1.0"?>
<!DOCTYPE pathway SYSTEM "http://www.kegg.jp/kegg/xml/KGML_v0.7.2_.dtd">
<!-- Creation date: Jun 19, 2017 16:22:32 +0900 (GMT+9) -->
<pathway name="path:mmu04914" org="mmu" number="04914"
         title="Progesterone-mediated oocyte maturation"
         image="http://www.kegg.jp/kegg/pathway/mmu/mmu04914.png"
         link="http://www.kegg.jp/kegg-bin/show_pathway?mmu04914">
    <entry id="1" name="mmu:16001" type="gene"
        link="http://www.kegg.jp/dbget-bin/www_bget?mmu:16001">
        <graphics name="Igf1r, A330103N21Rik, CD221, D930020L01, IGF-1R, hyft" fgcolor="#000000" bgcolor="#BFFFBF"
             type="rectangle" x="145" y="477" width="46" height="17"/>
    </entry>
    <entry id="2" name="mmu:16000" type="gene"
        link="http://www.kegg.jp/dbget-bin/www_bget?mmu:16000">
        <graphics name="Igf1, C730016P09Rik, Igf-1, Igf-I" fgcolor="#000000" bgcolor="#BFFFBF"
             type="rectangle" x="78" y="491" width="46" height="17"/>
    </entry>
    <entry id="3" name="mmu:16333 mmu:16334" type="gene"
        link="http://www.kegg.jp/dbget-bin/www_bget?mmu:16333+mmu:16334">
        <graphics name="Ins1, Ins-1, Ins2-rs1..." fgcolor="#000000" bgcolor="#BFFFBF"
             type="rectangle" x="78" y="463" width="46" height="17"/>
    </entry>
    <entry id="4" name="mmu:17451" type="gene"
        link="http://www.kegg.jp/dbget-bin/www_bget?mmu:17451">
        <graphics name="Mos, c-mos" fgcolor="#000000" bgcolor="#BFFFBF"
             type="rectangle" x="527" y="267" width="46" height="17"/>
    </entry>
    <entry id="5" name="mmu:12877 mmu:208922 mmu:231207 mmu:67579" type="gene"
        link="http://www.kegg.jp/dbget-bin/www_bget?mmu:12877+mmu:208922+mmu:231207+mmu:67579">
        <graphics name="Cpeb1, AU024112, Cpeb, mCPEB..." fgcolor="#000000" bgcolor="#BFFFBF"
             type="rectangle" x="392" y="214" width="46" height="17"/>
    </entry>
    <entry id="6" name="mmu:104110 mmu:104111 mmu:11512 mmu:11513 mmu:11514 mmu:11515 mmu:210044 mmu:224129 mmu:432530" type="gene"
        link="http://www.kegg.jp/dbget-bin/www_bget?mmu:104110+mmu:104111+mmu:11512+mmu:11513+mmu:11514+mmu:11515+mmu:210044+mmu:224129+mmu:432530">
        <graphics name="Adcy4, mKIAA4004..." fgcolor="#000000" bgcolor="#BFFFBF"
             type="rectangle" x="144" y="371" width="46" height="17"/>
    </entry>
    <entry id="7" name="mmu:268697" type="gene"
        link="http://www.kegg.jp/dbget-bin/www_bget?mmu:268697">
        <graphics name="Ccnb1, Ccnb1-rs1, Ccnb1-rs13, CycB1, Cycb-4, Cycb-5, Cycb1-rs1" fgcolor="#000000" bgcolor="#BFFFBF"
             type="rectangle" x="565" y="484" width="46" height="17"/>
    </entry>
    <entry id="8" name="mmu:12534" type="gene"
        link="http://www.kegg.jp/dbget-bin/www_bget?mmu:12534">
        <graphics name="Cdk1, Cdc2, Cdc2a, p34&lt;CDC2&gt;" fgcolor="#000000" bgcolor="#BFFFBF"
             type="rectangle" x="565" y="447" width="46" height="17"/>
    </entry>
    <entry id="9" name="mmu:16653" type="gene"
        link="http://www.kegg.jp/dbget-bin/www_bget?mmu:16653">
        <graphics name="Kras, AI929937, K-Ras, K-Ras_2, Ki-ras, Kras-2, Kras2, c-K-ras, c-Ki-ras, p21B, ras" fgcolor="#000000" bgcolor="#BFFFBF"
             type="rectangle" x="272" y="525" width="46" height="17"/>
    </entry>
    <entry id="10" name="mmu:18706 mmu:18707 mmu:18708 mmu:18709 mmu:18710 mmu:74769" type="gene"
        link="http://www.kegg.jp/dbget-bin/www_bget?mmu:18706+mmu:18707+mmu:18708+mmu:18709+mmu:18710+mmu:74769">
        <graphics name="Pik3ca, 6330412C24Rik, caPI3K, p110, p110alpha..." fgcolor="#000000" bgcolor="#BFFFBF"
             type="rectangle" x="228" y="476" width="46" height="17"/>
    </entry>
    <entry id="11" name="mmu:12534" type="gene"
        link="http://www.kegg.jp/dbget-bin/www_bget?mmu:12534">
        <graphics name="Cdk1, Cdc2, Cdc2a, p34&lt;CDC2&gt;" fgcolor="#000000" bgcolor="#BFFFBF"
             type="rectangle" x="880" y="302" width="46" height="17"/>
    </entry>
    <entry id="12" name="cpd:C05981 cpd:C11554" type="compound"
        link="http://www.kegg.jp/dbget-bin/www_bget?C05981+C11554">
        <graphics name="C05981..." fgcolor="#000000" bgcolor="#FFFFFF"
             type="circle" x="284" y="474" width="8" height="8"/>
    </entry>
    <entry id="13" name="mmu:11651 mmu:11652 mmu:23797" type="gene"
        link="http://www.kegg.jp/dbget-bin/www_bget?mmu:11651+mmu:11652+mmu:23797">
        <graphics name="Akt1, Akt, LTR-akt, PKB, PKB/Akt, PKBalpha, Rac..." fgcolor="#000000" bgcolor="#BFFFBF"
             type="rectangle" x="300" y="438" width="46" height="17"/>
    </entry>
    <entry id="14" name="mmu:18576" type="gene"
        link="http://www.kegg.jp/dbget-bin/www_bget?mmu:18576">
        <graphics name="Pde3b, 9830102A01Rik, AI847709" fgcolor="#000000" bgcolor="#BFFFBF"
             type="rectangle" x="262" y="404" width="46" height="17"/>
    </entry>
    <entry id="15" name="mmu:17222 mmu:217232 mmu:52206 mmu:52563 mmu:56317 mmu:59008 mmu:66156 mmu:66440 mmu:68999 mmu:69010 mmu:69957 mmu:99152" type="gene"
        link="http://www.kegg.jp/dbget-bin/www_bget?mmu:17222+mmu:217232+mmu:52206+mmu:52563+mmu:56317+mmu:59008+mmu:66156+mmu:66440+mmu:68999+mmu:69010+mmu:69957+mmu:99152">
        <graphics name="Anapc1, 2610021O03Rik, AI047775, AI853536, AW547281, Apc1, Mcpr, tsg24..." fgcolor="#000000" bgcolor="#BFFFBF"
             type="rectangle" x="882" y="519" width="46" height="17"/>
    </entry>
    <entry id="16" name="mmu:56371" type="gene"
        link="http://www.kegg.jp/dbget-bin/www_bget?mmu:56371">
        <graphics name="Fzr1, AW108046, Cdh1, FZR, FZR2, Fyr, HCDH, HCDH1" fgcolor="#000000" bgcolor="#BFFFBF"
             type="rectangle" x="810" y="518" width="46" height="17"/>
    </entry>
    <entry id="17" name="mmu:17120 mmu:56150 mmu:71890" type="gene"
        link="http://www.kegg.jp/dbget-bin/www_bget?mmu:17120+mmu:56150+mmu:71890">
        <graphics name="Mad1l1, AI173502, AW550425, Mad1..." fgcolor="#000000" bgcolor="#BFFFBF"
             type="rectangle" x="790" y="475" width="46" height="17"/>
    </entry>
    <entry id="18" name="mmu:12235" type="gene"
        link="http://www.kegg.jp/dbget-bin/www_bget?mmu:12235">
        <graphics name="Bub1, AL022991, Bub1a, C80208, D2Xrf87" fgcolor="#000000" bgcolor="#BFFFBF"
             type="rectangle" x="755" y="399" width="46" height="17"/>
    </entry>
    <entry id="19" name="mmu:12530 mmu:12531 mmu:12532" type="gene"
        link="http://www.kegg.jp/dbget-bin/www_bget?mmu:12530+mmu:12531+mmu:12532">
        <graphics name="Cdc25a, D9Ertd393e..." fgcolor="#000000" bgcolor="#BFFFBF"
             type="rectangle" x="682" y="371" width="46" height="17"/>
    </entry>
    <entry id="20" name="mmu:18817" type="gene"
        link="http://www.kegg.jp/dbget-bin/www_bget?mmu:18817">
        <graphics name="Plk1, Plk, STPK13" fgcolor="#000000" bgcolor="#BFFFBF"
             type="rectangle" x="565" y="371" width="46" height="17"/>
    </entry>
    <entry id="21" name="mmu:12442 mmu:209091 mmu:268697" type="gene"
        link="http://www.kegg.jp/dbget-bin/www_bget?mmu:12442+mmu:209091+mmu:268697">
        <graphics name="Ccnb2, CycB2..." fgcolor="#000000" bgcolor="#BFFFBF"
             type="rectangle" x="880" y="286" width="46" height="17"/>
    </entry>
    <entry id="22" name="mmu:15516 mmu:15519" type="gene"
        link="http://www.kegg.jp/dbget-bin/www_bget?mmu:15516+mmu:15519">
        <graphics name="Hsp90ab1, 90kDa, AL022974, C81438, Hsp84, Hsp84-1, Hsp90, Hspcb..." fgcolor="#000000" bgcolor="#BFFFBF"
             type="rectangle" x="468" y="301" width="46" height="17"/>
    </entry>
    <entry id="23" name="mmu:18747 mmu:18749" type="gene"
        link="http://www.kegg.jp/dbget-bin/www_bget?mmu:18747+mmu:18749">
        <graphics name="Prkaca, PKCD, Pkaca..." fgcolor="#000000" bgcolor="#BFFFBF"
             type="rectangle" x="292" y="371" width="46" height="17"/>
    </entry>
    <entry id="24" name="mmu:268930" type="gene"
        link="http://www.kegg.jp/dbget-bin/www_bget?mmu:268930">
        <graphics name="Pkmyt1, 6230424P17, AW209059, Myt1" fgcolor="#000000" bgcolor="#BFFFBF"
             type="rectangle" x="800" y="266" width="46" height="17"/>
    </entry>
    <entry id="25" name="mmu:110651 mmu:20111 mmu:20112 mmu:67071" type="gene"
        link="http://www.kegg.jp/dbget-bin/www_bget?mmu:110651+mmu:20111+mmu:20112+mmu:67071">
        <graphics name="Rps6ka3, MAPKAPK-1b, MPK-9, Rsk2, S6K-alpha3, p90RSK3, pp90RSK2..." fgcolor="#000000" bgcolor="#BFFFBF"
             type="rectangle" x="729" y="266" width="46" height="17"/>
    </entry>
    <entry id="26" name="mmu:26413 mmu:26417" type="gene"
        link="http://www.kegg.jp/dbget-bin/www_bget?mmu:26413+mmu:26417">
        <graphics name="Mapk1, 9030612K14Rik, AA407128, AU018647, C78273, ERK, Erk2, MAPK2, PRKM2, Prkm1, p41mapk, p42mapk..." fgcolor="#000000" bgcolor="#BFFFBF"
             type="rectangle" x="663" y="266" width="46" height="17"/>
    </entry>
    <entry id="27" name="mmu:26395" type="gene"
        link="http://www.kegg.jp/dbget-bin/www_bget?mmu:26395">
        <graphics name="Map2k1, MAPKK1, MEKK1, Mek1, Prkmk1" fgcolor="#000000" bgcolor="#BFFFBF"
             type="rectangle" x="597" y="267" width="46" height="17"/>
    </entry>
    <entry id="28" name="mmu:14677 mmu:14678 mmu:14679" type="gene"
        link="http://www.kegg.jp/dbget-bin/www_bget?mmu:14677+mmu:14678+mmu:14679">
        <graphics name="Gnai1, AU046200, Gialpha1, Gnai-1..." fgcolor="#000000" bgcolor="#BFFFBF"
             type="rectangle" x="237" y="263" width="46" height="17"/>
    </entry>
    <entry id="29" name="mmu:12566" type="gene"
        link="http://www.kegg.jp/dbget-bin/www_bget?mmu:12566">
        <graphics name="Cdk2, A630093N05Rik" fgcolor="#000000" bgcolor="#BFFFBF"
             type="rectangle" x="649" y="165" width="46" height="17"/>
    </entry>
    <entry id="30" name="mmu:12534" type="gene"
        link="http://www.kegg.jp/dbget-bin/www_bget?mmu:12534">
        <graphics name="Cdk1, Cdc2, Cdc2a, p34&lt;CDC2&gt;" fgcolor="#000000" bgcolor="#BFFFBF"
             type="rectangle" x="649" y="130" width="46" height="17"/>
    </entry>
    <entry id="31" name="mmu:12427 mmu:12428" type="gene"
        link="http://www.kegg.jp/dbget-bin/www_bget?mmu:12427+mmu:12428">
        <graphics name="Ccna1..." fgcolor="#000000" bgcolor="#BFFFBF"
             type="rectangle" x="531" y="181" width="46" height="17"/>
    </entry>
    <entry id="32" name="mmu:241634 mmu:330228 mmu:70891 mmu:74673" type="gene"
        link="http://www.kegg.jp/dbget-bin/www_bget?mmu:241634+mmu:330228+mmu:70891+mmu:74673">
        <graphics name="Spdye4c, Gm355, SpeedyB3, SpyB3..." fgcolor="#000000" bgcolor="#BFFFBF"
             type="rectangle" x="531" y="148" width="46" height="17"/>
    </entry>
    <entry id="33" name="mmu:20878" type="gene"
        link="http://www.kegg.jp/dbget-bin/www_bget?mmu:20878">
        <graphics name="Aurka, AIRK1, ARK-1, AU019385, AW539821, Ark1, Aurora-A, Ayk1, IAK, IAK1, Stk6" fgcolor="#000000" bgcolor="#BFFFBF"
             type="rectangle" x="310" y="214" width="46" height="17"/>
    </entry>
    <entry id="34" name="mmu:19094 mmu:26414 mmu:26415 mmu:26416 mmu:26419 mmu:26420 mmu:29857" type="gene"
        link="http://www.kegg.jp/dbget-bin/www_bget?mmu:19094+mmu:26414+mmu:26415+mmu:26416+mmu:26419+mmu:26420+mmu:29857">
        <graphics name="Mapk11, P38b, Prkm11, Sapk2, Sapk2b, p38-2, p38beta, p38beta2..." fgcolor="#000000" bgcolor="#BFFFBF"
             type="rectangle" x="354" y="163" width="46" height="17"/>
    </entry>
    <entry id="35" name="path:mmu04010" type="map"
        link="http://www.kegg.jp/dbget-bin/www_bget?mmu04010">
        <graphics name="MAPK signaling pathway" fgcolor="#000000" bgcolor="#FFFFFF"
             type="roundrectangle" x="666" y="217" width="111" height="34"/>
    </entry>
    <entry id="36" name="cpd:C00575" type="compound"
        link="http://www.kegg.jp/dbget-bin/www_bget?C00575">
        <graphics name="C00575" fgcolor="#000000" bgcolor="#FFFFFF"
             type="circle" x="219" y="370" width="8" height="8"/>
    </entry>
    <entry id="37" name="cpd:C00410" type="compound"
        link="http://www.kegg.jp/dbget-bin/www_bget?C00410">
        <graphics name="C00410" fgcolor="#000000" bgcolor="#FFFFFF"
             type="circle" x="74" y="237" width="8" height="8"/>
    </entry>
    <entry id="38" name="mmu:18667" type="gene"
        link="http://www.kegg.jp/dbget-bin/www_bget?mmu:18667">
        <graphics name="Pgr, 9930019P03Rik, BB114106, NR3C3, PR, PR-A, PR-B" fgcolor="#000000" bgcolor="#BFFFBF"
             type="rectangle" x="237" y="146" width="46" height="17"/>
    </entry>
    <entry id="39" name="mmu:18706 mmu:18707 mmu:18708 mmu:18709 mmu:18710 mmu:74769" type="gene"
        link="http://www.kegg.jp/dbget-bin/www_bget?mmu:18706+mmu:18707+mmu:18708+mmu:18709+mmu:18710+mmu:74769">
        <graphics name="Pik3ca, 6330412C24Rik, caPI3K, p110, p110alpha..." fgcolor="#000000" bgcolor="#BFFFBF"
             type="rectangle" x="354" y="130" width="46" height="17"/>
    </entry>
    <entry id="40" name="path:mmu04914" type="map"
        link="http://www.kegg.jp/dbget-bin/www_bget?mmu04914">
        <graphics name="TITLE:Progesterone-mediated oocyte maturation" fgcolor="#000000" bgcolor="#FFFFFF"
             type="roundrectangle" x="230" y="58" width="379" height="25"/>
    </entry>
    <entry id="41" name="path:mmu04110" type="map"
        link="http://www.kegg.jp/dbget-bin/www_bget?mmu04110">
        <graphics name="Cell cycle" fgcolor="#000000" bgcolor="#FFFFFF"
             type="roundrectangle" x="903" y="213" width="111" height="25"/>
    </entry>
    <entry id="42" name="mmu:109880 mmu:110157 mmu:11836" type="gene"
        link="http://www.kegg.jp/dbget-bin/www_bget?mmu:109880+mmu:110157+mmu:11836">
        <graphics name="Braf, 9930012E13Rik, AA120551, AA387315, AA473386, B-raf, Braf-2, Braf2, C230098H17, C87398, D6Ertd631e..." fgcolor="#000000" bgcolor="#BFFFBF"
             type="rectangle" x="371" y="525" width="46" height="17"/>
    </entry>
    <entry id="44" name="mmu:20868" type="gene"
        link="http://www.kegg.jp/dbget-bin/www_bget?mmu:20868">
        <graphics name="Stk10, Gek1, Lok, mKIAA4026" fgcolor="#000000" bgcolor="#BFFFBF"
             type="rectangle" x="407" y="372" width="46" height="17"/>
    </entry>
    <entry id="45" name="mmu:110033" type="gene"
        link="http://www.kegg.jp/dbget-bin/www_bget?mmu:110033">
        <graphics name="Kif22, AU021460, C81217, Kid, Kif22a" fgcolor="#000000" bgcolor="#BFFFBF"
             type="rectangle" x="565" y="523" width="46" height="17"/>
    </entry>
    <relation entry1="6" entry2="23" type="PPrel">
        <subtype name="compound" value="36"/>
    </relation>
    <relation entry1="10" entry2="13" type="PPrel">
        <subtype name="compound" value="12"/>
    </relation>
    <relation entry1="7" entry2="8" type="PPrel">
        <subtype name="binding/association" value="---"/>
    </relation>
    <relation entry1="38" entry2="39" type="PPrel">
        <subtype name="activation" value="--&gt;"/>
    </relation>
    <relation entry1="38" entry2="34" type="PPrel">
        <subtype name="activation" value="--&gt;"/>
    </relation>
    <relation entry1="32" entry2="30" type="PPrel">
        <subtype name="activation" value="--&gt;"/>
    </relation>
    <relation entry1="32" entry2="29" type="PPrel">
        <subtype name="activation" value="--&gt;"/>
    </relation>
    <relation entry1="33" entry2="5" type="PPrel">
        <subtype name="activation" value="--&gt;"/>
        <subtype name="phosphorylation" value="+p"/>
    </relation>
    <relation entry1="4" entry2="27" type="PPrel">
        <subtype name="activation" value="--&gt;"/>
        <subtype name="phosphorylation" value="+p"/>
    </relation>
    <relation entry1="27" entry2="26" type="PPrel">
        <subtype name="activation" value="--&gt;"/>
        <subtype name="phosphorylation" value="+p"/>
    </relation>
    <relation entry1="26" entry2="25" type="PPrel">
        <subtype name="activation" value="--&gt;"/>
        <subtype name="phosphorylation" value="+p"/>
    </relation>
    <relation entry1="20" entry2="19" type="PPrel">
        <subtype name="activation" value="--&gt;"/>
        <subtype name="phosphorylation" value="+p"/>
    </relation>
    <relation entry1="25" entry2="18" type="PPrel">
        <subtype name="activation" value="--&gt;"/>
        <subtype name="phosphorylation" value="+p"/>
    </relation>
    <relation entry1="9" entry2="42" type="PPrel">
        <subtype name="activation" value="--&gt;"/>
    </relation>
    <relation entry1="25" entry2="24" type="PPrel">
        <subtype name="inhibition" value="--|"/>
        <subtype name="phosphorylation" value="+p"/>
    </relation>
    <relation entry1="24" entry2="11" type="PPrel">
        <subtype name="inhibition" value="--|"/>
        <subtype name="phosphorylation" value="+p"/>
    </relation>
    <relation entry1="19" entry2="11" type="PPrel">
        <subtype name="activation" value="--&gt;"/>
        <subtype name="dephosphorylation" value="-p"/>
    </relation>
    <relation entry1="18" entry2="17" type="PPrel">
        <subtype name="indirect effect" value="..&gt;"/>
    </relation>
    <relation entry1="16" entry2="15" type="PPrel">
        <subtype name="indirect effect" value="..&gt;"/>
    </relation>
    <relation entry1="17" entry2="16" type="PPrel">
        <subtype name="inhibition" value="--|"/>
    </relation>
    <relation entry1="22" entry2="4" type="PPrel">
        <subtype name="activation" value="--&gt;"/>
    </relation>
    <relation entry1="28" entry2="6" type="PPrel">
        <subtype name="inhibition" value="--|"/>
    </relation>
    <relation entry1="13" entry2="14" type="PPrel">
        <subtype name="activation" value="--&gt;"/>
        <subtype name="phosphorylation" value="+p"/>
    </relation>
    <relation entry1="1" entry2="10" type="PPrel">
        <subtype name="indirect effect" value="..&gt;"/>
    </relation>
    <relation entry1="1" entry2="9" type="PPrel">
        <subtype name="indirect effect" value="..&gt;"/>
    </relation>
    <relation entry1="3" entry2="1" type="PPrel">
        <subtype name="activation" value="--&gt;"/>
    </relation>
    <relation entry1="2" entry2="1" type="PPrel">
        <subtype name="activation" value="--&gt;"/>
    </relation>
    <relation entry1="37" entry2="38" type="PCrel">
        <subtype name="activation" value="--&gt;"/>
    </relation>
</pathway>
