<?xml version="1.0"?>
<!DOCTYPE pathway SYSTEM "http://www.kegg.jp/kegg/xml/KGML_v0.7.2_.dtd">
<!-- Creation date: Feb 24, 2016 14:39:53 +0900 (GMT+9) -->
<pathway name="path:mmu04012" org="mmu" number="04012"
         title="ErbB signaling pathway"
         image="http://www.kegg.jp/kegg/pathway/mmu/mmu04012.png"
         link="http://www.kegg.jp/kegg-bin/show_pathway?mmu04012">
    <entry id="1" name="path:mmu05223" type="map"
        link="http://www.kegg.jp/dbget-bin/www_bget?mmu05223">
        <graphics name="Non-small cell lung cancer" fgcolor="#000000" bgcolor="#FFFFFF"
             type="roundrectangle" x="927" y="143" width="102" height="34"/>
    </entry>
    <entry id="2" name="mmu:14784" type="gene"
        link="http://www.kegg.jp/dbget-bin/www_bget?mmu:14784">
        <graphics name="Grb2, AA408164, Ash" fgcolor="#000000" bgcolor="#BFFFBF"
             type="rectangle" x="424" y="514" width="46" height="17"/>
    </entry>
    <entry id="3" name="mmu:13712" type="gene"
        link="http://www.kegg.jp/dbget-bin/www_bget?mmu:13712">
        <graphics name="Elk1, Elk-1" fgcolor="#000000" bgcolor="#BFFFBF"
             type="rectangle" x="869" y="487" width="46" height="17"/>
    </entry>
    <entry id="4" name="mmu:13869" type="gene"
        link="http://www.kegg.jp/dbget-bin/www_bget?mmu:13869">
        <graphics name="Erbb4, Her4, c-erbB-4" fgcolor="#000000" bgcolor="#BFFFBF"
             type="rectangle" x="200" y="693" width="46" height="17"/>
    </entry>
    <entry id="5" name="mmu:13869" type="gene"
        link="http://www.kegg.jp/dbget-bin/www_bget?mmu:13869">
        <graphics name="Erbb4, Her4, c-erbB-4" fgcolor="#000000" bgcolor="#BFFFBF"
             type="rectangle" x="200" y="606" width="46" height="17"/>
    </entry>
    <entry id="6" name="mmu:13867" type="gene"
        link="http://www.kegg.jp/dbget-bin/www_bget?mmu:13867">
        <graphics name="Erbb3, C76256, Erbb-3, Erbb3r, Her3" fgcolor="#000000" bgcolor="#BFFFBF"
             type="rectangle" x="200" y="528" width="46" height="17"/>
    </entry>
    <entry id="7" name="mmu:13867" type="gene"
        link="http://www.kegg.jp/dbget-bin/www_bget?mmu:13867">
        <graphics name="Erbb3, C76256, Erbb-3, Erbb3r, Her3" fgcolor="#000000" bgcolor="#BFFFBF"
             type="rectangle" x="200" y="444" width="46" height="17"/>
    </entry>
    <entry id="8" name="mmu:20850 mmu:20851" type="gene"
        link="http://www.kegg.jp/dbget-bin/www_bget?mmu:20850+mmu:20851">
        <graphics name="Stat5a, AA959963, STAT5..." fgcolor="#000000" bgcolor="#BFFFBF"
             type="rectangle" x="377" y="539" width="46" height="17"/>
    </entry>
    <entry id="9" name="mmu:13866" type="gene"
        link="http://www.kegg.jp/dbget-bin/www_bget?mmu:13866">
        <graphics name="Erbb2, Erbb-2, HER-2, HER2, Neu, c-erbB2, c-neu, l11Jus8, mKIAA3023" fgcolor="#000000" bgcolor="#BFFFBF"
             type="rectangle" x="200" y="676" width="46" height="17"/>
    </entry>
    <entry id="10" name="mmu:13866" type="gene"
        link="http://www.kegg.jp/dbget-bin/www_bget?mmu:13866">
        <graphics name="Erbb2, Erbb-2, HER-2, HER2, Neu, c-erbB2, c-neu, l11Jus8, mKIAA3023" fgcolor="#000000" bgcolor="#BFFFBF"
             type="rectangle" x="200" y="511" width="46" height="17"/>
    </entry>
    <entry id="11" name="mmu:13866" type="gene"
        link="http://www.kegg.jp/dbget-bin/www_bget?mmu:13866">
        <graphics name="Erbb2, Erbb-2, HER-2, HER2, Neu, c-erbB2, c-neu, l11Jus8, mKIAA3023" fgcolor="#000000" bgcolor="#BFFFBF"
             type="rectangle" x="200" y="366" width="46" height="17"/>
    </entry>
    <entry id="12" name="mmu:13866" type="gene"
        link="http://www.kegg.jp/dbget-bin/www_bget?mmu:13866">
        <graphics name="Erbb2, Erbb-2, HER-2, HER2, Neu, c-erbB2, c-neu, l11Jus8, mKIAA3023" fgcolor="#000000" bgcolor="#BFFFBF"
             type="rectangle" x="200" y="349" width="46" height="17"/>
    </entry>
    <entry id="13" name="mmu:13649" type="gene"
        link="http://www.kegg.jp/dbget-bin/www_bget?mmu:13649">
        <graphics name="Egfr, 9030024J15Rik, AI552599, Erbb, Errb1, Errp, Wa5, wa-2, wa2" fgcolor="#000000" bgcolor="#BFFFBF"
             type="rectangle" x="200" y="268" width="46" height="17"/>
    </entry>
    <entry id="14" name="mmu:13649" type="gene"
        link="http://www.kegg.jp/dbget-bin/www_bget?mmu:13649">
        <graphics name="Egfr, 9030024J15Rik, AI552599, Erbb, Errb1, Errp, Wa5, wa-2, wa2" fgcolor="#000000" bgcolor="#BFFFBF"
             type="rectangle" x="200" y="217" width="46" height="17"/>
    </entry>
    <entry id="15" name="path:mmu05212" type="map"
        link="http://www.kegg.jp/dbget-bin/www_bget?mmu05212">
        <graphics name="Pancreatic cancer" fgcolor="#000000" bgcolor="#FFFFFF"
             type="roundrectangle" x="927" y="93" width="102" height="34"/>
    </entry>
    <entry id="16" name="path:mmu04150" type="map"
        link="http://www.kegg.jp/dbget-bin/www_bget?mmu04150">
        <graphics name="mTOR signaling pathway" fgcolor="#000000" bgcolor="#FFFFFF"
             type="roundrectangle" x="739" y="610" width="102" height="34"/>
    </entry>
    <entry id="17" name="path:mmu05213" type="map"
        link="http://www.kegg.jp/dbget-bin/www_bget?mmu05213">
        <graphics name="Endometrial cancer" fgcolor="#000000" bgcolor="#FFFFFF"
             type="roundrectangle" x="927" y="698" width="102" height="34"/>
    </entry>
    <entry id="18" name="cpd:C00076" type="compound"
        link="http://www.kegg.jp/dbget-bin/www_bget?C00076">
        <graphics name="C00076" fgcolor="#000000" bgcolor="#FFFFFF"
             type="circle" x="559" y="146" width="8" height="8"/>
    </entry>
    <entry id="19" name="cpd:C00165" type="compound"
        link="http://www.kegg.jp/dbget-bin/www_bget?C00165">
        <graphics name="C00165" fgcolor="#000000" bgcolor="#FFFFFF"
             type="circle" x="448" y="193" width="8" height="8"/>
    </entry>
    <entry id="20" name="cpd:C01245" type="compound"
        link="http://www.kegg.jp/dbget-bin/www_bget?C01245">
        <graphics name="C01245" fgcolor="#000000" bgcolor="#FFFFFF"
             type="circle" x="448" y="146" width="8" height="8"/>
    </entry>
    <entry id="21" name="mmu:56637" type="gene"
        link="http://www.kegg.jp/dbget-bin/www_bget?mmu:56637">
        <graphics name="Gsk3b, 7330414F15Rik, 8430431H08Rik, C86142, GSK-3, GSK-3beta, GSK3" fgcolor="#000000" bgcolor="#BFFFBF"
             type="rectangle" x="542" y="655" width="46" height="17"/>
    </entry>
    <entry id="22" name="mmu:13685" type="gene"
        link="http://www.kegg.jp/dbget-bin/www_bget?mmu:13685">
        <graphics name="Eif4ebp1, 4e-bp1, AA959816, PHAS-I" fgcolor="#000000" bgcolor="#BFFFBF"
             type="rectangle" x="619" y="594" width="46" height="17"/>
    </entry>
    <entry id="23" name="mmu:58988 mmu:72508" type="gene"
        link="http://www.kegg.jp/dbget-bin/www_bget?mmu:58988+mmu:72508">
        <graphics name="Rps6kb2, 70kDa, S6K2..." fgcolor="#000000" bgcolor="#BFFFBF"
             type="rectangle" x="619" y="566" width="46" height="17"/>
    </entry>
    <entry id="24" name="mmu:12575" type="gene"
        link="http://www.kegg.jp/dbget-bin/www_bget?mmu:12575">
        <graphics name="Cdkn1a, CAP20, CDKI, CIP1, Cdkn1, P21, SDI1, Waf1, mda6, p21Cip1, p21WAF" fgcolor="#000000" bgcolor="#BFFFBF"
             type="rectangle" x="542" y="712" width="46" height="17"/>
    </entry>
    <entry id="25" name="mmu:12576" type="gene"
        link="http://www.kegg.jp/dbget-bin/www_bget?mmu:12576">
        <graphics name="Cdkn1b, AA408329, AI843786, Kip1, p27, p27Kip1" fgcolor="#000000" bgcolor="#BFFFBF"
             type="rectangle" x="542" y="687" width="46" height="17"/>
    </entry>
    <entry id="26" name="mmu:56717" type="gene"
        link="http://www.kegg.jp/dbget-bin/www_bget?mmu:56717">
        <graphics name="Mtor, 2610315D21Rik, AI327068, FRAP, FRAP2, Frap1, RAFT1, RAPT1, flat" fgcolor="#000000" bgcolor="#BFFFBF"
             type="rectangle" x="542" y="582" width="46" height="17"/>
    </entry>
    <entry id="27" name="mmu:18479 mmu:18481 mmu:214230 mmu:224105 mmu:241656 mmu:70584" type="gene"
        link="http://www.kegg.jp/dbget-bin/www_bget?mmu:18479+mmu:18481+mmu:214230+mmu:224105+mmu:241656+mmu:70584">
        <graphics name="Pak1, AW045634, PAK-1, Paka..." fgcolor="#000000" bgcolor="#BFFFBF"
             type="rectangle" x="549" y="369" width="46" height="17"/>
    </entry>
    <entry id="28" name="mmu:17973 mmu:17974" type="gene"
        link="http://www.kegg.jp/dbget-bin/www_bget?mmu:17973+mmu:17974">
        <graphics name="Nck1, 6330586M15Rik, D230010O13Rik, Nck, Nck-1..." fgcolor="#000000" bgcolor="#BFFFBF"
             type="rectangle" x="454" y="369" width="46" height="17"/>
    </entry>
    <entry id="29" name="mmu:20850 mmu:20851" type="gene"
        link="http://www.kegg.jp/dbget-bin/www_bget?mmu:20850+mmu:20851">
        <graphics name="Stat5a, AA959963, STAT5..." fgcolor="#000000" bgcolor="#BFFFBF"
             type="rectangle" x="502" y="263" width="46" height="17"/>
    </entry>
    <entry id="30" name="mmu:13866" type="gene"
        link="http://www.kegg.jp/dbget-bin/www_bget?mmu:13866">
        <graphics name="Erbb2, Erbb-2, HER-2, HER2, Neu, c-erbB2, c-neu, l11Jus8, mKIAA3023" fgcolor="#000000" bgcolor="#BFFFBF"
             type="rectangle" x="200" y="285" width="46" height="17"/>
    </entry>
    <entry id="31" name="mmu:12015" type="gene"
        link="http://www.kegg.jp/dbget-bin/www_bget?mmu:12015">
        <graphics name="Bad, AI325008, Bbc2" fgcolor="#000000" bgcolor="#BFFFBF"
             type="rectangle" x="542" y="626" width="46" height="17"/>
    </entry>
    <entry id="32" name="mmu:14388" type="gene"
        link="http://www.kegg.jp/dbget-bin/www_bget?mmu:14388">
        <graphics name="Gab1, AA408973, AW107238" fgcolor="#000000" bgcolor="#BFFFBF"
             type="rectangle" x="424" y="591" width="46" height="17"/>
    </entry>
    <entry id="33" name="mmu:21802" type="gene"
        link="http://www.kegg.jp/dbget-bin/www_bget?mmu:21802">
        <graphics name="Tgfa, wa-1, wa1" fgcolor="#000000" bgcolor="#BFFFBF"
             type="rectangle" x="69" y="241" width="46" height="17"/>
    </entry>
    <entry id="34" name="mmu:26398 mmu:26400" type="gene"
        link="http://www.kegg.jp/dbget-bin/www_bget?mmu:26398+mmu:26400">
        <graphics name="Map2k4, JNKK1, MEK4, MKK4, PRKMK4, Sek1, Serk1..." fgcolor="#000000" bgcolor="#BFFFBF"
             type="rectangle" x="653" y="369" width="46" height="17"/>
    </entry>
    <entry id="35" name="mmu:12402 mmu:208650 mmu:80794" type="gene"
        link="http://www.kegg.jp/dbget-bin/www_bget?mmu:12402+mmu:208650+mmu:80794">
        <graphics name="Cbl, 4732447J05Rik, Cbl-2, c-Cbl..." fgcolor="#000000" bgcolor="#BFFFBF"
             type="rectangle" x="508" y="229" width="46" height="17"/>
    </entry>
    <entry id="36" name="mmu:13869" type="gene"
        link="http://www.kegg.jp/dbget-bin/www_bget?mmu:13869">
        <graphics name="Erbb4, Her4, c-erbB-4" fgcolor="#000000" bgcolor="#BFFFBF"
             type="rectangle" x="200" y="589" width="46" height="17"/>
    </entry>
    <entry id="37" name="mmu:13867" type="gene"
        link="http://www.kegg.jp/dbget-bin/www_bget?mmu:13867">
        <graphics name="Erbb3, C76256, Erbb-3, Erbb3r, Her3" fgcolor="#000000" bgcolor="#BFFFBF"
             type="rectangle" x="200" y="427" width="46" height="17"/>
    </entry>
    <entry id="38" name="mmu:18183" type="gene"
        link="http://www.kegg.jp/dbget-bin/www_bget?mmu:18183">
        <graphics name="Nrg3, ska" fgcolor="#000000" bgcolor="#BFFFBF"
             type="rectangle" x="69" y="632" width="46" height="17"/>
    </entry>
    <entry id="39" name="mmu:100042150" type="gene"
        link="http://www.kegg.jp/dbget-bin/www_bget?mmu:100042150">
        <graphics name="Nrg2, Don1, NTAK" fgcolor="#000000" bgcolor="#BFFFBF"
             type="rectangle" x="69" y="540" width="46" height="17"/>
    </entry>
    <entry id="40" name="mmu:13712" type="gene"
        link="http://www.kegg.jp/dbget-bin/www_bget?mmu:13712">
        <graphics name="Elk1, Elk-1" fgcolor="#000000" bgcolor="#BFFFBF"
             type="rectangle" x="869" y="380" width="46" height="17"/>
    </entry>
    <entry id="41" name="mmu:26414 mmu:26419 mmu:26420" type="gene"
        link="http://www.kegg.jp/dbget-bin/www_bget?mmu:26414+mmu:26419+mmu:26420">
        <graphics name="Mapk10, C230008H04Rik, JNK3, JNK3B1, JNK3B2, SAPK(beta), Serk2, p493F12, p54bSAPK..." fgcolor="#000000" bgcolor="#BFFFBF"
             type="rectangle" x="758" y="369" width="46" height="17"/>
    </entry>
    <entry id="42" name="mmu:12928 mmu:12929" type="gene"
        link="http://www.kegg.jp/dbget-bin/www_bget?mmu:12928+mmu:12929">
        <graphics name="Crk, Crk-I, Crk-II, Crk-III, Crk3, CrkIII, Crko, c-Crk, p38..." fgcolor="#000000" bgcolor="#BFFFBF"
             type="rectangle" x="473" y="335" width="46" height="17"/>
    </entry>
    <entry id="43" name="mmu:14083" type="gene"
        link="http://www.kegg.jp/dbget-bin/www_bget?mmu:14083">
        <graphics name="Ptk2, FAK, FRNK, Fadk, mKIAA4203, p125FAK" fgcolor="#000000" bgcolor="#BFFFBF"
             type="rectangle" x="584" y="299" width="46" height="17"/>
    </entry>
    <entry id="44" name="mmu:20662 mmu:20663" type="gene"
        link="http://www.kegg.jp/dbget-bin/www_bget?mmu:20662+mmu:20663">
        <graphics name="Sos1, 4430401P03Rik, 9630010N06, AI449023..." fgcolor="#000000" bgcolor="#BFFFBF"
             type="rectangle" x="469" y="476" width="46" height="17"/>
    </entry>
    <entry id="45" name="mmu:14784" type="gene"
        link="http://www.kegg.jp/dbget-bin/www_bget?mmu:14784">
        <graphics name="Grb2, AA408164, Ash" fgcolor="#000000" bgcolor="#BFFFBF"
             type="rectangle" x="389" y="476" width="46" height="17"/>
    </entry>
    <entry id="46" name="mmu:20416 mmu:20418 mmu:216148 mmu:271849" type="gene"
        link="http://www.kegg.jp/dbget-bin/www_bget?mmu:20416+mmu:20418+mmu:216148+mmu:271849">
        <graphics name="Shc1, Shc, ShcA, p66, p66shc..." fgcolor="#000000" bgcolor="#BFFFBF"
             type="rectangle" x="317" y="476" width="46" height="17"/>
    </entry>
    <entry id="47" name="mmu:18750 mmu:18751 mmu:18752" type="gene"
        link="http://www.kegg.jp/dbget-bin/www_bget?mmu:18750+mmu:18751+mmu:18752">
        <graphics name="Prkca, AI875142, Pkca..." fgcolor="#000000" bgcolor="#BFFFBF"
             type="rectangle" x="621" y="194" width="46" height="17"/>
    </entry>
    <entry id="48" name="mmu:108058 mmu:12322 mmu:12323 mmu:12325" type="gene"
        link="http://www.kegg.jp/dbget-bin/www_bget?mmu:108058+mmu:12322+mmu:12323+mmu:12325">
        <graphics name="Camk2d, 2810011D23Rik, 8030469K03Rik, CaMK_II, [d]-CaMKII..." fgcolor="#000000" bgcolor="#BFFFBF"
             type="rectangle" x="621" y="147" width="46" height="17"/>
    </entry>
    <entry id="49" name="mmu:18803 mmu:234779" type="gene"
        link="http://www.kegg.jp/dbget-bin/www_bget?mmu:18803+mmu:234779">
        <graphics name="Plcg1, AI894140, Cded, Plc-1, Plc-gamma1, Plcg-1..." fgcolor="#000000" bgcolor="#BFFFBF"
             type="rectangle" x="391" y="169" width="46" height="17"/>
    </entry>
    <entry id="50" name="mmu:15200" type="gene"
        link="http://www.kegg.jp/dbget-bin/www_bget?mmu:15200">
        <graphics name="Hbegf, AW047313, Dtr, Dts, Hegfl" fgcolor="#000000" bgcolor="#BFFFBF"
             type="rectangle" x="69" y="373" width="46" height="17"/>
    </entry>
    <entry id="51" name="mmu:211323" type="gene"
        link="http://www.kegg.jp/dbget-bin/www_bget?mmu:211323">
        <graphics name="Nrg1, 6030402G23Rik, ARIA, D230005F13Rik, GGF, GGFII, HRG, HRGalpha, Hgl, NDF, SMDF" fgcolor="#000000" bgcolor="#BFFFBF"
             type="rectangle" x="69" y="516" width="46" height="17"/>
    </entry>
    <entry id="52" name="mmu:13874" type="gene"
        link="http://www.kegg.jp/dbget-bin/www_bget?mmu:13874">
        <graphics name="Ereg, EPR" fgcolor="#000000" bgcolor="#BFFFBF"
             type="rectangle" x="69" y="397" width="46" height="17"/>
    </entry>
    <entry id="53" name="mmu:12223" type="gene"
        link="http://www.kegg.jp/dbget-bin/www_bget?mmu:12223">
        <graphics name="Btc, Bcn" fgcolor="#000000" bgcolor="#BFFFBF"
             type="rectangle" x="69" y="349" width="46" height="17"/>
    </entry>
    <entry id="54" name="path:mmu05214" type="map"
        link="http://www.kegg.jp/dbget-bin/www_bget?mmu05214">
        <graphics name="Glioma" fgcolor="#000000" bgcolor="#FFFFFF"
             type="roundrectangle" x="927" y="641" width="102" height="34"/>
    </entry>
    <entry id="55" name="cpd:C05981" type="compound"
        link="http://www.kegg.jp/dbget-bin/www_bget?C05981">
        <graphics name="C05981" fgcolor="#000000" bgcolor="#FFFFFF"
             type="circle" x="385" y="649" width="8" height="8"/>
    </entry>
    <entry id="56" name="mmu:16476" type="gene"
        link="http://www.kegg.jp/dbget-bin/www_bget?mmu:16476">
        <graphics name="Jun, AP-1, Junc, c-jun" fgcolor="#000000" bgcolor="#BFFFBF"
             type="rectangle" x="869" y="357" width="46" height="17"/>
    </entry>
    <entry id="57" name="mmu:11350 mmu:11352" type="gene"
        link="http://www.kegg.jp/dbget-bin/www_bget?mmu:11350+mmu:11352">
        <graphics name="Abl1, AI325092, Abl, E430008G22Rik, c-Abl..." fgcolor="#000000" bgcolor="#BFFFBF"
             type="rectangle" x="568" y="335" width="46" height="17"/>
    </entry>
    <entry id="58" name="mmu:18706 mmu:18707 mmu:18708 mmu:18709 mmu:18710 mmu:74769" type="gene"
        link="http://www.kegg.jp/dbget-bin/www_bget?mmu:18706+mmu:18707+mmu:18708+mmu:18709+mmu:18710+mmu:74769">
        <graphics name="Pik3ca, 6330412C24Rik, caPI3K, p110, p110alpha..." fgcolor="#000000" bgcolor="#BFFFBF"
             type="rectangle" x="322" y="650" width="46" height="17"/>
    </entry>
    <entry id="59" name="mmu:11651 mmu:11652 mmu:23797" type="gene"
        link="http://www.kegg.jp/dbget-bin/www_bget?mmu:11651+mmu:11652+mmu:23797">
        <graphics name="Akt1, Akt, LTR-akt, PKB, PKB/Akt, PKBalpha, Rac..." fgcolor="#000000" bgcolor="#BFFFBF"
             type="rectangle" x="453" y="650" width="46" height="17"/>
    </entry>
    <entry id="60" name="mmu:13649" type="gene"
        link="http://www.kegg.jp/dbget-bin/www_bget?mmu:13649">
        <graphics name="Egfr, 9030024J15Rik, AI552599, Erbb, Errb1, Errp, Wa5, wa-2, wa2" fgcolor="#000000" bgcolor="#BFFFBF"
             type="rectangle" x="200" y="200" width="46" height="17"/>
    </entry>
    <entry id="61" name="path:mmu04020" type="map"
        link="http://www.kegg.jp/dbget-bin/www_bget?mmu04020">
        <graphics name="Calcium signaling pathway" fgcolor="#000000" bgcolor="#FFFFFF"
             type="roundrectangle" x="356" y="125" width="112" height="34"/>
    </entry>
    <entry id="62" name="path:mmu04010" type="map"
        link="http://www.kegg.jp/dbget-bin/www_bget?mmu04010">
        <graphics name="MAPK signaling pathway" fgcolor="#000000" bgcolor="#FFFFFF"
             type="roundrectangle" x="704" y="419" width="102" height="34"/>
    </entry>
    <entry id="63" name="mmu:20779" type="gene"
        link="http://www.kegg.jp/dbget-bin/www_bget?mmu:20779">
        <graphics name="Src, AW259666, pp60c-src" fgcolor="#000000" bgcolor="#BFFFBF"
             type="rectangle" x="490" y="299" width="46" height="17"/>
    </entry>
    <entry id="64" name="mmu:83961" type="gene"
        link="http://www.kegg.jp/dbget-bin/www_bget?mmu:83961">
        <graphics name="Nrg4, AI552600" fgcolor="#000000" bgcolor="#BFFFBF"
             type="rectangle" x="69" y="655" width="46" height="17"/>
    </entry>
    <entry id="65" name="mmu:17869" type="gene"
        link="http://www.kegg.jp/dbget-bin/www_bget?mmu:17869">
        <graphics name="Myc, AU016757, Myc2, Niard, Nird, bHLHe39" fgcolor="#000000" bgcolor="#BFFFBF"
             type="rectangle" x="869" y="464" width="46" height="17"/>
    </entry>
    <entry id="66" name="mmu:11839" type="gene"
        link="http://www.kegg.jp/dbget-bin/www_bget?mmu:11839">
        <graphics name="Areg, AR, Mcub, Sdgf" fgcolor="#000000" bgcolor="#BFFFBF"
             type="rectangle" x="69" y="265" width="46" height="17"/>
    </entry>
    <entry id="67" name="mmu:13645" type="gene"
        link="http://www.kegg.jp/dbget-bin/www_bget?mmu:13645">
        <graphics name="Egf, AI790464" fgcolor="#000000" bgcolor="#BFFFBF"
             type="rectangle" x="69" y="217" width="46" height="17"/>
    </entry>
    <entry id="68" name="path:mmu04012" type="map"
        link="http://www.kegg.jp/dbget-bin/www_bget?mmu04012">
        <graphics name="TITLE:ErbB signaling pathway" fgcolor="#000000" bgcolor="#FFFFFF"
             type="roundrectangle" x="147" y="58" width="214" height="25"/>
    </entry>
    <entry id="69" name="path:mmu04110" type="map"
        link="http://www.kegg.jp/dbget-bin/www_bget?mmu04110">
        <graphics name="Cell cycle" fgcolor="#000000" bgcolor="#FFFFFF"
             type="roundrectangle" x="739" y="698" width="103" height="34"/>
    </entry>
    <entry id="70" name="mmu:26413 mmu:26417" type="gene"
        link="http://www.kegg.jp/dbget-bin/www_bget?mmu:26413+mmu:26417">
        <graphics name="Mapk1, 9030612K14Rik, AA407128, AU018647, C78273, ERK, Erk2, MAPK2, PRKM2, Prkm1, p41mapk, p42mapk..." fgcolor="#000000" bgcolor="#BFFFBF"
             type="rectangle" x="758" y="476" width="46" height="17"/>
    </entry>
    <entry id="71" name="mmu:26395 mmu:26396" type="gene"
        link="http://www.kegg.jp/dbget-bin/www_bget?mmu:26395+mmu:26396">
        <graphics name="Map2k1, MAPKK1, MEKK1, Mek1, Prkmk1..." fgcolor="#000000" bgcolor="#BFFFBF"
             type="rectangle" x="685" y="476" width="46" height="17"/>
    </entry>
    <entry id="72" name="mmu:109880 mmu:110157 mmu:11836" type="gene"
        link="http://www.kegg.jp/dbget-bin/www_bget?mmu:109880+mmu:110157+mmu:11836">
        <graphics name="Braf, 9930012E13Rik, AA120551, AA387315, AA473386, B-raf, Braf-2, Braf2, C230098H17, C87398, D6Ertd631e..." fgcolor="#000000" bgcolor="#BFFFBF"
             type="rectangle" x="613" y="476" width="46" height="17"/>
    </entry>
    <entry id="73" name="mmu:15461 mmu:16653 mmu:18176" type="gene"
        link="http://www.kegg.jp/dbget-bin/www_bget?mmu:15461+mmu:16653+mmu:18176">
        <graphics name="Hras, H-ras, Ha-ras, Harvey-ras, Hras-1, Hras1, Kras2, c-H-ras, c-Ha-ras, c-rasHa, ras..." fgcolor="#000000" bgcolor="#BFFFBF"
             type="rectangle" x="542" y="476" width="46" height="17"/>
    </entry>
    <entry id="74" name="path:mmu04151" type="map"
        link="http://www.kegg.jp/dbget-bin/www_bget?mmu04151">
        <graphics name="PI3K-Akt signaling pathway" fgcolor="#000000" bgcolor="#FFFFFF"
             type="roundrectangle" x="384" y="699" width="102" height="34"/>
    </entry>
    <entry id="75" name="undefined" type="group">
        <graphics fgcolor="#000000" bgcolor="#FFFFFF"
             type="rectangle" x="200" y="208" width="46" height="34"/>
        <component id="14"/>
        <component id="60"/>
    </entry>
    <entry id="76" name="undefined" type="group">
        <graphics fgcolor="#000000" bgcolor="#FFFFFF"
             type="rectangle" x="200" y="597" width="46" height="34"/>
        <component id="36"/>
        <component id="5"/>
    </entry>
    <entry id="77" name="undefined" type="group">
        <graphics fgcolor="#000000" bgcolor="#FFFFFF"
             type="rectangle" x="200" y="435" width="46" height="34"/>
        <component id="37"/>
        <component id="7"/>
    </entry>
    <entry id="78" name="undefined" type="group">
        <graphics fgcolor="#000000" bgcolor="#FFFFFF"
             type="rectangle" x="200" y="357" width="46" height="34"/>
        <component id="11"/>
        <component id="12"/>
    </entry>
    <entry id="79" name="undefined" type="group">
        <graphics fgcolor="#000000" bgcolor="#FFFFFF"
             type="rectangle" x="200" y="519" width="46" height="34"/>
        <component id="10"/>
        <component id="6"/>
    </entry>
    <entry id="80" name="undefined" type="group">
        <graphics fgcolor="#000000" bgcolor="#FFFFFF"
             type="rectangle" x="200" y="684" width="46" height="34"/>
        <component id="4"/>
        <component id="9"/>
    </entry>
    <relation entry1="49" entry2="48" type="PPrel">
        <subtype name="compound" value="20"/>
    </relation>
    <relation entry1="49" entry2="47" type="PPrel">
        <subtype name="compound" value="19"/>
    </relation>
    <relation entry1="58" entry2="59" type="PPrel">
        <subtype name="compound" value="55"/>
    </relation>
    <relation entry1="67" entry2="75" type="PPrel">
        <subtype name="activation" value="--&gt;"/>
    </relation>
    <relation entry1="67" entry2="13" type="PPrel">
        <subtype name="activation" value="--&gt;"/>
    </relation>
    <relation entry1="33" entry2="75" type="PPrel">
        <subtype name="activation" value="--&gt;"/>
    </relation>
    <relation entry1="33" entry2="13" type="PPrel">
        <subtype name="activation" value="--&gt;"/>
    </relation>
    <relation entry1="66" entry2="75" type="PPrel">
        <subtype name="activation" value="--&gt;"/>
    </relation>
    <relation entry1="66" entry2="13" type="PPrel">
        <subtype name="activation" value="--&gt;"/>
    </relation>
    <relation entry1="53" entry2="75" type="PPrel">
        <subtype name="activation" value="--&gt;"/>
    </relation>
    <relation entry1="53" entry2="13" type="PPrel">
        <subtype name="activation" value="--&gt;"/>
    </relation>
    <relation entry1="53" entry2="76" type="PPrel">
        <subtype name="activation" value="--&gt;"/>
    </relation>
    <relation entry1="53" entry2="4" type="PPrel">
        <subtype name="activation" value="--&gt;"/>
    </relation>
    <relation entry1="50" entry2="75" type="PPrel">
        <subtype name="activation" value="--&gt;"/>
    </relation>
    <relation entry1="50" entry2="13" type="PPrel">
        <subtype name="activation" value="--&gt;"/>
    </relation>
    <relation entry1="50" entry2="76" type="PPrel">
        <subtype name="activation" value="--&gt;"/>
    </relation>
    <relation entry1="50" entry2="4" type="PPrel">
        <subtype name="activation" value="--&gt;"/>
    </relation>
    <relation entry1="52" entry2="75" type="PPrel">
        <subtype name="activation" value="--&gt;"/>
    </relation>
    <relation entry1="52" entry2="13" type="PPrel">
        <subtype name="activation" value="--&gt;"/>
    </relation>
    <relation entry1="52" entry2="76" type="PPrel">
        <subtype name="activation" value="--&gt;"/>
    </relation>
    <relation entry1="52" entry2="4" type="PPrel">
        <subtype name="activation" value="--&gt;"/>
    </relation>
    <relation entry1="51" entry2="77" type="PPrel">
        <subtype name="activation" value="--&gt;"/>
    </relation>
    <relation entry1="51" entry2="6" type="PPrel">
        <subtype name="activation" value="--&gt;"/>
    </relation>
    <relation entry1="51" entry2="76" type="PPrel">
        <subtype name="activation" value="--&gt;"/>
    </relation>
    <relation entry1="51" entry2="4" type="PPrel">
        <subtype name="activation" value="--&gt;"/>
    </relation>
    <relation entry1="39" entry2="77" type="PPrel">
        <subtype name="activation" value="--&gt;"/>
    </relation>
    <relation entry1="39" entry2="6" type="PPrel">
        <subtype name="activation" value="--&gt;"/>
    </relation>
    <relation entry1="39" entry2="76" type="PPrel">
        <subtype name="activation" value="--&gt;"/>
    </relation>
    <relation entry1="39" entry2="4" type="PPrel">
        <subtype name="activation" value="--&gt;"/>
    </relation>
    <relation entry1="38" entry2="76" type="PPrel">
        <subtype name="activation" value="--&gt;"/>
    </relation>
    <relation entry1="38" entry2="4" type="PPrel">
        <subtype name="activation" value="--&gt;"/>
    </relation>
    <relation entry1="64" entry2="76" type="PPrel">
        <subtype name="activation" value="--&gt;"/>
    </relation>
    <relation entry1="64" entry2="4" type="PPrel">
        <subtype name="activation" value="--&gt;"/>
    </relation>
    <relation entry1="75" entry2="49" type="PPrel">
        <subtype name="activation" value="--&gt;"/>
        <subtype name="phosphorylation" value="+p"/>
    </relation>
    <relation entry1="75" entry2="35" type="PPrel">
        <subtype name="activation" value="--&gt;"/>
        <subtype name="phosphorylation" value="+p"/>
    </relation>
    <relation entry1="75" entry2="29" type="PPrel">
        <subtype name="activation" value="--&gt;"/>
        <subtype name="phosphorylation" value="+p"/>
    </relation>
    <relation entry1="75" entry2="42" type="PPrel">
        <subtype name="activation" value="--&gt;"/>
        <subtype name="phosphorylation" value="+p"/>
    </relation>
    <relation entry1="60" entry2="46" type="PPrel">
        <subtype name="activation" value="--&gt;"/>
        <subtype name="phosphorylation" value="+p"/>
    </relation>
    <relation entry1="75" entry2="63" type="PPrel">
        <subtype name="activation" value="--&gt;"/>
    </relation>
    <relation entry1="75" entry2="28" type="PPrel">
        <subtype name="indirect effect" value="..&gt;"/>
    </relation>
    <relation entry1="13" entry2="49" type="PPrel">
        <subtype name="activation" value="--&gt;"/>
        <subtype name="phosphorylation" value="+p"/>
    </relation>
    <relation entry1="13" entry2="29" type="PPrel">
        <subtype name="activation" value="--&gt;"/>
        <subtype name="phosphorylation" value="+p"/>
    </relation>
    <relation entry1="13" entry2="42" type="PPrel">
        <subtype name="activation" value="--&gt;"/>
        <subtype name="phosphorylation" value="+p"/>
    </relation>
    <relation entry1="13" entry2="46" type="PPrel">
        <subtype name="activation" value="--&gt;"/>
        <subtype name="phosphorylation" value="+p"/>
    </relation>
    <relation entry1="13" entry2="63" type="PPrel">
        <subtype name="activation" value="--&gt;"/>
    </relation>
    <relation entry1="13" entry2="45" type="PPrel">
        <subtype name="activation" value="--&gt;"/>
    </relation>
    <relation entry1="75" entry2="45" type="PPrel">
        <subtype name="activation" value="--&gt;"/>
    </relation>
    <relation entry1="75" entry2="2" type="PPrel">
        <subtype name="activation" value="--&gt;"/>
    </relation>
    <relation entry1="13" entry2="2" type="PPrel">
        <subtype name="activation" value="--&gt;"/>
    </relation>
    <relation entry1="78" entry2="46" type="PPrel">
        <subtype name="activation" value="--&gt;"/>
        <subtype name="phosphorylation" value="+p"/>
    </relation>
    <relation entry1="78" entry2="45" type="PPrel">
        <subtype name="activation" value="--&gt;"/>
    </relation>
    <relation entry1="79" entry2="46" type="PPrel">
        <subtype name="activation" value="--&gt;"/>
        <subtype name="phosphorylation" value="+p"/>
    </relation>
    <relation entry1="79" entry2="45" type="PPrel">
        <subtype name="activation" value="--&gt;"/>
    </relation>
    <relation entry1="6" entry2="58" type="PPrel">
        <subtype name="activation" value="--&gt;"/>
    </relation>
    <relation entry1="76" entry2="46" type="PPrel">
        <subtype name="activation" value="--&gt;"/>
        <subtype name="phosphorylation" value="+p"/>
    </relation>
    <relation entry1="76" entry2="45" type="PPrel">
        <subtype name="activation" value="--&gt;"/>
    </relation>
    <relation entry1="76" entry2="58" type="PPrel">
        <subtype name="activation" value="--&gt;"/>
    </relation>
    <relation entry1="80" entry2="46" type="PPrel">
        <subtype name="activation" value="--&gt;"/>
        <subtype name="phosphorylation" value="+p"/>
    </relation>
    <relation entry1="80" entry2="45" type="PPrel">
        <subtype name="activation" value="--&gt;"/>
    </relation>
    <relation entry1="80" entry2="58" type="PPrel">
        <subtype name="activation" value="--&gt;"/>
    </relation>
    <relation entry1="63" entry2="43" type="PPrel">
        <subtype name="activation" value="--&gt;"/>
        <subtype name="phosphorylation" value="+p"/>
    </relation>
    <relation entry1="42" entry2="57" type="PPrel">
        <subtype name="activation" value="--&gt;"/>
    </relation>
    <relation entry1="28" entry2="27" type="PPrel">
        <subtype name="activation" value="--&gt;"/>
    </relation>
    <relation entry1="27" entry2="34" type="PPrel">
        <subtype name="indirect effect" value="..&gt;"/>
    </relation>
    <relation entry1="34" entry2="41" type="PPrel">
        <subtype name="activation" value="--&gt;"/>
        <subtype name="phosphorylation" value="+p"/>
    </relation>
    <relation entry1="41" entry2="56" type="PPrel">
        <subtype name="activation" value="--&gt;"/>
        <subtype name="phosphorylation" value="+p"/>
    </relation>
    <relation entry1="41" entry2="40" type="PPrel">
        <subtype name="activation" value="--&gt;"/>
        <subtype name="phosphorylation" value="+p"/>
    </relation>
    <relation entry1="46" entry2="45" type="PPrel">
        <subtype name="activation" value="--&gt;"/>
    </relation>
    <relation entry1="45" entry2="44" type="PPrel">
        <subtype name="activation" value="--&gt;"/>
    </relation>
    <relation entry1="44" entry2="73" type="PPrel">
        <subtype name="activation" value="--&gt;"/>
    </relation>
    <relation entry1="73" entry2="72" type="PPrel">
        <subtype name="activation" value="--&gt;"/>
    </relation>
    <relation entry1="72" entry2="71" type="PPrel">
        <subtype name="activation" value="--&gt;"/>
        <subtype name="phosphorylation" value="+p"/>
    </relation>
    <relation entry1="71" entry2="70" type="PPrel">
        <subtype name="activation" value="--&gt;"/>
        <subtype name="phosphorylation" value="+p"/>
    </relation>
    <relation entry1="70" entry2="65" type="PPrel">
        <subtype name="activation" value="--&gt;"/>
        <subtype name="phosphorylation" value="+p"/>
    </relation>
    <relation entry1="70" entry2="3" type="PPrel">
        <subtype name="activation" value="--&gt;"/>
        <subtype name="phosphorylation" value="+p"/>
    </relation>
    <relation entry1="4" entry2="8" type="PPrel">
        <subtype name="activation" value="--&gt;"/>
        <subtype name="phosphorylation" value="+p"/>
    </relation>
    <relation entry1="2" entry2="32" type="PPrel">
        <subtype name="activation" value="--&gt;"/>
    </relation>
    <relation entry1="32" entry2="58" type="PPrel">
        <subtype name="activation" value="--&gt;"/>
    </relation>
    <relation entry1="59" entry2="26" type="PPrel">
        <subtype name="activation" value="--&gt;"/>
        <subtype name="phosphorylation" value="+p"/>
    </relation>
    <relation entry1="26" entry2="23" type="PPrel">
        <subtype name="activation" value="--&gt;"/>
        <subtype name="phosphorylation" value="+p"/>
    </relation>
    <relation entry1="26" entry2="22" type="PPrel">
        <subtype name="inhibition" value="--|"/>
        <subtype name="phosphorylation" value="+p"/>
    </relation>
    <relation entry1="59" entry2="31" type="PPrel">
        <subtype name="inhibition" value="--|"/>
        <subtype name="phosphorylation" value="+p"/>
    </relation>
    <relation entry1="59" entry2="21" type="PPrel">
        <subtype name="inhibition" value="--|"/>
        <subtype name="phosphorylation" value="+p"/>
    </relation>
    <relation entry1="59" entry2="25" type="PPrel">
        <subtype name="inhibition" value="--|"/>
        <subtype name="phosphorylation" value="+p"/>
    </relation>
    <relation entry1="59" entry2="24" type="PPrel">
        <subtype name="inhibition" value="--|"/>
        <subtype name="phosphorylation" value="+p"/>
    </relation>
</pathway>
